"id";"name";"nation";"position";"Squad";"age";"born";"MP";"Min";"Mn/MP";"Min%";"90s";"Starts";"Mn/Start";"Subs";"Mn/Sub";"unSub";"PPM";"onG";"onGA";"+/-";"+/-90";"On-Off";"onxG";"onxGA";"xG+/-";"xG+/-90";"On-Off-ex";"Matches"
1;Mohamed Abarhoun\Mohamed-Abarhoun;ma MAR;DF;Rizespor;30;1989;20;1738;87;84.0;19.3;19;90;1;28;3;1.20;20;29;-9;-0.47;+1.16;Matches
2;Aymen Abdennour\Aymen-Abdennour;tn TUN;DF;Kayserispor;29;1989;12;901;75;41.7;10.0;11;81;1;8;3;0.67;8;21;-13;-1.30;-0.01;Matches
3;Tolgahan Acar\Tolgahan-Acar;tr TUR;GK;Denizlispor;33;1986;0;;;;;0;;0;;22;;;;;;;Matches
4;Yusuf Acer\Yusuf-Acer;tr TUR;DF;Rizespor;22;1997;0;;;;;0;;0;;6;;;;;;;Matches
5;Mertcan Açıkgöz\Mertcan-Acikgoz;tr TUR;MF;Beşiktaş;19;1999;0;;;;;0;;0;;1;;;;;;;Matches
6;Afriyie Acquah\Afriyie-Acquah;gh GHA;MF;Yeni Mal'spor;27;1992;18;1434;80;69.3;15.9;16;86;2;27;1;1.11;27;23;+4;+0.25;+0.68;Matches
7;Emmanuel Adebayor\Emmanuel-Adebayor;tg TOG;FW;Kayserispor;35;1984;8;670;84;31.0;7.4;8;84;0;;0;0.63;9;15;-6;-0.81;+0.70;Matches
8;Übeyd Adıyaman\Ubeyd-Adiyaman;tr TUR;GK;Gençlerbirliği;21;1997;0;;;;;0;;0;;12;;;;;;;Matches
9;Adryan\Adryan;br BRA;FWMF;Kayserispor;24;1994;3;91;30;4.2;1.0;0;;3;30;2;0.67;1;1;0;0.00;+1.35;Matches
10;Sedat Ağçay\Sedat-Agcay;tr TUR;MF;Ankaragücü;37;1981;19;1413;74;62.8;15.7;19;74;0;;4;0.89;12;24;-12;-0.76;+0.42;Matches
11;Ismaïl Aissati\Ismail-Aissati;ma MAR;MF;Denizlispor;30;1988;23;1733;75;80.2;19.3;19;81;4;48;0;1.13;21;22;-1;-0.05;+1.63;Matches
12;Mahmut Akan\Mahmut-Akan;tr TUR;FW;Ankaragücü;26;1993;0;;;;;0;;0;;13;;;;;;;Matches
13;Emre Akbaba\Emre-Akbaba;tr TUR;MF;Galatasaray;26;1992;7;412;59;19.1;4.6;5;79;2;9;0;3.00;12;2;+10;+2.18;+1.46;Matches
14;Mustafa Akbaş\Mustafa-Akbas;tr TUR;DF;Yeni Mal'spor;29;1990;14;1144;82;55.3;12.7;13;87;1;18;6;1.07;20;15;+5;+0.39;+0.78;Matches
15;Abdulcebrail Akbulut\Abdulcebrail-Akbulut;tr TUR;DF;Fenerbahçe;17;2001;0;;;;;0;;0;;1;;;;;;;Matches
16;Arda Akbulut\Arda-Akbulut;tr TUR;GK;Trabzonspor;18;2001;0;;;;;0;;0;;3;;;;;;;Matches
17;Halil Akbunar\Halil-Akbunar;tr TUR;MFFW;Göztepe;25;1993;23;1511;66;73.0;16.8;17;80;6;26;0;1.48;22;20;+2;+0.12;-0.20;Matches
18;Yunus Akgün\Yunus-Akgun;tr TUR;FW;Galatasaray;19;2000;1;7;7;0.3;0.1;0;;1;7;3;3.00;0;1;-1;-12.86;-13.90;Matches
19;Gökhan Akkan\Gokhan-Akkan;tr TUR;GK;Rizespor;24;1995;20;1766;88;85.3;19.6;20;88;0;;0;0.90;20;36;-16;-0.82;-1.11;Matches
20;Atakan Akkaynak\Atakan-Akkaynak;de GER;MF;Rizespor;20;1999;1;9;9;0.4;0.1;0;;1;9;19;0.00;0;0;0;0.00;+0.66;Matches
21;Fatih Aksoy\Fatih-Aksoy;tr TUR;MF;Sivasspor;21;1997;15;1242;83;57.5;13.8;15;83;0;;8;2.20;23;12;+11;+0.80;+0.01;Matches
22;Asım Aksungur\Asim-Aksungur;tr TUR;MF;Denizlispor;18;2000;0;;;;;0;;0;;1;;;;;;;Matches
23;Aksel Aktas\Aksel-Aktas;tr TUR;MF;Kayserispor;20;1999;10;151;15;7.0;1.7;1;65;9;10;9;0.80;1;9;-8;-4.77;-3.74;Matches
24;Kubilay Aktaş\Kubilay-Aktas;tr TUR;MFDF;Gaziantep FK;24;1995;2;180;90;8.3;2.0;2;90;0;;22;1.50;2;1;+1;+0.50;+0.73;Matches
25;Ufuk Akyol\Ufuk-Akyol;de GER;MF;Antalyaspor;21;1997;19;1380;73;63.9;15.3;17;80;2;12;4;1.05;13;27;-14;-0.91;-0.80;Matches
26;Kerem Akyüz\Kerem-Akyuz;tr TUR;DFGK;Denizlispor;30;1989;0;;;;;0;;0;;11;;;;;;;Matches
27;Mehmet Akyüz\Mehmet-Akyuz;tr TUR;FW;Denizlispor;33;1986;7;172;25;8.0;1.9;1;90;6;14;9;1.00;4;4;0;0.00;+0.41;Matches
28;Burak Albayrak\Burak-Albayrak;tr TUR;DF;Rizespor;21;1998;1;90;90;4.3;1.0;1;90;0;;22;0.00;1;2;-1;-1.00;-0.36;Matches
29;Eren Albayrak\Eren-Albayrak;tr TUR;DF;Antalyaspor;28;1991;9;669;74;31.0;7.4;7;88;2;27;11;0.56;5;14;-9;-1.21;-0.85;Matches
30;Danijel Aleksić\Danijel-Aleksic;rs SRB;MF;Başakşehir;28;1991;15;736;49;34.1;8.2;7;83;8;20;1;2.13;17;7;+10;+1.22;+0.46;Matches
31;Doğan Alemdar\Dogan-Alemdar;tr TUR;GK;Kayserispor;16;2002;0;;;;;0;;0;;4;;;;;;;Matches
32;Hasan Ali Kaldırım\Hasan-Ali-Kaldirim;tr TUR;DF;Fenerbahçe;29;1989;9;715;79;33.1;7.9;8;89;1;0;2;1.67;17;12;+5;+0.63;+0.13;Matches
33;Ömer Ali Şahiner\Omer-Ali-Sahiner;tr TUR;MFFW;Konyaspor;27;1992;22;1868;85;86.5;20.8;22;85;0;;0;0.95;17;26;-9;-0.43;+0.80;Matches
34;Barış Alıcı\Baris-Alici;tr TUR;MF;Rizespor;22;1997;7;138;20;6.7;1.5;0;;7;20;10;0.86;2;7;-5;-3.26;-2.80;Matches
35;Ziya Alkurt\Ziya-Alkurt;tr TUR;MF;Kayserispor;28;1990;11;702;64;32.5;7.8;6;79;5;45;5;0.55;6;15;-9;-1.15;+0.20;Matches
36;Ömer Alper Tatlısu\Omer-Alper-Tatlisu;tr TUR;DF;Gençlerbirliği;22;1997;0;;;;;0;;0;;3;;;;;;;Matches
37;Harun Alpsoy\Harun-Alpsoy;ch SUI;MF;Antalyaspor;22;1997;3;35;12;1.6;0.4;0;;3;12;21;2.00;0;0;0;0.00;+0.64;Matches
38;Gökhan Alsan\Gokhan-Alsan;tr TUR;MF;Gaziantep FK;29;1990;1;13;13;0.6;0.1;0;;1;13;2;3.00;0;0;0;0.00;+0.17;Matches
39;Mahmut Altınkaya\Mahmut-Altinkaya;tr TUR;MF;Ankaragücü;19;2000;0;;;;;0;;0;;1;;;;;;;Matches
40;Emircan Altıntaş\Emircan-Altintas;tr TUR;MF;Alanyaspor;24;1995;1;15;15;0.7;0.2;0;;1;15;6;0.00;0;1;-1;-6.00;-6.80;Matches
41;Hüseyin Altıntaş\Huseyin-Altintas;tr TUR;GK;Denizlispor;24;1994;1;;0;0.0;0.0;0;;1;0;8;1.00;1;1;0;;;Matches
42;Amilton\Amilton;br BRA;MFFW;Antalyaspor;29;1989;18;1262;70;58.4;14.0;14;81;4;33;1;1.00;13;27;-14;-1.00;-0.90;Matches
43;Florin Andone\Florin-Andone;ro ROU;FW;Galatasaray;26;1993;7;462;66;21.4;5.1;6;75;1;11;3;2.00;6;3;+3;+0.58;-0.53;Matches
44;Diego Ângelo\Diego-Angelo;br BRA;DF;Antalyaspor;33;1986;15;1344;90;62.2;14.9;15;90;0;;2;0.87;14;29;-15;-1.00;-1.00;Matches
45;Diego Ângelo\Diego-Angelo;br BRA;DF;Kayserispor;33;1986;5;450;90;20.8;5.0;5;90;0;;0;1.60;7;8;-1;-0.20;+1.38;Matches
46;Marin Aničić\Marin-Anicic;ba BIH;DF;Konyaspor;29;1989;20;1800;90;83.3;20.0;20;90;0;;1;1.00;16;26;-10;-0.50;+0.25;Matches
47;Taylan Antalyalı\Taylan-Antalyali;tr TUR;MF;Galatasaray;24;1995;8;250;31;11.6;2.8;2;90;6;12;11;2.38;10;2;+8;+2.88;+2.13;Matches
48;Sefa Anük\Sefa-Anuk;tr TUR;DF;Gaziantep FK;19;1999;0;;;;;0;;0;;1;;;;;;;Matches
49;Aaron Appindangoyé\Aaron-Appindangoye;ga GAB;DF;Sivasspor;27;1992;24;2160;90;100.0;24.0;24;90;0;;0;2.00;45;26;+19;+0.79;;Matches
50;Hakan Arıkan\Hakan-Arikan;tr TUR;GK;Kayserispor;36;1982;0;;;;;0;;0;;15;;;;;;;Matches
51;Hakan Arslan\Hakan-Arslan;tr TUR;MF;Sivasspor;31;1988;23;2070;90;95.8;23.0;23;90;0;;0;1.96;42;25;+17;+0.74;-1.26;Matches
52;Tolgay Arslan\Tolgay-Arslan;de GER;MF;Fenerbahçe;28;1990;8;84;11;3.9;0.9;1;60;7;3;14;2.13;2;2;0;0.00;-0.56;Matches
53;Muhammet Arslantaş\Muhammet-Arslantas;tr TUR;FW;Başakşehir;18;2001;1;2;2;0.1;0.0;0;;1;2;4;1.00;0;0;0;0.00;-0.92;Matches
54;Serkan Asan\Serkan-Asan;tr TUR;DF;Trabzonspor;20;1999;3;123;41;5.9;1.4;1;90;2;17;10;3.00;5;1;+4;+2.93;+1.77;Matches
55;Kerem Atakan Kesgin\Kerem-Atakan-Kesgin;tr TUR;MF;Göztepe;18;2000;1;5;5;0.2;0.1;0;;1;5;2;3.00;0;0;0;0.00;-0.17;Matches
56;Mücahit Atalay\Mucahit-Atalay;tr TUR;GK;Konyaspor;27;1991;0;;;;;0;;0;;19;;;;;;;Matches
57;Ali Ateş\Ali-Ates;tr TUR;MF;Gaziantep FK;20;1999;0;;;;;0;;0;;10;;;;;;;Matches
58;Donis Avdijaj\Donis-Avdijaj;xk KVX;MF;Trabzonspor;22;1996;8;239;30;11.5;2.7;3;59;5;13;9;1.13;6;5;+1;+0.38;-1.00;Matches
59;Selim Ay\Selim-Ay;tr TUR;DF;Konyaspor;28;1991;10;900;90;41.7;10.0;10;90;0;;13;0.90;5;9;-4;-0.40;+0.24;Matches
60;Hasan Ayaroğlu\Hasan-Ayaroglu;tr TUR;FWMF;Alanyaspor;24;1995;0;;;;;0;;0;;3;;;;;;;Matches
61;Berat Ayberk Özdemir\Berat-Ayberk-Ozdemir;tr TUR;MF;Gençlerbirliği;21;1998;21;1237;59;57.3;13.7;14;73;7;31;2;1.29;16;24;-8;-0.58;-0.39;Matches
62;Soner Aydoğdu\Soner-Aydogdu;tr TUR;MF;Başakşehir;28;1991;1;64;64;3.0;0.7;1;64;0;;1;0.00;0;0;0;0.00;-0.94;Matches
63;Soner Aydoğdu\Soner-Aydogdu;tr TUR;MF;Göztepe;28;1991;20;1686;84;81.4;18.7;20;84;0;;0;1.70;27;15;+12;+0.64;+2.52;Matches
64;Ender Aygören\Ender-Aygoren;tr TUR;MF;Ankaragücü;19;2000;1;25;25;1.1;0.3;0;;1;25;11;0.00;0;3;-3;-10.80;-9.99;Matches
65;Yalçın Ayhan\Yalcin-Ayhan;tr TUR;DF;Ankaragücü;37;1982;4;96;24;4.3;1.1;1;45;3;17;9;1.50;1;2;-1;-0.94;-0.02;Matches
66;Floyd Ayité\Floyd-Ayite;tg TOG;MFFW;Gençlerbirliği;30;1988;14;909;65;42.1;10.1;9;82;5;34;0;1.07;17;16;+1;+0.10;+0.89;Matches
67;Sakıb Aytaç\Sakib-Aytac;tr TUR;DF;Yeni Mal'spor;27;1991;17;1496;88;72.3;16.6;17;88;0;;1;1.18;28;25;+3;+0.18;+0.49;Matches
68;Sakıb Aytaç\Sakib-Aytac;tr TUR;DF;Kayserispor;27;1991;0;;;;;0;;0;;1;;;;;;;Matches
69;Abdul Aziz Tetteh\Abdul-Aziz-Tetteh;gh GHA;MF;Gaziantep FK;29;1990;6;460;77;21.3;5.1;6;77;0;;0;1.83;10;10;0;0.00;+0.21;Matches
70;Serdar Aziz\Serdar-Aziz;tr TUR;DF;Fenerbahçe;28;1990;16;1374;86;63.6;15.3;16;86;0;;6;1.56;27;22;+5;+0.33;-0.59;Matches
71;Demba Ba\Demba-Ba;sn SEN;FWMF;Başakşehir;34;1985;18;992;55;45.9;11.0;9;83;9;27;5;2.17;28;12;+16;+1.45;+0.99;Matches
72;Mame Baba Thiam\Mame-Baba-Thiam;sn SEN;MFFW;Kasımpaşa;26;1992;15;1176;78;54.4;13.1;14;82;1;29;1;0.67;12;27;-15;-1.15;-0.87;Matches
73;Atalay Babacan\Atalay-Babacan;tr TUR;MF;Galatasaray;19;2000;0;;;;;0;;0;;2;;;;;;;Matches
74;Volkan Babacan\Volkan-Babacan;tr TUR;GK;Başakşehir;30;1988;0;;;;;0;;0;;23;;;;;;;Matches
75;Ryan Babel\Ryan-Babel;nl NED;MFFW;Galatasaray;32;1986;15;1243;83;57.5;13.8;13;88;2;47;0;1.53;18;14;+4;+0.29;-1.67;Matches
76;Baiano\Baiano;br BRA;DF;Alanyaspor;32;1987;9;728;81;33.7;8.1;9;81;0;;8;1.78;16;6;+10;+1.24;+0.73;Matches
77;Fabrício Baiano\Fabricio-Baiano;br BRA;MFDF;Gençlerbirliği;27;1992;19;1492;79;69.1;16.6;18;82;1;21;0;1.21;22;32;-10;-0.60;-0.60;Matches
78;Riad Bajić\Riad-Bajic;ba BIH;FW;Konyaspor;25;1994;19;1077;57;49.9;12.0;12;80;7;16;5;0.95;8;18;-10;-0.84;-0.59;Matches
79;Anastasios Bakasetas\Anastasios-Bakasetas;gr GRE;MF;Alanyaspor;26;1993;24;1999;83;92.5;22.2;24;83;0;;0;1.63;36;22;+14;+0.63;-1.61;Matches
80;Göktuğ Bakırbaş\Goktug-Bakirbas;tr TUR;GK;Göztepe;23;1996;4;262;66;12.7;2.9;2;90;2;41;19;2.50;10;2;+8;+2.75;+2.95;Matches
81;Bünyamin Balcı\Bunyamin-Balci;tr TUR;DF;Antalyaspor;19;2000;7;585;84;27.1;6.5;6;90;1;45;4;1.71;12;6;+6;+0.92;+2.12;Matches
82;Yacine Bammou\Yacine-Bammou;ma MAR;FWMF;Alanyaspor;27;1991;16;528;33;24.4;5.9;5;74;11;14;7;1.25;7;5;+2;+0.34;-0.54;Matches
83;Modou Barrow\Modou-Barrow;gm GAM;MF;Denizlispor;26;1992;22;1720;78;79.6;19.1;21;81;1;23;1;1.23;17;26;-9;-0.47;-0.47;Matches
84;Bilal Başaçıkoğlu\Bilal-Basacikoglu;tr TUR;MFFW;Kayserispor;24;1995;11;483;44;22.4;5.4;5;72;6;21;1;0.64;8;9;-1;-0.19;+1.42;Matches
85;Bilal Başaçıkoğlu\Bilal-Basacikoglu;tr TUR;FWMF;Trabzonspor;24;1995;1;3;3;0.1;0.0;0;;1;3;4;1.00;1;0;+1;+30.00;+28.78;Matches
86;Mikail Başar\Mikail-Basar;tr TUR;MF;Antalyaspor;18;2001;0;;;;;0;;0;;3;;;;;;;Matches
87;Altay Bayındır\Altay-Bayindir;tr TUR;GK;Fenerbahçe;21;1998;24;2160;90;100.0;24.0;24;90;0;;0;1.63;44;31;+13;+0.54;;Matches
88;Emin Bayram\Emin-Bayram;tr TUR;DF;Galatasaray;16;2003;1;;0;0.0;0.0;0;;1;0;10;3.00;0;0;0;;;Matches
89;Ömer Bayram\Omer-Bayram;tr TUR;MF;Galatasaray;28;1991;20;1641;82;76.0;18.2;18;86;2;45;3;2.30;40;14;+26;+1.43;+1.77;Matches
90;Aziz Behich\Aziz-Behich;au AUS;DF;Başakşehir;28;1990;4;328;82;15.2;3.6;4;82;0;;20;1.50;3;6;-3;-0.82;-2.05;Matches
91;Mike van Beijnen\Mike-van-Beijnen;nl NED;DF;Gençlerbirliği;20;1999;0;;;;;0;;0;;2;;;;;;;Matches
92;Furkan Bekleviç\Furkan-Beklevic;tr TUR;GK;Ankaragücü;20;1999;0;;;;;0;;0;;16;;;;;;;Matches
93;Younès Belhanda\Younes-Belhanda;ma MAR;MF;Galatasaray;29;1990;14;1115;80;51.6;12.4;13;85;1;4;5;1.57;17;12;+5;+0.40;-1.23;Matches
94;Emre Belözoğlu\Emre-Belozoglu;tr TUR;MF;Fenerbahçe;38;1980;18;1099;61;50.9;12.2;13;75;5;25;0;1.72;20;10;+10;+0.82;+0.56;Matches
95;Syam Ben Youssef\Syam-Ben-Youssef;tn TUN;DF;Kasımpaşa;30;1989;15;1350;90;62.5;15.0;15;90;0;;0;1.00;22;28;-6;-0.40;+0.93;Matches
96;Syam Ben Youssef\Syam-Ben-Youssef;tn TUN;DF;Denizlispor;30;1989;2;180;90;8.3;2.0;2;90;0;;4;0.50;1;3;-2;-1.00;-0.68;Matches
97;Zakarya Bergdich\Zakarya-Bergdich;ma MAR;DF;Denizlispor;30;1989;14;1215;87;56.3;13.5;14;87;0;;2;1.43;13;15;-2;-0.15;+0.52;Matches
98;Rahmetullah Berişbek\Rahmetullah-Berisbek;tr TUR;MF;Gençlerbirliği;20;1999;14;257;18;11.9;2.9;1;78;13;14;9;0.57;5;8;-3;-1.05;-0.72;Matches
99;Murat Berk Çolak\Murat-Berk-Colak;tr TUR;MF;Kasımpaşa;19;1999;0;;;;;0;;0;;1;;;;;;;Matches
100;Beto\Beto;pt POR;GK;Göztepe;37;1982;21;1804;86;87.1;20.0;21;86;0;;0;1.33;19;23;-4;-0.20;-2.91;Matches
101;Thievy Bifouma\Thievy-Bifouma;cg CGO;MFFW;Yeni Mal'spor;27;1992;18;1266;70;61.2;14.1;14;84;4;23;1;1.06;22;23;-1;-0.07;-0.29;Matches
102;Eren Bilen\Eren-Bilen;tr TUR;DF;Göztepe;18;2000;0;;;;;0;;0;;3;;;;;;;Matches
103;Tayfur Bingöl\Tayfur-Bingol;tr TUR;MF;Alanyaspor;26;1993;1;4;4;0.2;0.0;0;;1;4;9;1.00;0;0;0;0.00;-0.75;Matches
104;Eray Birniçan\Eray-Birnican;tr TUR;GK;Alanyaspor;31;1988;0;;;;;0;;0;;13;;;;;;;Matches
105;André Biyogo Poko\Andre-Biyogo-Poko;ga GAB;MF;Göztepe;26;1993;9;626;70;30.2;7.0;8;76;1;22;1;1.00;5;7;-2;-0.29;-0.66;Matches
106;Mattias Bjärsmyr\Mattias-Bjarsmyr;se SWE;DF;Gençlerbirliği;33;1986;8;630;79;29.2;7.0;7;90;1;0;13;1.63;14;12;+2;+0.29;+0.99;Matches
107;Gustavo Blanco Leschuk\Gustavo-Blanco-Leschuk;ar ARG;FW;Antalyaspor;27;1991;16;1136;71;52.6;12.6;11;86;5;39;3;0.75;13;24;-11;-0.87;-0.52;Matches
108;Kevin-Prince Boateng\Kevin-Prince-Boateng;gh GHA;MF;Beşiktaş;32;1987;5;307;61;13.6;3.4;3;78;2;37;0;2.00;8;2;+6;+1.76;+1.67;Matches
109;Ruud Boffin\Ruud-Boffin;be BEL;GK;Antalyaspor;31;1987;16;1440;90;66.7;16.0;16;90;0;;8;1.44;21;29;-8;-0.50;+0.38;Matches
110;Fernando Boldrin\Fernando-Boldrin;br BRA;MFFW;Rizespor;30;1989;20;1771;89;85.6;19.7;20;89;0;;0;1.05;21;33;-12;-0.61;+0.29;Matches
111;Celso Borges\Celso-Borges;cr CRC;MFDF;Göztepe;31;1988;12;589;49;28.5;6.5;6;82;6;17;8;1.75;8;10;-2;-0.31;-0.67;Matches
112;Andriy Boryachuk\Andriy-Boryachuk;ua UKR;DFFW;Rizespor;23;1996;1;7;7;0.3;0.1;0;;1;7;1;0.00;0;0;0;0.00;+0.65;Matches
113;Tyler Boyd\Tyler-Boyd;us USA;MF;Beşiktaş;24;1994;13;565;43;25.1;6.3;7;68;6;15;12;1.54;11;12;-1;-0.16;-0.64;Matches
114;Tomáš Břečka\Tomas-Brecka;cz CZE;DF;Kasımpaşa;25;1994;7;553;79;25.6;6.1;7;79;0;;0;0.71;5;15;-10;-1.63;-1.18;Matches
115;Hüseyin Bulut\Huseyin-Bulut;de GER;MF;Göztepe;20;1999;0;;;;;0;;0;;1;;;;;;;Matches
116;Onur Bulut\Onur-Bulut;tr TUR;DF;Alanyaspor;25;1994;14;868;62;40.2;9.6;9;86;5;20;9;1.50;17;12;+5;+0.52;-0.39;Matches
117;Talha Bulut\Talha-Bulut;tr TUR;FW;Antalyaspor;18;2001;0;;;;;0;;0;;1;;;;;;;Matches
118;Umut Bulut\Umut-Bulut;tr TUR;FW;Yeni Mal'spor;36;1983;6;391;65;18.9;4.3;4;82;2;32;0;0.00;2;8;-6;-1.38;-1.76;Matches
119;Umut Bulut\Umut-Bulut;tr TUR;MFFW;Kayserispor;36;1983;11;905;82;41.9;10.1;11;82;0;;1;0.55;7;19;-12;-1.19;+0.17;Matches
120;Mustafa Burak Bozan\Mustafa-Burak-Bozan;tr TUR;GK;Gaziantep FK;18;2000;0;;;;;0;;0;;9;;;;;;;Matches
121;Adem Büyük\Adem-Buyuk;tr TUR;FWMF;Galatasaray;31;1987;20;844;42;39.1;9.4;8;86;12;13;4;2.05;17;6;+11;+1.17;+0.28;Matches
122;Musa Çağıran\Musa-Cagiran;tr TUR;MF;Alanyaspor;26;1992;13;329;25;15.2;3.7;3;70;10;12;7;1.38;5;4;+1;+0.27;-0.56;Matches
123;Rahman Çağıran\Rahman-Cagiran;tr TUR;MF;Yeni Mal'spor;24;1995;5;123;25;5.9;1.4;1;59;4;16;9;2.20;5;1;+4;+2.93;+3.07;Matches
124;Oğulcan Çağlayan\Ogulcan-Caglayan;tr TUR;FWMF;Rizespor;23;1996;18;1142;63;55.2;12.7;13;77;5;29;3;1.00;15;19;-4;-0.32;+0.75;Matches
125;Júnior Caiçara\Junior-Caicara;br BRA;DF;Başakşehir;30;1989;23;2070;90;95.8;23.0;23;90;0;;0;2.00;44;24;+20;+0.87;-1.13;Matches
126;Uğurcan Çakır\Ugurcan-Cakir;tr TUR;GK;Trabzonspor;23;1996;22;1946;88;94.0;21.6;22;88;0;;0;2.05;48;24;+24;+1.11;-2.52;Matches
127;Burak Çalık\Burak-Calik;tr TUR;MF;Denizlispor;30;1989;3;88;29;4.1;1.0;1;67;2;11;13;1.33;0;1;-1;-1.02;-0.68;Matches
128;Samba Camara\Samba-Camara;fr FRA;DF;Sivasspor;26;1992;2;131;66;6.1;1.5;1;90;1;41;2;1.50;2;0;+2;+1.37;+0.62;Matches
129;Tarık Çamdal\Tarik-Camdal;tr TUR;DFMF;Antalyaspor;28;1991;4;276;69;12.8;3.1;3;87;1;14;12;0.50;1;8;-7;-2.28;-1.90;Matches
130;Ali Çamdalı\Ali-Camdali;tr TUR;MF;Konyaspor;35;1984;2;55;28;2.5;0.6;0;;2;28;5;1.00;3;1;+2;+3.27;+3.91;Matches
131;Gustavo Campanharo\Gustavo-Campanharo;br BRA;MF;Kayserispor;27;1992;7;565;81;26.2;6.3;6;90;1;25;0;1.29;9;11;-2;-0.32;+1.32;Matches
132;Gastón Campi\Gaston-Campi;ar ARG;DF;Trabzonspor;28;1991;15;1260;84;60.9;14.0;14;90;1;0;7;2.20;32;13;+19;+1.36;+0.25;Matches
133;Djalma Campos\Djalma-Campos;ao ANG;MF;Alanyaspor;32;1987;19;966;51;44.7;10.7;9;79;10;25;1;1.84;26;9;+17;+1.58;+1.51;Matches
134;Mücahit Can Akçay\Mucahit-Can-Akcay;tr TUR;FW;Konyaspor;21;1998;7;105;15;4.9;1.2;1;45;6;10;10;0.71;2;5;-3;-2.57;-2.13;Matches
135;Ahmet Can Arık\Ahmet-Can-Arik;tr TUR;DF;Ankaragücü;21;1997;1;;0;0.0;0.0;0;;1;0;10;0.00;0;0;0;;;Matches
136;Osman Can Çötür\Osman-Can-Cotur;tr TUR;DF;Kayserispor;17;2001;1;90;90;4.2;1.0;1;90;0;;1;0.00;2;6;-4;-4.00;-2.83;Matches
137;Rahmi Can Karadaş\Rahmi-Can-Karadas;tr TUR;DF;Gençlerbirliği;24;1995;0;;;;;0;;0;;4;;;;;;;Matches
138;Ozan Can Oruç\Ozan-Can-Oruc;tr TUR;GK;Konyaspor;19;2000;0;;;;;0;;0;;2;;;;;;;Matches
139;Muhammed Can Tuncer\Muhammed-Can-Tuncer;az AZE;GK;Sivasspor;19;2000;0;;;;;0;;0;;3;;;;;;;Matches
140;Murat Can Yıldız\Murat-Can-Yildiz;tr TUR;GK;Kasımpaşa;20;1998;0;;;;;0;;0;;14;;;;;;;Matches
141;Ahmet Canbaz\Ahmet-Canbaz;tr TUR;MF;Trabzonspor;21;1998;4;67;17;3.2;0.7;1;45;3;7;8;1.75;1;1;0;0.00;-1.30;Matches
142;Daniel Candeias\Daniel-Candeias;pt POR;MF;Gençlerbirliği;31;1988;23;1951;85;90.3;21.7;23;85;0;;0;1.04;28;37;-9;-0.42;+0.02;Matches
143;Héctor Canteros\Hector-Canteros;ar ARG;MF;Ankaragücü;30;1989;14;1055;75;46.9;11.7;12;85;2;20;0;0.57;8;27;-19;-1.62;-1.32;Matches
144;Oğuzhan Çapar\Oguzhan-Capar;tr TUR;DF;Kayserispor;22;1996;1;90;90;4.2;1.0;1;90;0;;6;1.00;1;1;0;0.00;+1.35;Matches
145;Burak Çapkınoğlu\Burak-Capkinoglu;tr TUR;GK;Gençlerbirliği;24;1995;0;;;;;0;;0;;1;;;;;;;Matches
146;José Carlos Marafona\Jose-Carlos-Marafona;pt POR;GK;Alanyaspor;32;1987;24;2160;90;100.0;24.0;24;90;0;;0;1.63;42;24;+18;+0.75;;Matches
147;André Castro\Andre-Castro;pt POR;MF;Göztepe;31;1988;21;1534;73;74.1;17.0;16;87;5;29;2;1.57;24;15;+9;+0.53;+1.37;Matches
148;Steven Caulker\Steven-Caulker;eng ENG;DF;Alanyaspor;27;1991;20;1720;86;79.6;19.1;19;90;1;10;4;1.75;36;19;+17;+0.89;+0.68;Matches
149;Özgür Çek\Ozgur-Cek;tr TUR;DF;Kasımpaşa;28;1991;4;288;72;13.3;3.2;3;90;1;18;13;1.50;6;10;-4;-1.25;-0.58;Matches
150;Özgür Çek\Ozgur-Cek;tr TUR;DF;Denizlispor;28;1991;5;392;78;18.1;4.4;4;87;1;45;1;1.00;2;4;-2;-0.46;-0.10;Matches
151;Alpay Çelebi\Alpay-Celebi;tr TUR;DF;Kayserispor;20;1999;1;5;5;0.2;0.1;1;5;0;;0;0.00;0;0;0;0.00;+1.29;Matches
152;Muğdat Çelik\Mugdat-Celik;tr TUR;FW;Gaziantep FK;29;1990;1;25;25;1.2;0.3;0;;1;25;2;0.00;0;2;-2;-7.20;-7.12;Matches
153;Muhammet Çelik\Muhammet-Celik;tr TUR;MF;Rizespor;20;1998;0;;;;;0;;0;;1;;;;;;;Matches
154;Korcan Çelikay\Korcan-Celikay;tr TUR;GK;Ankaragücü;31;1987;20;1800;90;80.0;20.0;20;90;0;;3;0.70;17;37;-20;-1.00;-0.40;Matches
155;Ondřej Čelůstka\Ondrej-Celustka;cz CZE;DF;Antalyaspor;30;1989;21;1876;89;86.9;20.8;21;89;0;;1;1.19;23;35;-12;-0.58;+0.38;Matches
156;Furkan Çentinkaya\Furkan-Centinkaya;tr TUR;MF;Kasımpaşa;;;0;;;;;0;;0;;13;;;;;;;Matches
157;Berk Çetin\Berk-Cetin;tr TUR;DF;Kasımpaşa;19;2000;0;;;;;0;;0;;6;;;;;;;Matches
158;Tarık Çetin\Tarik-Cetin;tr TUR;GK;Rizespor;22;1997;2;87;44;4.2;1.0;1;53;1;34;15;1.50;1;0;+1;+1.03;+1.76;Matches
159;Veli Çetin\Veli-Cetin;tr TUR;DF;Göztepe;24;1994;0;;;;;0;;0;;1;;;;;;;Matches
160;Ahmet Cevat Varol\Ahmet-Cevat-Varol;tr TUR;GK;Gençlerbirliği;18;2001;0;;;;;0;;0;;1;;;;;;;Matches
161;Oğuz Ceylan\Oguz-Ceylan;tr TUR;DFMF;Gaziantep FK;28;1990;21;1890;90;87.5;21.0;21;90;0;;1;1.33;33;32;+1;+0.05;+1.71;Matches
162;Ufuk Ceylan\Ufuk-Ceylan;tr TUR;GK;Yeni Mal'spor;33;1986;0;;;;;0;;0;;22;;;;;;;Matches
163;Ghaylène Chaalali\Ghaylene-Chaalali;tn TUN;MF;Yeni Mal'spor;25;1994;9;547;61;26.4;6.1;6;77;3;29;10;1.11;9;7;+2;+0.33;+0.39;Matches
164;Aatif Chahechouhe\Aatif-Chahechouhe;ma MAR;MFFW;Antalyaspor;33;1986;17;1066;63;49.4;11.8;13;72;4;33;0;0.82;9;24;-15;-1.27;-1.27;Matches
165;Dimitris Chatziisaias\Dimitris-Chatziisaias;gr GRE;DF;Rizespor;26;1992;9;680;76;32.9;7.6;8;84;1;5;6;0.89;6;15;-9;-1.19;-0.80;Matches
166;Issam Chebake\Issam-Chebake;ma MAR;DF;Yeni Mal'spor;29;1989;17;1483;87;71.6;16.5;17;87;0;;1;1.18;26;24;+2;+0.12;+0.27;Matches
167;Aurélien Chedjou\Aurelien-Chedjou;cm CMR;DF;Başakşehir;34;1985;2;180;90;8.3;2.0;2;90;0;;0;0.00;1;5;-4;-2.00;-3.18;Matches
168;Raman Chibsah\Raman-Chibsah;gh GHA;MF;Gaziantep FK;26;1993;21;1112;53;51.5;12.4;10;84;11;25;2;1.33;16;23;-7;-0.57;-0.82;Matches
169;Chico\Chico;br BRA;MFDF;Antalyaspor;32;1987;15;920;61;42.6;10.2;10;83;5;17;8;1.53;14;18;-4;-0.39;+0.41;Matches
170;Ercan Çifci\Ercan-Cifci;tr TUR;DF;Kayserispor;18;2000;0;;;;;0;;0;;4;;;;;;;Matches
171;Nadir Çiftçi\Nadir-Ciftci;nl NED;MFFW;Gençlerbirliği;27;1992;13;464;36;21.5;5.2;5;56;8;23;7;0.77;3;10;-7;-1.36;-1.20;Matches
172;Uğur Çiftçi\Ugur-Ciftci;tr TUR;DF;Sivasspor;27;1992;18;1529;85;70.8;17.0;18;85;0;;3;2.06;33;21;+12;+0.71;-0.29;Matches
173;Sadık Çiftpınar\Sadik-Ciftpinar;tr TUR;DF;Fenerbahçe;26;1993;4;133;33;6.2;1.5;2;56;2;11;11;2.25;7;2;+5;+3.38;+3.03;Matches
174;Tolga Ciğerci\Tolga-Cigerci;tr TUR;MF;Fenerbahçe;27;1992;20;1331;67;61.6;14.8;17;74;3;22;4;1.70;20;18;+2;+0.14;-1.06;Matches
175;Orkan Çınar\Orkan-Cinar;tr TUR;MF;Ankaragücü;23;1996;2;28;14;1.2;0.3;0;;2;14;4;0.00;0;1;-1;-3.21;-2.32;Matches
176;Orkan Çınar\Orkan-Cinar;tr TUR;MF;Beşiktaş;23;1996;3;44;15;2.0;0.5;0;;3;15;4;0.67;1;1;0;0.00;-0.33;Matches
177;Şamil Çinaz\Samil-Cinaz;tr TUR;MF;Kayserispor;33;1986;5;373;75;17.3;4.1;5;75;0;;1;0.60;3;8;-5;-1.21;+0.10;Matches
178;Hakan Çinemre\Hakan-Cinemre;tr TUR;DFMF;Göztepe;25;1994;0;;;;;0;;0;;1;;;;;;;Matches
179;İsmail Çipe\Ismail-Cipe;tr TUR;GK;Kayserispor;24;1995;5;450;90;20.8;5.0;5;90;0;;19;0.20;5;17;-12;-2.40;-1.40;Matches
180;Papiss Cissé\Papiss-Cisse;sn SEN;FW;Alanyaspor;34;1985;23;1849;80;85.6;20.5;20;90;3;18;0;1.70;38;23;+15;+0.73;-0.14;Matches
181;Aly Cissokho\Aly-Cissokho;fr FRA;DF;Antalyaspor;31;1987;0;;;;;0;;0;;5;;;;;;;Matches
182;Emirhan Civelek\Emirhan-Civelek;tr TUR;DF;Kayserispor;19;2000;1;90;90;4.2;1.0;1;90;0;;13;0.00;2;6;-4;-4.00;-2.83;Matches
183;Gaël Clichy\Gael-Clichy;fr FRA;DF;Başakşehir;34;1985;21;1890;90;87.5;21.0;21;90;0;;0;2.19;43;18;+25;+1.19;+2.19;Matches
184;Isaac Cofie\Isaac-Cofie;gh GHA;MF;Sivasspor;27;1991;11;423;38;19.6;4.7;6;62;5;11;11;1.73;8;7;+1;+0.21;-0.72;Matches
185;Kamil Çörekçi\Kamil-Corekci;tr TUR;MFDF;Trabzonspor;27;1992;12;899;75;43.4;10.0;10;82;2;40;7;2.25;28;10;+18;+1.80;+0.96;Matches
186;Manuel da Costa\Manuel-da-Costa;ma MAR;DF;Trabzonspor;33;1986;3;270;90;13.0;3.0;3;90;0;;1;2.33;9;5;+4;+1.33;+0.08;Matches
187;Enzo Crivelli\Enzo-Crivelli;fr FRA;FW;Başakşehir;24;1995;21;1788;85;82.8;19.9;21;85;0;;1;2.14;41;16;+25;+1.26;+1.98;Matches
188;Erdon Daci\Erdon-Daci;mk MKD;MFFW;Konyaspor;21;1998;16;617;39;28.6;6.9;6;78;10;15;6;0.75;4;8;-4;-0.58;-0.06;Matches
189;Yilmaz Daler\Yilmaz-Daler;tr TUR;DF;Kasımpaşa;20;1999;0;;;;;0;;0;;1;;;;;;;Matches
190;Abdulsamed Damlu\Abdulsamed-Damlu;tr TUR;GK;Yeni Mal'spor;20;1999;0;;;;;0;;0;;3;;;;;;;Matches
191;Nill De Pauw\Nill-De-Pauw;be BEL;MFFW;Rizespor;29;1990;7;425;61;20.5;4.7;6;70;1;4;4;1.57;4;6;-2;-0.42;+0.29;Matches
192;Emre Demir\Emre-Demir;tr TUR;MFFW;Kayserispor;15;2004;11;501;46;23.2;5.6;5;77;6;19;9;0.36;6;18;-12;-2.16;-1.12;Matches
193;Muhammet Demir\Muhammet-Demir;tr TUR;FW;Başakşehir;27;1992;0;;;;;0;;0;;1;;;;;;;Matches
194;Muhammet Demir\Muhammet-Demir;tr TUR;FW;Gaziantep FK;27;1992;14;704;50;32.6;7.8;9;73;5;10;0;1.57;11;9;+2;+0.26;+0.63;Matches
195;Uğur Demirok\Ugur-Demirok;tr TUR;DF;Konyaspor;31;1988;3;270;90;12.5;3.0;3;90;0;;4;0.67;3;5;-2;-0.67;-0.14;Matches
196;İlhan Depe\Ilhan-Depe;tr TUR;MF;Kasımpaşa;26;1992;23;817;36;37.8;9.1;7;70;16;21;1;0.83;12;19;-7;-0.77;-0.03;Matches
197;Eren Derdiyok\Eren-Derdiyok;ch SUI;FW;Göztepe;31;1988;5;266;53;12.9;3.0;3;75;2;21;9;0.40;0;2;-2;-0.68;-0.98;Matches
198;Ersin Destanoğlu\Ersin-Destanoglu;tr TUR;GK;Beşiktaş;18;2001;0;;;;;0;;0;;3;;;;;;;Matches
199;Abdoulay Diaby\Abdoulay-Diaby;ml MLI;MF;Beşiktaş;28;1991;22;1342;61;59.6;14.9;16;72;6;31;0;1.77;18;17;+1;+0.07;-0.63;Matches
200;Fallou Diagne\Fallou-Diagne;sn SEN;DF;Konyaspor;29;1989;4;270;68;12.5;3.0;3;90;1;0;2;0.25;1;7;-6;-2.00;-1.67;Matches
201;Mbaye Diagne\Mbaye-Diagne;sn SEN;FW;Galatasaray;27;1991;3;203;68;9.4;2.3;3;68;0;;0;1.33;1;1;0;0.00;-1.10;Matches
202;Abdoulaye Diallo\Abdoulaye-Diallo;sn SEN;GK;Gençlerbirliği;27;1992;4;360;90;16.7;4.0;4;90;0;;5;0.75;5;8;-3;-0.75;-0.40;Matches
203;Sadio Diallo\Sadio-Diallo;gn GUI;MF;Gençlerbirliği;28;1990;6;158;26;7.3;1.8;1;61;5;19;10;1.50;6;3;+3;+1.71;+2.29;Matches
204;Souleymane Diarra\Souleymane-Diarra;ml MLI;MF;Gaziantep FK;24;1995;20;1136;57;52.6;12.6;12;79;8;24;0;1.35;25;19;+6;+0.48;+1.35;Matches
205;Soner Dikmen\Soner-Dikmen;tr TUR;MF;Gençlerbirliği;25;1993;3;59;20;2.7;0.7;0;;3;20;12;0.00;0;3;-3;-4.58;-4.28;Matches
206;Ismaël Diomandé\Ismael-Diomande;ci CIV;MF;Rizespor;26;1992;17;1202;71;58.1;13.4;14;79;3;34;3;0.94;14;23;-9;-0.67;-0.05;Matches
207;Nabil Dirar\Nabil-Dirar;ma MAR;DF;Fenerbahçe;33;1986;20;1687;84;78.1;18.7;19;87;1;35;1;1.50;29;25;+4;+0.21;-1.50;Matches
208;Brice Dja Djédjé\Brice-Dja-Djedje;ci CIV;MF;Kayserispor;28;1990;21;1711;81;79.2;19.0;19;86;2;36;0;0.81;19;47;-28;-1.47;-0.87;Matches
209;Armin Djerlek\Armin-Djerlek;rs SRB;FW;Sivasspor;19;2000;5;51;10;2.4;0.6;0;;5;10;16;2.00;3;1;+2;+3.53;+2.80;Matches
210;Papy Djilobodji\Papy-Djilobodji;sn SEN;DFMF;Gaziantep FK;30;1988;23;2025;88;93.8;22.5;23;88;0;;0;1.35;33;35;-2;-0.09;+1.24;Matches
211;Mitchell Donald\Mitchell-Donald;nl NED;MF;Yeni Mal'spor;30;1988;22;1373;62;66.3;15.3;17;75;5;19;1;1.05;20;20;0;0.00;-0.13;Matches
212;Ryan Donk\Ryan-Donk;nl NED;DF;Galatasaray;33;1986;18;1410;78;65.3;15.7;15;90;3;20;5;2.06;30;13;+17;+1.09;+0.25;Matches
213;Douglas\Douglas;br BRA;DF;Beşiktaş;28;1990;5;275;55;12.2;3.1;3;71;2;31;6;1.20;2;3;-1;-0.33;-0.74;Matches
214;Abdullah Durak\Abdullah-Durak;tr TUR;MFDF;Rizespor;32;1987;17;1124;66;54.3;12.5;13;83;4;12;6;1.35;15;22;-7;-0.56;+0.20;Matches
215;Jimmy Durmaz\Jimmy-Durmaz;se SWE;MF;Galatasaray;30;1989;7;183;26;8.5;2.0;1;64;6;20;10;1.43;1;3;-2;-0.98;-2.17;Matches
216;Abdurrahim Dursun\Abdurrahim-Dursun;tr TUR;DF;Trabzonspor;20;1998;1;37;37;1.8;0.4;0;;1;37;19;3.00;0;0;0;0.00;-1.28;Matches
217;Salih Dursun\Salih-Dursun;tr TUR;DF;Antalyaspor;28;1991;3;69;23;3.2;0.8;1;45;2;12;13;0.67;0;4;-4;-5.22;-4.74;Matches
218;Volkan Egri\Volkan-Egri;tr TUR;DF;Sivasspor;21;1998;1;14;14;0.6;0.2;0;;1;14;11;1.00;1;0;+1;+6.43;+5.67;Matches
219;Mehmet Ekici\Mehmet-Ekici;tr TUR;MF;Fenerbahçe;29;1990;3;92;31;4.3;1.0;1;90;2;1;7;1.33;2;3;-1;-0.98;-1.59;Matches
220;Caleb Ekuban\Caleb-Ekuban;gh GHA;MF;Trabzonspor;25;1994;12;546;46;26.4;6.1;5;78;7;22;0;2.08;14;7;+7;+1.15;-0.15;Matches
221;Eljero Elia\Eljero-Elia;nl NED;MF;Başakşehir;32;1987;18;1168;65;54.1;13.0;15;72;3;28;3;2.06;27;9;+18;+1.39;+1.02;Matches
222;Mohamed Elneny\Mohamed-Elneny;eg EGY;MF;Beşiktaş;27;1992;18;1584;88;70.4;17.6;18;88;0;;0;1.94;28;18;+10;+0.57;+0.84;Matches
223;Muhammed Emin Sarıkaya\Muhammed-Emin-Sarikaya;tr TUR;DF;Başakşehir;17;2002;0;;;;;0;;0;;4;;;;;;;Matches
224;Berkan Emir\Berkan-Emir;tr TUR;DF;Göztepe;31;1988;20;1795;90;86.7;19.9;20;90;0;;2;1.55;27;20;+7;+0.35;+1.33;Matches
225;Barış Emirhan Doğan\Baris-Emirhan-Dogan;tr TUR;DF;Kayserispor;18;2001;0;;;;;0;;0;;1;;;;;;;Matches
226;Mehmet Enes Sarı\Mehmet-Enes-Sari;tr TUR;GK;Kasımpaşa;19;2000;0;;;;;0;;0;;6;;;;;;;Matches
227;Alexandru Epureanu\Alexandru-Epureanu;md MDA;DF;Başakşehir;32;1986;21;1890;90;87.5;21.0;21;90;0;;0;2.19;43;18;+25;+1.19;+2.19;Matches
228;Mehmet Eray Özbek\Mehmet-Eray-Ozbek;tr TUR;MF;Kayserispor;16;2003;0;;;;;0;;0;;1;;;;;;;Matches
229;Ziya Erdal\Ziya-Erdal;tr TUR;DFMF;Sivasspor;31;1988;15;860;57;39.8;9.6;10;85;5;2;7;1.93;18;12;+6;+0.63;-0.27;Matches
230;Mehmet Erdem Uğurlu\Mehmet-Erdem-Ugurlu;tr TUR;DF;Gaziantep FK;31;1988;2;81;41;3.8;0.9;1;69;1;12;15;0.50;1;2;-1;-1.11;-0.98;Matches
231;Mevlüt Erdinç\Mevlut-Erdinc;tr TUR;FW;Fenerbahçe;32;1987;8;61;8;2.8;0.7;0;;8;8;11;0.38;2;2;0;0.00;-0.56;Matches
232;Doğan Erdoğan\Dogan-Erdogan;tr TUR;MF;Trabzonspor;22;1996;16;438;27;21.2;4.9;3;65;13;19;6;2.19;9;8;+1;+0.21;-1.34;Matches
233;Yusuf Erdoğan\Yusuf-Erdogan;tr TUR;MF;Kasımpaşa;26;1992;11;399;36;18.5;4.4;5;60;6;16;2;1.09;9;8;+1;+0.23;+1.20;Matches
234;Caner Erkin\Caner-Erkin;tr TUR;DFMF;Beşiktaş;30;1988;24;2062;86;91.6;22.9;23;89;1;22;0;1.67;36;28;+8;+0.35;+0.35;Matches
235;Erten Ersu\Erten-Ersu;tr TUR;GK;Fenerbahçe;25;1994;0;;;;;0;;0;;3;;;;;;;Matches
236;Oscar Estupiñan\Oscar-Estupinan;co COL;FWMF;Denizlispor;22;1996;18;590;33;27.3;6.6;5;74;13;17;3;1.11;9;11;-2;-0.31;+0.10;Matches
237;Burak Evren\Burak-Evren;tr TUR;FW;Ankaragücü;18;2000;0;;;;;0;;0;;1;;;;;;;Matches
238;Radamel Falcao\Radamel-Falcao;co COL;FW;Galatasaray;33;1986;12;763;64;35.3;8.5;9;82;3;7;0;2.25;16;4;+12;+1.42;+0.64;Matches
239;Simon Falette\Simon-Falette;gn GUI;DF;Fenerbahçe;27;1992;1;90;90;4.2;1.0;1;90;0;;4;1.00;2;2;0;0.00;-0.57;Matches
240;Fabien Farnolle\Fabien-Farnolle;bj BEN;GK;Yeni Mal'spor;34;1984;23;2070;90;100.0;23.0;23;90;0;;0;1.04;35;34;+1;+0.04;;Matches
241;Ricardo Faty\Ricardo-Faty;sn SEN;MF;Ankaragücü;32;1986;22;1447;66;64.3;16.1;16;81;6;25;1;0.77;12;26;-14;-0.87;+0.14;Matches
242;Sofiane Feghouli\Sofiane-Feghouli;dz ALG;MF;Galatasaray;29;1989;19;1554;82;71.9;17.3;19;82;0;;1;2.00;31;11;+20;+1.16;+0.56;Matches
243;Sitki Ferdi Imdat\Sitki-Ferdi-Imdat;tr TUR;FW;Ankaragücü;17;2001;0;;;;;0;;0;;1;;;;;;;Matches
244;Ivanildo Fernandes\Ivanildo-Fernandes;pt POR;DF;Trabzonspor;23;1996;3;224;75;10.8;2.5;3;75;0;;11;0.67;2;3;-1;-0.40;-1.86;Matches
245;Ivanildo Fernandes\Ivanildo-Fernandes;pt POR;DF;Rizespor;23;1996;3;235;78;11.4;2.6;3;78;0;;1;0.00;3;8;-5;-1.91;-1.42;Matches
246;Jorge Filipe Oliveira Fernandes\Jorge-Filipe-Oliveira-Fernandes;pt POR;DF;Kasımpaşa;22;1997;13;934;72;43.2;10.4;9;83;4;47;10;0.85;16;27;-11;-1.06;-0.55;Matches
247;Junior Fernándes\Junior-Fernandes;cl CHI;MF;Alanyaspor;31;1988;21;1427;68;66.1;15.9;17;77;4;30;1;1.67;28;15;+13;+0.82;+0.21;Matches
248;Fernando\Fernando;br BRA;MFFW;Sivasspor;26;1993;20;1197;60;55.4;13.3;14;71;6;34;1;2.15;24;9;+15;+1.13;+0.75;Matches
249;Petar Filipović\Petar-Filipovic;de GER;DFMF;Konyaspor;28;1990;0;;;;;0;;0;;3;;;;;;;Matches
250;Volkan Fındıklı\Volkan-Findikli;tr TUR;MF;Konyaspor;28;1990;11;532;48;24.6;5.9;5;78;6;23;9;1.27;4;7;-3;-0.51;+0.05;Matches
251;Moryké Fofana\Moryke-Fofana;ci CIV;MF;Yeni Mal'spor;27;1991;18;977;54;47.2;10.9;11;74;7;24;0;1.11;17;19;-2;-0.18;-0.43;Matches
252;Fredy\Fredy;ao ANG;MFFW;Antalyaspor;29;1990;16;768;48;35.6;8.5;7;83;9;21;6;0.88;13;14;-1;-0.12;+0.79;Matches
253;Kerim Frei\Kerim-Frei;tr TUR;MF;Başakşehir;25;1993;3;104;35;4.8;1.2;0;;3;35;10;1.33;3;2;+1;+0.87;-0.05;Matches
254;Lamine Gassama\Lamine-Gassama;sn SEN;DF;Göztepe;29;1989;21;1845;88;89.1;20.5;21;88;0;;1;1.48;26;24;+2;+0.10;-0.70;Matches
255;Gelson\Gelson;ao ANG;FW;Antalyaspor;23;1996;6;160;27;7.4;1.8;2;45;4;18;6;1.17;3;6;-3;-1.69;-1.15;Matches
256;Okechukwu Godson Azubuike\Okechukwu-Godson-Azubuike;ng NGA;MF;Başakşehir;22;1997;15;753;50;34.9;8.4;9;76;6;12;9;2.20;13;9;+4;+0.48;-0.67;Matches
257;Gerard Gohou\Gerard-Gohou;ci CIV;FW;Kasımpaşa;30;1988;3;45;15;2.1;0.5;0;;3;15;1;1.00;2;0;+2;+4.00;+4.85;Matches
258;Marcelo Goiano\Marcelo-Goiano;br BRA;DF;Sivasspor;31;1987;21;1863;89;86.3;20.7;21;89;0;;0;2.14;42;21;+21;+1.01;+1.62;Matches
259;Cenk Gönen\Cenk-Gonen;tr TUR;GK;Alanyaspor;31;1988;0;;;;;0;;0;;3;;;;;;;Matches
260;Gökhan Gönül\Gokhan-Gonul;tr TUR;DF;Beşiktaş;34;1985;21;1827;87;81.2;20.3;20;90;1;32;1;1.71;34;28;+6;+0.30;-0.13;Matches
261;Zafer Görgen\Zafer-Gorgen;tr TUR;GK;Rizespor;19;2000;4;214;54;10.3;2.4;2;90;2;17;7;1.50;4;5;-1;-0.42;+0.26;Matches
262;Guilherme\Guilherme;br BRA;MF;Trabzonspor;28;1991;5;313;63;15.1;3.5;4;67;1;45;0;2.60;3;3;0;0.00;-1.49;Matches
263;Guilherme\Guilherme;br BRA;MF;Yeni Mal'spor;28;1991;18;1320;73;63.8;14.7;16;80;2;23;0;1.33;25;23;+2;+0.14;+0.26;Matches
264;Fredrik Gulbrandsen\Fredrik-Gulbrandsen;no NOR;MFFW;Başakşehir;26;1992;13;522;40;24.2;5.8;6;67;7;17;5;1.85;7;9;-2;-0.34;-1.66;Matches
265;Levent Gülen\Levent-Gulen;ch SUI;DF;Kayserispor;25;1994;2;82;41;3.8;0.9;1;19;1;63;2;2.00;1;1;0;0.00;+1.34;Matches
266;Ceyhun Gülselam\Ceyhun-Gulselam;tr TUR;MF;Alanyaspor;31;1987;22;1449;66;67.1;16.1;17;79;5;20;0;1.64;25;17;+8;+0.50;-0.77;Matches
267;Ersan Gülüm\Ersan-Gulum;tr TUR;DF;Antalyaspor;32;1987;0;;;;;0;;0;;5;;;;;;;Matches
268;Sinan Gümüş\Sinan-Gumus;tr TUR;MFFW;Antalyaspor;25;1994;5;357;71;16.5;4.0;5;71;0;;0;2.20;9;4;+5;+1.26;+2.26;Matches
269;Taner Gümüş\Taner-Gumus;tr TUR;MF;Kayserispor;18;2001;0;;;;;0;;0;;1;;;;;;;Matches
270;Atakan Gündüz\Atakan-Gunduz;tr TUR;DF;Trabzonspor;18;2001;0;;;;;0;;0;;1;;;;;;;Matches
271;Umut Güneş\Umut-Gunes;tr TUR;MF;Alanyaspor;19;2000;1;1;1;0.0;0.0;0;;1;1;19;3.00;2;0;+2;+180.00;+179.33;Matches
272;Mert Günok\Mert-Gunok;tr TUR;GK;Başakşehir;30;1989;24;2160;90;100.0;24.0;24;90;0;;0;2.04;46;24;+22;+0.92;;Matches
273;Berke Gürbüz\Berke-Gurbuz;tr TUR;FW;Ankaragücü;16;2003;1;11;11;0.5;0.1;0;;1;11;7;0.00;0;3;-3;-24.55;-23.74;Matches
274;Serdar Gürler\Serdar-Gurler;tr TUR;MF;Göztepe;27;1991;21;1833;87;88.6;20.4;21;87;0;;0;1.48;28;22;+6;+0.29;+1.05;Matches
275;Luiz Gustavo\Luiz-Gustavo;br BRA;MF;Fenerbahçe;32;1987;20;1798;90;83.2;20.0;20;90;0;;0;1.60;35;26;+9;+0.45;-0.54;Matches
276;Yiğithan Güveli\Yigithan-Guveli;tr TUR;DF;Yeni Mal'spor;21;1998;0;;;;;0;;0;;6;;;;;;;Matches
277;Günay Güvenç\Gunay-Guvenc;tr TUR;GK;Gaziantep FK;28;1991;22;1980;90;91.7;22.0;22;90;0;;2;1.41;33;33;0;0.00;+2.00;Matches
278;Oussama Haddadi\Oussama-Haddadi;tn TUN;DF;Kasımpaşa;27;1992;6;540;90;25.0;6.0;6;90;0;;0;0.83;5;9;-4;-0.67;+0.11;Matches
279;Teenage Hadebe\Teenage-Hadebe;zw ZIM;DF;Yeni Mal'spor;23;1995;16;1331;83;64.3;14.8;16;83;0;;4;1.13;23;22;+1;+0.07;+0.07;Matches
280;Florent Hadergjonaj\Florent-Hadergjonaj;xk KVX;DF;Kasımpaşa;25;1994;5;450;90;20.8;5.0;5;90;0;;0;1.00;4;7;-3;-0.60;+0.19;Matches
281;Amir Hadžiahmetović\Amir-Hadziahmetovic;ba BIH;MF;Konyaspor;22;1997;15;785;52;36.3;8.7;8;85;7;15;7;0.80;6;15;-9;-1.03;-0.77;Matches
282;Karim Hafez\Karim-Hafez;eg EGY;DF;Kasımpaşa;23;1996;13;1040;80;48.1;11.6;13;80;0;;1;0.85;15;23;-8;-0.69;+0.11;Matches
283;Karim Hafez\Karim-Hafez;eg EGY;DFFW;Yeni Mal'spor;23;1996;4;338;85;16.3;3.8;4;85;0;;1;0.00;1;6;-5;-1.33;-1.64;Matches
284;Haris Hajradinović\Haris-Hajradinovic;ba BIH;MF;Kasımpaşa;25;1994;20;1683;84;77.9;18.7;19;86;1;45;0;0.95;25;34;-9;-0.48;+1.22;Matches
285;Ahmet Hakan Demirli\Ahmet-Hakan-Demirli;tr TUR;FW;Kasımpaşa;18;2000;2;5;3;0.2;0.1;0;;2;3;3;0.50;0;0;0;0.00;+0.75;Matches
286;Denys Harmash\Denys-Harmash;ua UKR;MF;Rizespor;29;1990;4;204;51;9.9;2.3;2;69;2;34;2;1.00;2;3;-1;-0.44;+0.23;Matches
287;Dogucan Haspolat\Dogucan-Haspolat;nl NED;DF;Kasımpaşa;19;2000;3;100;33;4.6;1.1;1;90;2;5;4;0.33;0;6;-6;-5.40;-4.88;Matches
288;Tobias Heintz\Tobias-Heintz;no NOR;MF;Kasımpaşa;21;1998;8;217;27;10.0;2.4;2;76;6;11;8;0.38;5;7;-2;-0.83;-0.09;Matches
289;Pedro Henrique\Pedro-Henrique;br BRA;MF;Kayserispor;29;1990;18;1360;76;63.0;15.1;16;82;2;26;0;1.00;17;26;-9;-0.60;+1.88;Matches
290;Majid Hosseini\Majid-Hosseini;ir IRN;DFMF;Trabzonspor;23;1996;13;938;72;45.3;10.4;11;84;2;5;5;2.15;21;11;+10;+0.96;-0.55;Matches
291;Paolo Hurtado\Paolo-Hurtado;pe PER;FW;Konyaspor;29;1990;9;168;19;7.8;1.9;1;64;8;13;2;0.56;0;3;-3;-1.61;-1.16;Matches
292;Hasan Hüseyin Acar\Hasan-Huseyin-Acar;tr TUR;MF;Kayserispor;24;1994;12;1040;87;48.1;11.6;12;87;0;;4;0.42;10;35;-25;-2.16;-1.68;Matches
293;Atiba Hutchinson\Atiba-Hutchinson;ca CAN;MF;Beşiktaş;36;1983;22;1898;86;84.4;21.1;21;89;1;24;0;1.77;35;25;+10;+0.47;+0.99;Matches
294;Halil İbrahim Sevinç\Halil-Ibrahim-Sevinc;tr TUR;MF;Antalyaspor;17;2002;0;;;;;0;;0;;2;;;;;;;Matches
295;Ahmed Ildiz\Ahmed-Ildiz;tr TUR;MF;Yeni Mal'spor;22;1996;9;124;14;6.0;1.4;1;62;8;8;14;1.11;4;1;+3;+2.18;+2.27;Matches
296;Selçuk İnan\Selcuk-Inan;tr TUR;MF;Galatasaray;34;1985;6;267;45;12.4;3.0;3;77;3;12;17;1.00;2;7;-5;-1.69;-3.06;Matches
297;Gökhan Inler\Gokhan-Inler;ch SUI;MF;Başakşehir;35;1984;6;169;28;7.8;1.9;1;45;5;25;14;1.50;4;3;+1;+0.53;-0.42;Matches
298;Mauricio Isla\Mauricio-Isla;cl CHI;DF;Fenerbahçe;31;1988;17;1441;85;66.7;16.0;17;85;0;;0;1.71;33;19;+14;+0.87;+1.00;Matches
299;İlkay İşler\Ilkay-Isler;tr TUR;MF;Beşiktaş;18;2001;0;;;;;0;;0;;1;;;;;;;Matches
300;Adis Jahović\Adis-Jahovic;mk MKD;FW;Antalyaspor;32;1987;4;315;79;14.6;3.5;4;79;0;;0;2.50;9;4;+5;+1.43;+2.40;Matches
301;Adis Jahović\Adis-Jahovic;mk MKD;FW;Yeni Mal'spor;32;1987;18;1582;88;76.4;17.6;18;88;0;;0;1.33;32;26;+6;+0.34;+1.26;Matches
302;Jefferson\Jefferson;br BRA;MFFW;Gaziantep FK;25;1994;11;857;78;39.7;9.5;10;83;1;30;4;1.00;10;18;-8;-0.84;-1.12;Matches
303;Cameron Jerome\Cameron-Jerome;eng ENG;FW;Göztepe;32;1986;18;1390;77;67.1;15.4;16;84;2;21;0;1.78;26;17;+9;+0.58;+1.24;Matches
304;Marko Jevtović\Marko-Jevtovic;rs SRB;MF;Konyaspor;26;1993;16;1267;79;58.7;14.1;16;79;0;;4;0.88;13;20;-7;-0.50;+0.11;Matches
305;Juanfran\Juanfran;es ESP;DF;Alanyaspor;30;1988;6;512;85;23.7;5.7;6;85;0;;0;2.33;13;6;+7;+1.23;+0.63;Matches
306;Jens Jønsson\Jens-Jonsson;dk DEN;MF;Konyaspor;26;1993;24;2056;86;95.2;22.8;24;86;0;;0;0.92;16;27;-11;-0.48;+1.25;Matches
307;Mathias Jørgensen\Mathias-Jorgensen;dk DEN;DF;Fenerbahçe;29;1990;16;1233;77;57.1;13.7;14;83;2;34;3;1.75;24;18;+6;+0.44;-0.24;Matches
308;Işık Kaan Arslan\Isik-Kaan-Arslan;tr TUR;DF;Galatasaray;18;2001;0;;;;;0;;0;;2;;;;;;;Matches
309;Almos Kaan Kalafat\Almos-Kaan-Kalafat;hu HUN;FW;Beşiktaş;17;2001;0;;;;;0;;0;;1;;;;;;;Matches
310;Moestafa El Kabir\Moestafa-El-Kabir;ma MAR;FW;Rizespor;30;1988;2;103;52;5.0;1.1;2;52;0;;0;3.00;1;0;+1;+0.87;+1.61;Matches
311;Deniz Kadah\Deniz-Kadah;tr TUR;FWMF;Göztepe;33;1986;12;333;28;16.1;3.7;3;75;9;12;8;1.25;0;8;-8;-2.16;-2.78;Matches
312;Ferdi Kadioglu\Ferdi-Kadioglu;nl NED;MF;Fenerbahçe;19;1999;13;258;20;11.9;2.9;0;;13;20;6;1.46;10;3;+7;+2.44;+2.16;Matches
313;Yiğit Kafkasyalı\Yigit-Kafkasyali;tr TUR;GK;Ankaragücü;21;1998;0;;;;;0;;0;;5;;;;;;;Matches
314;Oğuz Kağan Güçtekin\Oguz-Kagan-Guctekin;tr TUR;MF;Rizespor;20;1999;8;268;34;12.9;3.0;3;81;5;5;15;1.25;5;7;-2;-0.67;-0.02;Matches
315;İrfan Kahveci\Irfan-Kahveci;tr TUR;MF;Başakşehir;24;1995;20;1656;83;76.7;18.4;20;83;0;;0;2.10;37;15;+22;+1.20;+1.20;Matches
316;Alihan Kalkan\Alihan-Kalkan;tr TUR;MF;Denizlispor;20;1999;0;;;;;0;;0;;6;;;;;;;Matches
317;Jean-Armel Kana-Biyik\Jean-Armel-Kana-Biyik;cm CMR;DF;Gaziantep FK;30;1989;23;2070;90;95.8;23.0;23;90;0;;0;1.22;33;39;-6;-0.26;-2.26;Matches
318;Kaan Kanak\Kaan-Kanak;tr TUR;DF;Alanyaspor;28;1990;3;270;90;12.5;3.0;3;90;0;;19;0.33;1;3;-2;-0.67;-1.62;Matches
319;Emre Kaplan\Emre-Kaplan;az AZE;DF;Başakşehir;18;2001;0;;;;;0;;0;;1;;;;;;;Matches
320;Ferhat Kaplan\Ferhat-Kaplan;tr TUR;GK;Antalyaspor;30;1989;9;720;80;33.3;8.0;8;90;1;0;15;0.33;6;19;-13;-1.62;-1.50;Matches
321;Aytaç Kara\Aytac-Kara;tr TUR;MF;Kasımpaşa;26;1993;22;1973;90;91.3;21.9;22;90;0;;0;0.86;28;45;-17;-0.78;-0.29;Matches
322;Aydın Karabulut\Aydin-Karabulut;tr TUR;MF;Ankaragücü;31;1988;15;697;46;31.0;7.7;8;70;7;19;9;0.73;8;12;-4;-0.52;+0.58;Matches
323;Efecan Karaca\Efecan-Karaca;tr TUR;MF;Alanyaspor;29;1989;23;1761;77;81.5;19.6;21;82;2;16;0;1.65;32;20;+12;+0.61;-0.74;Matches
324;İlker Karakaş\Ilker-Karakas;tr TUR;FW;Gençlerbirliği;20;1999;2;32;16;1.5;0.4;0;;2;16;10;0.00;0;3;-3;-8.44;-8.14;Matches
325;Ali Karakaya\Ali-Karakaya;tr TUR;MF;Konyaspor;17;2002;0;;;;;0;;0;;4;;;;;;;Matches
326;Cebrail Karayel\Cebrail-Karayel;tr TUR;DF;Ankaragücü;24;1994;14;780;56;34.7;8.7;8;79;6;25;7;0.36;8;20;-12;-1.38;-0.71;Matches
327;Erce Kardeşler\Erce-Kardesler;tr TUR;GK;Trabzonspor;25;1994;2;124;62;6.0;1.4;1;90;1;34;19;3.00;6;1;+5;+3.63;+2.52;Matches
328;Loris Karius\Loris-Karius;de GER;GK;Beşiktaş;26;1993;24;2160;90;96.0;24.0;24;90;0;;0;1.79;40;29;+11;+0.46;+3.46;Matches
329;Erkan Kaş\Erkan-Kas;tr TUR;DF;Yeni Mal'spor;27;1991;6;304;51;14.7;3.4;3;90;3;11;17;1.17;6;4;+2;+0.59;+0.64;Matches
330;Harun Kavaklıdere\Harun-Kavaklidere;tr TUR;FW;Antalyaspor;21;1998;0;;;;;0;;0;;2;;;;;;;Matches
331;Erdogan Kaya\Erdogan-Kaya;tr TUR;DF;Beşiktaş;18;2001;0;;;;;0;;0;;11;;;;;;;Matches
332;Hasan Kaya\Hasan-Kaya;tr TUR;MF;Ankaragücü;23;1995;11;448;41;19.9;5.0;5;69;6;17;8;0.55;5;11;-6;-1.21;-0.36;Matches
333;Sener Kaya\Sener-Kaya;tr TUR;MF;Konyaspor;16;2003;0;;;;;0;;0;;1;;;;;;;Matches
334;Yalçın Kayan\Yalcin-Kayan;tr TUR;MF;Göztepe;20;1999;6;109;18;5.3;1.2;0;;6;18;12;2.00;0;0;0;0.00;-0.18;Matches
335;Olarenwaju Kayode\Olarenwaju-Kayode;ng NGA;FW;Gaziantep FK;26;1993;20;1673;84;77.5;18.6;20;84;0;;0;1.15;25;30;-5;-0.27;-0.45;Matches
336;Bogachan Kazmaz\Bogachan-Kazmaz;tr TUR;GK;Rizespor;18;2001;0;;;;;0;;0;;1;;;;;;;Matches
337;Abdul Khalili\Abdul-Khalili;se SWE;MF;Kasımpaşa;27;1992;16;1021;64;47.3;11.3;12;81;4;12;0;0.94;16;23;-7;-0.62;+0.25;Matches
338;Marc Kibong Mbamba\Marc-Kibong-Mbamba;cm CMR;MF;Denizlispor;30;1988;7;216;31;10.0;2.4;2;84;5;10;11;1.57;2;1;+1;+0.42;+0.88;Matches
339;Emre Kılınç\Emre-Kilinc;tr TUR;MFFW;Sivasspor;24;1994;19;1604;84;74.3;17.8;18;88;1;27;0;2.21;29;19;+10;+0.56;-0.90;Matches
340;Koray Kilinc\Koray-Kilinc;tr TUR;FW;Trabzonspor;19;2000;3;45;15;2.2;0.5;0;;3;15;3;0.33;0;1;-1;-2.00;-3.33;Matches
341;Safa Kınalı\Safa-Kinali;tr TUR;FW;Trabzonspor;20;1999;0;;;;;0;;0;;1;;;;;;;Matches
342;Batuhan Kırdaroğlu\Batuhan-Kirdaroglu;tr TUR;MF;Göztepe;18;2000;1;14;14;0.7;0.2;0;;1;14;7;1.00;0;0;0;0.00;-0.18;Matches
343;Serkan Kırıntılı\Serkan-Kirintili;tr TUR;GK;Konyaspor;34;1985;23;1980;86;91.7;22.0;23;86;0;;0;0.96;18;25;-7;-0.32;+2.68;Matches
344;Stelios Kitsiou\Stelios-Kitsiou;gr GRE;DFMF;Ankaragücü;25;1993;24;2145;89;95.3;23.8;24;89;0;;0;0.83;20;41;-21;-0.88;+0.83;Matches
345;Ahmet Kivanç\Ahmet-Kivanc;tr TUR;GK;Başakşehir;21;1998;0;;;;;0;;0;;2;;;;;;;Matches
346;Arda Kızıldağ\Arda-Kizildag;tr TUR;DF;Gençlerbirliği;20;1998;1;90;90;4.2;1.0;1;90;0;;10;0.00;1;4;-3;-3.00;-2.70;Matches
347;Alberk Koç\Alberk-Koc;tr TUR;MF;Rizespor;22;1997;0;;;;;0;;0;;2;;;;;;;Matches
348;Anıl Koç\Anil-Koc;tr TUR;MF;Kasımpaşa;24;1995;3;54;18;2.5;0.6;0;;3;18;3;0.33;0;0;0;0.00;+0.77;Matches
349;Okan Kocuk\Okan-Kocuk;tr TUR;GK;Galatasaray;24;1995;1;90;90;4.2;1.0;1;90;0;;23;0.00;0;1;-1;-1.00;-2.09;Matches
350;Bengali-Fodé Koita\Bengali-Fode-Koita;gn GUI;FWMF;Kasımpaşa;28;1990;16;1278;80;59.2;14.2;15;84;1;17;0;0.81;19;35;-16;-1.13;-0.92;Matches
351;Arouna Koné\Arouna-Kone;ci CIV;FW;Sivasspor;35;1983;19;556;29;25.7;6.2;4;80;15;16;2;2.16;17;7;+10;+1.62;+1.11;Matches
352;Nurettin Korkmaz\Nurettin-Korkmaz;tr TUR;MF;Kayserispor;17;2002;4;130;33;6.0;1.4;1;55;3;25;6;0.25;3;6;-3;-2.08;-0.84;Matches
353;Ramazan Köse\Ramazan-Kose;tr TUR;GK;Kasımpaşa;31;1988;4;360;90;16.7;4.0;4;90;0;;14;1.25;5;5;0;0.00;+0.90;Matches
354;Artem Kravets\Artem-Kravets;ua UKR;FW;Kayserispor;30;1989;10;654;65;30.3;7.3;7;90;3;8;3;1.20;9;16;-7;-0.96;+0.47;Matches
355;Max Kruse\Max-Kruse;de GER;MF;Fenerbahçe;31;1988;19;1664;88;77.0;18.5;19;88;0;;0;1.53;32;25;+7;+0.38;-0.71;Matches
356;Alihan Kubalas\Alihan-Kubalas;tr TUR;DF;Ankaragücü;27;1991;9;669;74;29.7;7.4;7;84;2;40;15;1.11;7;12;-5;-0.67;+0.35;Matches
357;Fyodor Kudryashov\Fyodor-Kudryashov;ru RUS;DF;Antalyaspor;32;1987;7;630;90;29.2;7.0;7;90;0;;0;1.71;12;9;+3;+0.43;+1.49;Matches
358;Mert Kula\Mert-Kula;tr TUR;DF;Kayserispor;24;1995;7;515;74;23.8;5.7;5;90;2;33;17;0.43;7;21;-14;-2.45;-1.52;Matches
359;Ante Kulušić\Ante-Kulusic;hr CRO;DF;Ankaragücü;33;1986;23;2025;88;90.0;22.5;23;88;0;;0;0.83;18;38;-20;-0.89;+0.31;Matches
360;Kadir Kurt\Kadir-Kurt;tr TUR;MF;Denizlispor;20;1999;0;;;;;0;;0;;9;;;;;;;Matches
361;Yekta Kurtuluş\Yekta-Kurtulus;tr TUR;MF;Antalyaspor;33;1985;3;152;51;7.0;1.7;2;76;1;0;10;1.33;3;0;+3;+1.78;+2.58;Matches
362;Çağtay Kurukalıp\Cagtay-Kurukalip;tr TUR;DF;Kasımpaşa;17;2002;0;;;;;0;;0;;13;;;;;;;Matches
363;Alperen Kuyubaşı\Alperen-Kuyubasi;tr TUR;DF;Ankaragücü;19;2000;0;;;;;0;;0;;4;;;;;;;Matches
364;Zoran Kvržić\Zoran-Kvrzic;ba BIH;DF;Kayserispor;30;1988;2;134;67;6.2;1.5;2;67;0;;1;1.50;1;1;0;0.00;+1.38;Matches
365;Joseph Larweh Attamah\Joseph-Larweh-Attamah;gh GHA;MF;Rizespor;25;1994;14;1003;72;48.5;11.1;11;86;3;21;1;1.21;12;17;-5;-0.45;+0.39;Matches
366;Mario Lemina\Mario-Lemina;ga GAB;MF;Galatasaray;25;1993;15;1134;76;52.5;12.6;14;78;1;45;0;2.07;20;4;+16;+1.27;+0.57;Matches
367;Jeremain Lens\Jeremain-Lens;nl NED;MFDF;Beşiktaş;31;1987;15;902;60;40.1;10.0;11;76;4;17;4;2.00;16;12;+4;+0.40;+0.13;Matches
368;Martin Linnes\Martin-Linnes;no NOR;DF;Galatasaray;27;1991;5;316;63;14.6;3.5;2;90;3;45;5;3.00;11;3;+8;+2.28;+1.50;Matches
369;Adem Ljajić\Adem-Ljajic;rs SRB;MF;Beşiktaş;27;1991;21;1444;69;64.2;16.0;16;82;5;27;1;1.86;27;20;+7;+0.44;+0.32;Matches
370;Saba Lobzhanidze\Saba-Lobzhanidze;ge GEO;MF;Ankaragücü;24;1994;6;405;68;18.0;4.5;5;77;1;22;0;1.17;4;4;0;0.00;+1.12;Matches
371;Yuri Lodygin\Yuri-Lodygin;ru RUS;GK;Gaziantep FK;29;1990;2;180;90;8.3;2.0;2;90;0;;15;0.00;2;6;-4;-2.00;-2.00;Matches
372;Miguel Lopes\Miguel-Lopes;pt POR;DF;Kayserispor;32;1986;21;1890;90;87.5;21.0;21;90;0;;0;0.76;21;45;-24;-1.14;+1.19;Matches
373;Tiago Jorge Oliveira Lopes\Tiago-Jorge-Oliveira-Lopes;pt POR;DF;Denizlispor;30;1989;17;1400;82;64.8;15.6;15;89;2;34;0;1.24;18;24;-6;-0.39;-0.03;Matches
374;Silviu Lung Jr.\Silviu-Lung-Jr;ro ROU;GK;Kayserispor;30;1989;19;1710;90;79.2;19.0;19;90;0;;0;0.95;20;39;-19;-1.00;+1.40;Matches
375;Christian Luyindama\Christian-Luyindama;cd COD;DF;Galatasaray;25;1994;10;885;89;41.0;9.8;10;89;0;;0;1.80;13;8;+5;+0.51;-0.83;Matches
376;Róbert Mak\Robert-Mak;sk SVK;MF;Konyaspor;28;1991;4;202;51;9.4;2.2;2;70;2;31;0;0.75;2;3;-1;-0.45;+0.11;Matches
377;Manoel\Manoel;br BRA;DF;Trabzonspor;29;1990;0;;;;;0;;0;;2;;;;;;;Matches
378;Marcão\Marcao;br BRA;DF;Galatasaray;23;1996;21;1842;88;85.3;20.5;21;88;0;;0;1.95;36;15;+21;+1.03;+0.18;Matches
379;Mariano\Mariano;br BRA;DFMF;Galatasaray;33;1986;20;1741;87;80.6;19.3;19;90;1;36;2;1.90;31;13;+18;+0.93;-0.36;Matches
380;Alexandru Maxim\Alexandru-Maxim;ro ROU;MFFW;Gaziantep FK;29;1990;5;426;85;19.7;4.7;5;85;0;;0;1.40;6;8;-2;-0.42;-0.32;Matches
381;Gary Medel\Gary-Medel;cl CHI;MF;Beşiktaş;31;1987;2;129;65;5.7;1.4;2;65;0;;0;1.50;3;2;+1;+0.70;+0.40;Matches
382;Dario Melnjak\Dario-Melnjak;hr CRO;DF;Rizespor;26;1992;23;2070;90;100.0;23.0;23;90;0;;0;1.04;24;39;-15;-0.65;;Matches
383;Ömer Memis\Omer-Memis;tr TUR;DF;Kayserispor;18;2001;0;;;;;0;;0;;1;;;;;;;Matches
384;Bernard Mensah\Bernard-Mensah;gh GHA;MFFW;Kayserispor;24;1994;18;1514;84;70.1;16.8;18;84;0;;0;1.06;17;24;-7;-0.42;+2.93;Matches
385;Yassine Meriah\Yassine-Meriah;tn TUN;DF;Kasımpaşa;26;1993;5;450;90;20.8;5.0;5;90;0;;0;1.00;4;7;-3;-0.60;+0.19;Matches
386;Yakup Mert Çakır\Yakup-Mert-Cakir;tr TUR;GK;Antalyaspor;20;1999;0;;;;;0;;0;;1;;;;;;;Matches
387;Muris Mešanović\Muris-Mesanovic;ba BIH;FWMF;Kayserispor;29;1990;7;614;88;28.4;6.8;7;88;0;;0;1.29;9;14;-5;-0.73;+0.78;Matches
388;Konrad Michalak\Konrad-Michalak;pl POL;MF;Ankaragücü;21;1997;6;345;58;15.3;3.8;4;77;2;19;0;1.17;4;3;+1;+0.26;+1.39;Matches
389;Deni Milošević\Deni-Milosevic;ba BIH;MF;Konyaspor;24;1995;23;1960;85;90.7;21.8;22;88;1;27;0;0.96;19;27;-8;-0.37;+1.88;Matches
390;Arturo Mina\Arturo-Mina;ec ECU;DF;Yeni Mal'spor;28;1990;13;914;70;44.2;10.2;11;83;2;0;5;0.54;10;19;-9;-0.89;-1.66;Matches
391;Farouk Miya\Farouk-Miya;ug UGA;FWMF;Konyaspor;21;1997;19;1235;65;57.2;13.7;12;82;7;36;0;0.95;15;18;-3;-0.22;+0.75;Matches
392;Wilfred Moke\Wilfred-Moke;cd COD;MF;Ankaragücü;31;1988;17;1135;67;50.4;12.6;13;81;4;20;1;0.71;13;20;-7;-0.56;+0.74;Matches
393;Emre Mor\Emre-Mor;tr TUR;MF;Galatasaray;22;1997;10;365;37;16.9;4.1;3;74;7;20;6;1.30;8;6;+2;+0.49;-0.61;Matches
394;Júnior Morais\Junior-Morais;br BRA;DFMF;Gaziantep FK;33;1986;20;1800;90;83.3;20.0;20;90;0;;0;1.45;32;32;0;0.00;+1.00;Matches
395;Mykola Morozyuk\Mykola-Morozyuk;ua UKR;DF;Rizespor;31;1988;18;1456;81;70.3;16.2;16;88;2;26;2;1.33;17;25;-8;-0.49;+0.53;Matches
396;Victor Moses\Victor-Moses;ng NGA;MFFW;Fenerbahçe;28;1990;6;492;82;22.8;5.5;6;82;0;;1;1.83;13;6;+7;+1.28;+0.96;Matches
397;Mossoró\Mossoro;br BRA;MF;Başakşehir;36;1983;1;90;90;4.2;1.0;1;90;0;;1;0.00;1;2;-1;-1.00;-2.00;Matches
398;Mossoró\Mossoro;br BRA;MFFW;Göztepe;36;1983;14;797;57;38.5;8.9;9;78;5;18;5;1.57;10;9;+1;+0.11;-0.10;Matches
399;Paul Mukairu\Paul-Mukairu;ng NGA;MFFW;Antalyaspor;19;2000;20;1144;57;53.0;12.7;12;79;8;25;4;0.95;14;18;-4;-0.31;+0.66;Matches
400;Radosław Murawski\Radoslaw-Murawski;pl POL;MF;Denizlispor;25;1994;23;2070;90;95.8;23.0;23;90;0;;0;1.04;21;31;-10;-0.43;-1.43;Matches
401;Vedat Muriqi\Vedat-Muriqi;xk KVX;FW;Fenerbahçe;25;1994;23;1992;87;92.2;22.1;22;89;1;26;0;1.65;41;28;+13;+0.59;+0.59;Matches
402;Fernando Muslera\Fernando-Muslera;uy URU;GK;Galatasaray;33;1986;23;2070;90;95.8;23.0;23;90;0;;0;2.09;42;17;+25;+1.09;+2.09;Matches
403;Delvin N'Dinga\Delvin-NDinga;cg CGO;MF;Antalyaspor;31;1988;4;294;74;13.6;3.3;4;74;0;;0;2.00;7;5;+2;+0.61;+1.43;Matches
404;Georges-Kévin N'Koudou\Georges-Kevin-NKoudou;fr FRA;MF;Beşiktaş;24;1995;19;1372;72;61.0;15.2;14;87;5;32;0;1.74;27;17;+10;+0.66;+0.86;Matches
405;Fabrice N'Sakala\Fabrice-NSakala;cd COD;DF;Alanyaspor;29;1990;21;1859;89;86.1;20.7;21;89;0;;2;1.81;41;20;+21;+1.02;+1.91;Matches
406;Yuto Nagatomo\Yuto-Nagatomo;jp JPN;DF;Galatasaray;32;1986;15;1202;80;55.6;13.4;14;86;1;4;2;1.40;15;8;+7;+0.52;-1.07;Matches
407;Stefano Napoleoni\Stefano-Napoleoni;it ITA;MFFW;Göztepe;33;1986;18;1374;76;66.4;15.3;17;79;1;26;1;1.67;24;13;+11;+0.72;+1.63;Matches
408;Umut Nayir\Umut-Nayir;tr TUR;FW;Beşiktaş;26;1993;15;409;27;18.2;4.5;3;86;12;13;9;1.47;11;6;+5;+1.10;+0.95;Matches
409;Youssouf Ndayishimiye\Youssouf-Ndayishimiye;bi BDI;MF;Yeni Mal'spor;20;1998;1;13;13;0.6;0.1;0;;1;13;3;0.00;0;0;0;0.00;-0.04;Matches
410;Badou Ndiaye\Badou-Ndiaye;sn SEN;MF;Trabzonspor;28;1990;6;523;87;25.3;5.8;6;87;0;;0;2.67;17;6;+11;+1.89;+0.85;Matches
411;Dieumerci Ndongala\Dieumerci-Ndongala;cd COD;MF;Kasımpaşa;28;1991;7;439;63;20.3;4.9;5;75;2;31;0;0.71;4;10;-6;-1.23;-0.60;Matches
412;Recep Niyaz\Recep-Niyaz;tr TUR;MF;Denizlispor;23;1995;13;690;53;31.9;7.7;7;81;6;20;11;0.92;5;5;0;0.00;+0.55;Matches
413;Kristoffer Nordfeldt\Kristoffer-Nordfeldt;se SWE;GK;Gençlerbirliği;30;1989;7;630;90;29.2;7.0;7;90;0;;0;1.29;4;10;-6;-0.86;-0.62;Matches
414;Filip Novák\Filip-Novak;cz CZE;DF;Trabzonspor;29;1990;19;1651;87;79.8;18.3;19;87;0;;1;2.00;39;23;+16;+0.87;-1.92;Matches
415;Paul-Georges Ntep\Paul-Georges-Ntep;cm CMR;MFFW;Kayserispor;27;1992;5;140;28;6.5;1.6;2;58;3;8;2;0.60;0;7;-7;-4.50;-3.43;Matches
416;Atınç Nukan\Atinc-Nukan;tr TUR;DF;Göztepe;26;1993;1;1;1;0.0;0.0;0;;1;1;5;3.00;0;0;0;0.00;-0.17;Matches
417;Anthony Nwakaeme\Anthony-Nwakaeme;ng NGA;MFFW;Trabzonspor;30;1989;21;1756;84;84.8;19.5;20;86;1;45;0;2.10;48;19;+29;+1.49;+1.49;Matches
418;Steven Nzonzi\Steven-Nzonzi;fr FRA;MF;Galatasaray;30;1988;10;900;90;41.7;10.0;10;90;0;;3;1.70;11;8;+3;+0.30;-1.20;Matches
419;John Obi Mikel\John-Obi-Mikel;ng NGA;MF;Trabzonspor;32;1987;17;1401;82;67.7;15.6;16;87;1;10;1;2.29;41;17;+24;+1.54;+0.87;Matches
420;Ahmet Oğuz\Ahmet-Oguz;tr TUR;DF;Gençlerbirliği;26;1993;12;644;54;29.8;7.2;8;79;4;2;5;1.00;4;10;-6;-0.84;-0.60;Matches
421;Muhayer Oktay\Muhayer-Oktay;tr TUR;MF;Beşiktaş;20;1999;1;6;6;0.3;0.1;0;;1;6;14;3.00;0;0;0;0.00;-0.32;Matches
422;Paweł Olkowski\Pawel-Olkowski;pl POL;DFMF;Gaziantep FK;29;1990;8;411;51;19.0;4.6;5;81;3;2;16;1.00;3;12;-9;-1.97;-2.23;Matches
423;Abdülkadir Ömür\Abdulkadir-Omur;tr TUR;MF;Trabzonspor;20;1999;3;163;54;7.9;1.8;2;81;1;2;0;2.33;3;2;+1;+0.55;-0.77;Matches
424;Alper Önal\Alper-Onal;tr TUR;MF;Ankaragücü;23;1996;6;115;19;5.1;1.3;0;;6;19;7;0.33;2;4;-2;-1.57;-0.68;Matches
425;Ogenyi Onazi\Ogenyi-Onazi;ng NGA;MF;Trabzonspor;26;1992;0;;;;;0;;0;;3;;;;;;;Matches
426;Ogenyi Onazi\Ogenyi-Onazi;ng NGA;MF;Denizlispor;26;1992;4;161;40;7.5;1.8;3;43;1;32;0;1.00;2;5;-3;-1.68;-1.41;Matches
427;Henry Onyekuru\Henry-Onyekuru;ng NGA;MF;Galatasaray;22;1997;5;303;61;14.0;3.4;3;90;2;17;0;3.00;7;1;+6;+1.78;+0.91;Matches
428;Yevhen Opanasenko\Yevhen-Opanasenko;ua UKR;DF;Konyaspor;28;1990;0;;;;;0;;0;;2;;;;;;;Matches
429;Dever Orgill\Dever-Orgill;jm JAM;FW;Ankaragücü;29;1990;21;1871;89;83.2;20.8;21;89;0;;0;0.76;15;38;-23;-1.11;-1.11;Matches
430;Oğuzhan Orhan\Oguzhan-Orhan;tr TUR;MF;Ankaragücü;20;1998;0;;;;;0;;0;;3;;;;;;;Matches
431;Viðar Örn Kjartansson\Vidar-Orn-Kjartansson;is ISL;FW;Yeni Mal'spor;29;1990;5;192;38;9.3;2.1;1;55;4;34;0;0.00;1;2;-1;-0.47;-0.56;Matches
432;Caner Osmanpaşa\Caner-Osmanpasa;tr TUR;DF;Sivasspor;31;1988;23;2029;88;93.9;22.5;23;88;0;;0;1.96;43;26;+17;+0.75;-0.62;Matches
433;Orhan Ovacıklı\Orhan-Ovacikli;tr TUR;DFMF;Rizespor;30;1988;7;404;58;19.5;4.5;4;90;3;15;16;1.00;6;10;-4;-0.89;-0.30;Matches
434;Şener Özbayraklı\Sener-Ozbayrakli;tr TUR;DF;Galatasaray;29;1990;5;297;59;13.8;3.3;4;70;1;18;13;2.60;8;3;+5;+1.52;+0.60;Matches
435;Ertaç Özbir\Ertac-Ozbir;tr TUR;GK;Gençlerbirliği;29;1989;13;1170;90;54.2;13.0;13;90;0;;8;1.15;23;24;-1;-0.08;+0.74;Matches
436;Berkay Özcan\Berkay-Ozcan;tr TUR;MF;Başakşehir;21;1998;9;192;21;8.9;2.1;2;54;7;12;7;2.78;3;0;+3;+1.41;+0.54;Matches
437;Oğuzhan Özcan\Oguzhan-Ozcan;tr TUR;FW;Kasımpaşa;18;2001;0;;;;;0;;0;;1;;;;;;;Matches
438;Arda Özçimen\Arda-Ozcimen;tr TUR;GK;Göztepe;17;2002;0;;;;;0;;0;;1;;;;;;;Matches
439;Hamza Özdemir\Hamza-Ozdemir;tr TUR;DF;Alanyaspor;18;2001;0;;;;;0;;0;;6;;;;;;;Matches
440;Özer Özdemir\Ozer-Ozdemir;tr TUR;DF;Yeni Mal'spor;21;1998;8;544;68;26.3;6.0;5;90;3;31;15;1.25;9;9;0;0.00;-0.06;Matches
441;Kenan Özer\Kenan-Ozer;tr TUR;FWMF;Gaziantep FK;31;1987;19;503;26;23.3;5.6;4;71;15;15;4;1.11;12;9;+3;+0.54;+0.92;Matches
442;Erdem Özgenç\Erdem-Ozgenc;tr TUR;DF;Gençlerbirliği;34;1984;14;1129;81;52.3;12.5;13;86;1;9;6;1.50;18;16;+2;+0.16;+1.21;Matches
443;Muhammet Özkal\Muhammet-Ozkal;tr TUR;DF;Denizlispor;19;1999;1;31;31;1.4;0.3;0;;1;31;5;0.00;1;0;+1;+2.90;+3.33;Matches
444;Serdar Özkan\Serdar-Ozkan;tr TUR;MF;Antalyaspor;32;1987;12;732;61;33.9;8.1;7;74;5;43;4;0.58;9;13;-4;-0.49;+0.20;Matches
445;Ege Özkayimoglu\Ege-Ozkayimoglu;tr TUR;MF;Göztepe;18;2001;1;4;4;0.2;0.0;0;;1;4;9;1.00;0;0;0;0.00;-0.17;Matches
446;Hakan Özmert\Hakan-Ozmert;tr TUR;MF;Antalyaspor;34;1985;19;1345;71;62.3;14.9;16;80;3;22;2;1.11;18;29;-11;-0.74;-0.29;Matches
447;Yasin Öztekin\Yasin-Oztekin;tr TUR;MF;Sivasspor;32;1987;7;245;35;11.3;2.7;1;79;6;28;0;1.57;7;3;+4;+1.47;+0.76;Matches
448;Yasin Öztekin\Yasin-Oztekin;tr TUR;MF;Göztepe;32;1987;8;157;20;7.6;1.7;1;61;7;14;9;0.38;0;7;-7;-4.01;-4.53;Matches
449;Ferhat Öztorun\Ferhat-Oztorun;tr TUR;DF;Konyaspor;32;1987;8;590;74;27.3;6.6;8;74;0;;11;0.63;2;7;-5;-0.76;-0.30;Matches
450;Alpaslan Öztürk\Alpaslan-Ozturk;be BEL;DF;Göztepe;26;1993;18;1304;72;63.0;14.5;15;85;3;8;0;1.39;20;14;+6;+0.41;+0.65;Matches
451;Bahadır Öztürk\Bahadir-Ozturk;tr TUR;DF;Antalyaspor;23;1995;11;893;81;41.3;9.9;11;81;0;;0;1.09;10;16;-6;-0.60;+0.03;Matches
452;Fatih Öztürk\Fatih-Ozturk;tr TUR;GK;Kasımpaşa;32;1986;20;1800;90;83.3;20.0;20;90;0;;0;0.75;26;44;-18;-0.90;-0.90;Matches
453;Oğuzhan Özyakup\Oguzhan-Ozyakup;tr TUR;MF;Beşiktaş;26;1992;12;448;37;19.9;5.0;4;77;8;17;5;1.92;12;7;+5;+1.00;+0.85;Matches
454;Murat Paluli\Murat-Paluli;tr TUR;DF;Göztepe;24;1994;3;225;75;10.9;2.5;2;90;1;45;16;2.00;3;1;+2;+0.80;+0.70;Matches
455;Paul Papp\Paul-Papp;ro ROU;DF;Sivasspor;29;1989;3;75;25;3.5;0.8;1;65;2;5;21;1.67;0;1;-1;-1.20;-2.06;Matches
456;İlhan Parlak\Ilhan-Parlak;tr TUR;MFFW;Ankaragücü;32;1987;24;1804;75;80.2;20.0;20;87;4;14;0;0.83;18;34;-16;-0.80;+0.61;Matches
457;Abdülkadir Parmak\Abdulkadir-Parmak;tr TUR;MF;Trabzonspor;24;1994;17;1050;62;50.7;11.7;11;80;6;28;2;2.29;32;13;+19;+1.63;+0.75;Matches
458;David Pavelka\David-Pavelka;cz CZE;DF;Kasımpaşa;28;1991;3;206;69;9.5;2.3;2;66;1;74;0;2.00;4;1;+3;+1.31;+2.28;Matches
459;Bartłomiej Pawłowski\Bartlomiej-Pawlowski;pl POL;FW;Gaziantep FK;26;1992;15;419;28;19.4;4.7;2;72;13;21;7;1.27;5;13;-8;-1.72;-1.93;Matches
460;Michał Pazdan\Michal-Pazdan;pl POL;DF;Ankaragücü;31;1987;23;1949;85;86.6;21.7;22;88;1;3;1;0.74;17;43;-26;-1.20;-2.10;Matches
461;Halil Pehlivan\Halil-Pehlivan;tr TUR;DF;Gençlerbirliği;26;1993;13;990;76;45.8;11.0;11;86;2;25;9;1.54;17;20;-3;-0.27;+0.27;Matches
462;Yasin Pehlivan\Yasin-Pehlivan;at AUT;MF;Gençlerbirliği;30;1989;11;753;68;34.9;8.4;9;78;2;24;7;1.00;9;14;-5;-0.60;-0.28;Matches
463;Mustafa Pektemek\Mustafa-Pektemek;tr TUR;MFFW;Kasımpaşa;30;1988;16;981;61;45.4;10.9;11;80;5;21;1;0.94;17;17;0;0.00;+1.37;Matches
464;Mustafa Pektemek\Mustafa-Pektemek;tr TUR;FW;Alanyaspor;30;1988;4;69;17;3.2;0.8;0;;4;17;3;0.25;0;1;-1;-1.30;-2.12;Matches
465;João Pereira\Joao-Pereira;pt POR;DF;Trabzonspor;35;1984;21;1890;90;91.3;21.0;21;90;0;;0;2.00;46;22;+24;+1.14;-1.36;Matches
466;Tiago Pinto\Tiago-Pinto;pt POR;DF;Ankaragücü;31;1988;21;1824;87;81.1;20.3;20;89;1;45;1;0.90;19;36;-17;-0.84;+0.43;Matches
467;Lukas Podolski\Lukas-Podolski;de GER;MF;Antalyaspor;34;1985;4;121;30;5.6;1.3;1;88;3;11;1;2.00;4;2;+2;+1.49;+2.24;Matches
468;Furkan Polat\Furkan-Polat;tr TUR;MF;Kayserispor;21;1998;4;61;15;2.8;0.7;0;;4;15;1;0.75;1;5;-4;-5.90;-4.74;Matches
469;Savaş Polat\Savas-Polat;tr TUR;DF;Konyaspor;22;1997;0;;;;;0;;0;;3;;;;;;;Matches
470;Pierre-Yves Polomat\Pierre-Yves-Polomat;fr FRA;DFMF;Gençlerbirliği;25;1993;15;1274;85;59.0;14.2;15;85;0;;3;0.87;16;25;-9;-0.64;-0.53;Matches
471;Carlos Ponck\Carlos-Ponck;cv CPV;DF;Başakşehir;24;1995;15;1171;78;54.2;13.0;13;90;2;2;8;2.20;24;14;+10;+0.77;-0.32;Matches
472;Strahil Popov\Strahil-Popov;bg BUL;DF;Kasımpaşa;28;1990;14;1198;86;55.5;13.3;14;86;0;;1;0.86;20;25;-5;-0.38;+0.84;Matches
473;Alper Potuk\Alper-Potuk;tr TUR;FW;Fenerbahçe;28;1991;5;102;20;4.7;1.1;1;71;4;8;12;2.00;2;0;+2;+1.76;+1.28;Matches
474;Benoît Poulain\Benoit-Poulain;fr FRA;DF;Kayserispor;32;1987;14;1197;86;55.4;13.3;14;86;0;;1;0.71;11;30;-19;-1.43;-0.31;Matches
475;Ricardo Quaresma\Ricardo-Quaresma;pt POR;MF;Beşiktaş;35;1983;1;62;62;2.8;0.7;1;62;0;;1;0.00;0;2;-2;-2.90;-3.31;Matches
476;Ricardo Quaresma\Ricardo-Quaresma;pt POR;MF;Kasımpaşa;35;1983;17;1217;72;56.3;13.5;15;76;2;36;1;0.76;17;26;-9;-0.67;+0.19;Matches
477;Adil Rami\Adil-Rami;fr FRA;DF;Fenerbahçe;33;1985;1;45;45;2.1;0.5;1;45;0;;14;3.00;1;1;0;0.00;-0.55;Matches
478;Flávio Ramos\Flavio-Ramos;br BRA;DF;Gençlerbirliği;25;1994;17;1453;85;67.3;16.1;17;85;0;;6;1.18;21;25;-4;-0.25;+0.52;Matches
479;Abdou Razack Traoré\Abdou-Razack-Traore;bf BFA;MF;Sivasspor;30;1988;9;300;33;13.9;3.3;3;60;6;20;7;2.11;8;2;+6;+1.80;+1.17;Matches
480;Pedro Rebocho\Pedro-Rebocho;pt POR;DF;Beşiktaş;24;1995;9;626;70;27.8;7.0;8;78;1;4;12;1.78;9;8;+1;+0.14;-0.24;Matches
481;Wallace Reis\Wallace-Reis;br BRA;DF;Göztepe;31;1987;8;511;64;24.7;5.7;5;85;3;29;10;1.38;5;9;-4;-0.70;-1.17;Matches
482;Ricardo\Ricardo;br BRA;GK;Ankaragücü;26;1993;5;450;90;20.0;5.0;5;90;0;;1;1.20;4;7;-3;-0.60;+0.40;Matches
483;Ben Rienstra\Ben-Rienstra;nl NED;MFDF;Kayserispor;29;1990;18;1274;71;59.0;14.2;13;89;5;23;4;0.78;12;39;-27;-1.91;-1.50;Matches
484;Gelmin Rivas\Gelmin-Rivas;ve VEN;FW;Ankaragücü;30;1989;2;25;13;1.1;0.3;0;;2;13;3;1.50;0;1;-1;-3.60;-2.71;Matches
485;Robinho\Robinho;br BRA;MF;Başakşehir;35;1984;8;274;34;12.7;3.0;2;68;6;23;8;1.63;6;4;+2;+0.66;-0.30;Matches
486;Enzo Roco\Enzo-Roco;cl CHI;DF;Beşiktaş;26;1992;6;522;87;23.2;5.8;6;87;0;;14;1.50;10;10;0;0.00;-0.42;Matches
487;Hugo Rodallega\Hugo-Rodallega;co COL;FW;Denizlispor;34;1985;21;1822;87;84.4;20.2;20;90;1;22;0;1.14;19;28;-9;-0.44;-0.44;Matches
488;Garry Rodrigues\Garry-Rodrigues;cv CPV;MF;Fenerbahçe;28;1990;18;1245;69;57.6;13.8;15;78;3;25;0;1.89;29;19;+10;+0.72;+0.43;Matches
489;Gerson Rodrigues\Gerson-Rodrigues;lu LUX;MFFW;Ankaragücü;24;1995;6;532;89;23.6;5.9;6;89;0;;0;1.17;5;7;-2;-0.34;+0.76;Matches
490;Víctor Ruiz\Victor-Ruiz;es ESP;DF;Beşiktaş;30;1989;16;1440;90;64.0;16.0;16;90;0;;1;2.00;28;17;+11;+0.69;+1.02;Matches
491;Serhiy Rybalka\Serhiy-Rybalka;ua UKR;MF;Sivasspor;29;1990;3;69;23;3.2;0.8;0;;3;23;0;1.33;1;0;+1;+1.30;+0.53;Matches
492;Isaac Sackey\Isaac-Sackey;gh GHA;MF;Denizlispor;25;1994;15;1009;67;46.7;11.2;13;75;2;15;3;0.87;7;19;-12;-1.07;-1.30;Matches
493;Hadi Sacko\Hadi-Sacko;ml MLI;MF;Denizlispor;25;1994;20;1076;54;49.8;12.0;13;74;7;16;1;1.00;10;16;-6;-0.50;-0.25;Matches
494;Zaur Sadayev\Zaur-Sadayev;ru RUS;FW;Ankaragücü;29;1989;5;59;12;2.6;0.7;0;;5;12;9;1.20;1;1;0;0.00;+0.94;Matches
495;Loret Sadiku\Loret-Sadiku;al ALB;MFDF;Kasımpaşa;28;1991;8;624;78;28.9;6.9;7;86;1;24;1;1.00;12;13;-1;-0.14;+0.85;Matches
496;Murat Saglam\Murat-Saglam;tr TUR;MF;Fenerbahçe;21;1998;0;;;;;0;;0;;12;;;;;;;Matches
497;Emre Sağlık\Emre-Saglik;tr TUR;DF;Denizlispor;21;1997;0;;;;;0;;0;;8;;;;;;;Matches
498;Furkan Sagman\Furkan-Sagman;de GER;MF;Sivasspor;19;2000;0;;;;;0;;0;;7;;;;;;;Matches
499;Olcay Şahan\Olcay-Sahan;tr TUR;MFDF;Denizlispor;32;1987;19;1114;59;51.6;12.4;12;77;7;26;4;1.05;17;17;0;0.00;+0.77;Matches
500;Cenk Şahin\Cenk-Sahin;tr TUR;MF;Kayserispor;24;1994;5;150;30;6.9;1.7;1;79;4;18;2;0.60;1;5;-4;-2.40;-1.19;Matches
501;Abdullah Sahindere\Abdullah-Sahindere;tr TUR;MF;Gençlerbirliği;16;2003;0;;;;;0;;0;;1;;;;;;;Matches
502;Sedat Şahintürk\Sedat-Sahinturk;tr TUR;MF;Denizlispor;23;1996;6;172;29;8.0;1.9;1;67;5;21;17;0.17;0;3;-3;-1.57;-1.30;Matches
503;Mehmet Sak\Mehmet-Sak;tr TUR;DFMF;Ankaragücü;29;1990;9;421;47;18.7;4.7;5;70;4;18;8;0.67;0;8;-8;-1.71;-0.97;Matches
504;Mamadou Samassa\Mamadou-Samassa;ml MLI;GK;Sivasspor;29;1990;24;2115;88;97.9;23.5;24;88;0;;0;2.00;43;26;+17;+0.72;-3.28;Matches
505;Braian Samudio\Braian-Samudio;py PAR;MFFW;Rizespor;23;1995;21;1235;59;59.7;13.7;14;82;7;13;1;1.14;16;25;-9;-0.66;-0.01;Matches
506;Nazim Sangaré\Nazim-Sangare;tr TUR;DF;Antalyaspor;25;1994;17;1530;90;70.8;17.0;17;90;0;;0;0.82;15;33;-18;-1.06;-1.49;Matches
507;Bubacarr Sanneh\Bubacarr-Sanneh;gm GAM;DF;Göztepe;24;1994;2;180;90;8.7;2.0;2;90;0;;5;0.00;0;4;-4;-2.00;-2.38;Matches
508;Cristian Săpunaru\Cristian-Sapunaru;ro ROU;DF;Kayserispor;35;1984;4;360;90;16.7;4.0;4;90;0;;1;2.00;6;4;+2;+0.50;+2.15;Matches
509;Cristian Săpunaru\Cristian-Sapunaru;ro ROU;DF;Denizlispor;35;1984;14;1155;83;53.5;12.8;13;87;1;27;0;1.29;12;18;-6;-0.47;-0.20;Matches
510;Marcelo Saracchi\Marcelo-Saracchi;uy URU;DF;Galatasaray;21;1998;5;346;69;16.0;3.8;5;69;0;;0;3.00;10;2;+8;+2.08;+1.29;Matches
511;Veysel Sarı\Veysel-Sari;tr TUR;DF;Kasımpaşa;31;1988;13;973;75;45.0;10.8;11;86;2;14;0;0.92;15;23;-8;-0.74;+0.02;Matches
512;Veysel Sarı\Veysel-Sari;tr TUR;DF;Antalyaspor;31;1988;5;450;90;20.8;5.0;5;90;0;;1;1.80;9;5;+4;+0.80;+1.80;Matches
513;Yusuf Sari\Yusuf-Sari;tr TUR;MFFW;Trabzonspor;20;1998;13;693;53;33.5;7.7;8;73;5;22;2;1.92;16;7;+9;+1.17;-0.14;Matches
514;Zvonimir Šarlija\Zvonimir-Sarlija;hr CRO;DF;Kasımpaşa;22;1996;2;130;65;6.0;1.4;1;90;1;40;1;0.00;1;5;-4;-2.77;-2.15;Matches
515;Ali Şaşal Vural\Ali-Sasal-Vural;tr TUR;GK;Sivasspor;29;1990;0;;;;;0;;0;;23;;;;;;;Matches
516;Yan Sasse\Yan-Sasse;br BRA;MFFW;Rizespor;22;1997;10;386;39;18.6;4.3;3;73;7;24;4;0.60;4;13;-9;-2.10;-1.78;Matches
517;Allahyar Sayyadmanesh\Allahyar-Sayyadmanesh;ir IRN;FW;Fenerbahçe;18;2001;0;;;;;0;;0;;4;;;;;;;Matches
518;Ezequiel Scarione\Ezequiel-Scarione;ar ARG;MFFW;Ankaragücü;34;1985;6;265;44;11.8;2.9;3;74;3;14;4;1.00;5;3;+2;+0.68;+1.81;Matches
519;Marko Šćepović\Marko-Scepovic;rs SRB;FW;Rizespor;28;1991;10;356;36;17.2;4.0;3;71;7;20;4;0.50;1;5;-4;-1.01;-0.43;Matches
520;Léo Schwechlen\Leo-Schwechlen;fr FRA;DF;Göztepe;30;1989;5;450;90;21.7;5.0;5;90;0;;18;1.20;5;6;-1;-0.20;-0.48;Matches
521;Erdem Seçgin\Erdem-Secgin;tr TUR;MF;Beşiktaş;19;2000;0;;;;;0;;0;;6;;;;;;;Matches
522;Jesse Sekidika\Jesse-Sekidika;ng NGA;FW;Galatasaray;23;1996;3;14;5;0.6;0.2;0;;3;5;3;3.00;1;0;+1;+6.43;+5.46;Matches
523;Ahmet Şen\Ahmet-Sen;tr TUR;GK;Galatasaray;20;1999;0;;;;;0;;0;;1;;;;;;;Matches
524;Cenk Şen\Cenk-Sen;tr TUR;MF;Antalyaspor;18;2000;0;;;;;0;;0;;1;;;;;;;Matches
525;Tarkan Serbest\Tarkan-Serbest;tr TUR;MF;Kasımpaşa;25;1994;6;428;71;19.8;4.8;5;80;1;29;1;0.67;3;14;-11;-2.31;-1.95;Matches
526;Jean Seri\Jean-Seri;ci CIV;MF;Galatasaray;28;1991;17;1182;70;54.7;13.1;13;84;4;22;2;2.29;30;5;+25;+1.90;+2.00;Matches
527;Stéphane Sessègnon\Stephane-Sessegnon;bj BEN;MF;Gençlerbirliği;35;1984;23;2055;89;95.1;22.8;23;89;0;;0;1.17;31;39;-8;-0.35;+1.36;Matches
528;Mats Seuntjens\Mats-Seuntjens;nl NED;MF;Gençlerbirliği;27;1992;11;266;24;12.3;3.0;3;56;8;12;13;1.09;6;4;+2;+0.68;+1.25;Matches
529;Selahattin Seyhun\Selahattin-Seyhun;tr TUR;FW;Kayserispor;20;1999;1;13;13;0.6;0.1;0;;1;13;1;0.00;1;1;0;0.00;+1.30;Matches
530;Levan Shengelia\Levan-Shengelia;ge GEO;MF;Konyaspor;23;1995;16;938;59;43.4;10.4;10;77;6;28;4;1.13;11;13;-2;-0.19;+0.62;Matches
531;Charles Fernando Basílio da Silva\Charles-Fernando-Basilio-da-Silva;br BRA;MF;Antalyaspor;34;1985;17;1240;73;57.4;13.8;14;85;3;18;4;0.94;12;27;-15;-1.09;-1.09;Matches
532;Doğukan Sınık\Dogukan-Sinik;tr TUR;MF;Antalyaspor;20;1999;14;716;51;33.1;8.0;8;78;6;16;5;1.00;5;15;-10;-1.26;-0.95;Matches
533;Giovanni Sio\Giovanni-Sio;ci CIV;MFFW;Gençlerbirliği;30;1989;20;1582;79;73.2;17.6;18;84;2;31;0;1.15;25;27;-2;-0.11;+1.13;Matches
534;Emmanouil Siopis\Emmanouil-Siopis;gr GRE;MF;Alanyaspor;25;1994;22;1913;87;88.6;21.3;21;89;1;35;0;1.64;36;21;+15;+0.71;-0.39;Matches
535;Jailson Siqueira\Jailson-Siqueira;br BRA;DF;Fenerbahçe;23;1995;21;1472;70;68.1;16.4;15;90;6;20;3;1.71;27;19;+8;+0.49;-0.16;Matches
536;Mario Šitum\Mario-Situm;hr CRO;MFDF;Kayserispor;27;1992;7;401;57;18.6;4.5;5;76;2;11;0;1.29;6;12;-6;-1.35;-0.07;Matches
537;Guilherme Sityá\Guilherme-Sitya;pt POR;DF;Konyaspor;29;1990;5;450;90;20.8;5.0;5;90;0;;1;0.80;3;5;-2;-0.40;+0.18;Matches
538;Milan Škoda\Milan-Skoda;cz CZE;FW;Rizespor;33;1986;6;536;89;25.9;6.0;6;89;0;;0;0.67;7;11;-4;-0.67;-0.03;Matches
539;Martin Škrtel\Martin-Skrtel;sk SVK;DF;Başakşehir;34;1984;12;893;74;41.3;9.9;10;88;2;7;2;2.17;21;9;+12;+1.21;+0.50;Matches
540;Nejc Skubic\Nejc-Skubic;si SVN;DF;Konyaspor;30;1989;22;1952;89;90.4;21.7;22;89;0;;1;0.95;18;29;-11;-0.51;+0.36;Matches
541;Petar Škuletić\Petar-Skuletic;rs SRB;FW;Sivasspor;29;1990;1;27;27;1.3;0.3;0;;1;27;0;0.00;0;2;-2;-6.67;-7.55;Matches
542;José Sosa\Jose-Sosa;ar ARG;MF;Trabzonspor;34;1985;21;1828;87;88.3;20.3;21;87;0;;0;2.00;47;22;+25;+1.23;-0.26;Matches
543;André Sousa\Andre-Sousa;pt POR;MF;Gaziantep FK;29;1990;5;436;87;20.2;4.8;5;87;0;;0;1.40;8;8;0;0.00;+0.21;Matches
544;Claudemir de Souza\Claudemir-de-Souza;br BRA;MF;Sivasspor;31;1988;5;154;31;7.1;1.7;0;;5;31;1;1.40;5;2;+3;+1.75;+1.04;Matches
545;Furkan Soyalp\Furkan-Soyalp;tr TUR;FWMF;Başakşehir;24;1995;1;24;24;1.1;0.3;0;;1;24;1;0.00;0;2;-2;-7.50;-8.51;Matches
546;Furkan Soyalp\Furkan-Soyalp;tr TUR;MF;Gaziantep FK;24;1995;9;232;26;10.7;2.6;3;61;6;8;7;1.00;3;4;-1;-0.39;-0.25;Matches
547;Adam Stachowiak\Adam-Stachowiak;pl POL;GK;Denizlispor;32;1986;24;2160;90;100.0;24.0;24;90;0;;0;1.13;23;32;-9;-0.37;;Matches
548;Bogdan Stancu\Bogdan-Stancu;ro ROU;FWMF;Gençlerbirliği;32;1987;17;1252;74;58.0;13.9;14;85;3;21;1;1.41;27;20;+7;+0.50;+2.19;Matches
549;Miloš Stanojević\Milos-Stanojevic;rs SRB;MF;Ankaragücü;25;1993;1;35;35;1.6;0.4;1;35;0;;3;0.00;0;0;0;0.00;+0.93;Matches
550;Daniel Sturridge\Daniel-Sturridge;eng ENG;MFFW;Trabzonspor;29;1989;11;521;47;25.2;5.8;7;64;4;18;3;2.18;16;7;+9;+1.55;+0.39;Matches
551;Alexander Sørloth\Alexander-Sorloth;no NOR;FW;Trabzonspor;23;1995;23;2050;89;99.0;22.8;23;89;0;;0;2.09;54;23;+31;+1.36;+10.36;Matches
552;Montassar Talbi\Montassar-Talbi;tn TUN;DF;Rizespor;21;1998;16;1440;90;69.6;16.0;16;90;0;;1;1.00;18;28;-10;-0.62;+0.09;Matches
553;Yusuf Talum\Yusuf-Talum;tr TUR;MF;Göztepe;17;2001;0;;;;;0;;0;;2;;;;;;;Matches
554;Emre Taşdemir\Emre-Tasdemir;tr TUR;DF;Kayserispor;23;1995;5;450;90;20.8;5.0;5;90;0;;1;1.60;6;7;-1;-0.20;+1.38;Matches
555;Emre Taşdemir\Emre-Tasdemir;tr TUR;MFDF;Galatasaray;23;1995;6;264;44;12.2;2.9;3;84;3;4;8;1.67;6;4;+2;+0.68;-0.36;Matches
556;Ertuğrul Taşkıran\Ertugrul-Taskiran;tr TUR;GK;Konyaspor;29;1989;2;177;89;8.2;2.0;1;90;1;87;20;0.00;1;7;-6;-3.05;-2.73;Matches
557;Mahmut Tekdemir\Mahmut-Tekdemir;tr TUR;MF;Başakşehir;31;1988;15;1281;85;59.3;14.2;15;85;0;;2;2.27;28;12;+16;+1.12;+0.51;Matches
558;Harun Tekin\Harun-Tekin;tr TUR;GK;Fenerbahçe;30;1989;0;;;;;0;;0;;23;;;;;;;Matches
559;Thuram\Thuram;br BRA;FW;Konyaspor;28;1991;6;416;69;19.3;4.6;4;87;2;35;1;1.17;0;4;-4;-0.87;-0.40;Matches
560;Mickaël Tirpan\Mickael-Tirpan;be BEL;MFDF;Kasımpaşa;25;1993;6;530;88;24.5;5.9;6;88;0;;0;0.83;5;9;-4;-0.68;+0.09;Matches
561;Titi\Titi;br BRA;DF;Göztepe;31;1988;21;1890;90;91.3;21.0;21;90;0;;0;1.48;26;24;+2;+0.10;-0.90;Matches
562;Dorukhan Toköz\Dorukhan-Tokoz;tr TUR;MFDF;Beşiktaş;23;1996;6;484;81;21.5;5.4;6;81;0;;0;0.83;5;10;-5;-0.93;-1.59;Matches
563;Mehmet Topal\Mehmet-Topal;tr TUR;MFDF;Başakşehir;33;1986;15;924;62;42.8;10.3;10;82;5;21;5;2.00;16;10;+6;+0.58;-0.58;Matches
564;Emir Topçu\Emir-Topcu;tr TUR;DF;Rizespor;18;2000;0;;;;;0;;0;;2;;;;;;;Matches
565;Azad Toptik\Azad-Toptik;de GER;MF;Kasımpaşa;20;1999;0;;;;;0;;0;;13;;;;;;;Matches
566;Gökhan Töre\Gokhan-Tore;tr TUR;MFFW;Yeni Mal'spor;27;1992;13;718;55;34.7;8.0;8;73;5;27;2;0.77;10;13;-3;-0.38;-0.64;Matches
567;Tunay Torun\Tunay-Torun;tr TUR;FWMF;Rizespor;29;1990;1;25;25;1.2;0.3;0;;1;25;2;0.00;1;4;-3;-10.80;-10.27;Matches
568;Alin Toșca\Alin-Tosca;ro ROU;DF;Gaziantep FK;27;1992;24;2160;90;100.0;24.0;24;90;0;;0;1.29;35;39;-4;-0.17;;Matches
569;Cafer Tosun\Cafer-Tosun;tr TUR;MF;Trabzonspor;19;1999;2;16;8;0.8;0.2;0;;2;8;5;3.00;1;0;+1;+5.63;+4.40;Matches
570;Zargo Touré\Zargo-Toure;sn SEN;DF;Gençlerbirliği;29;1989;23;2066;90;95.6;23.0;23;90;0;;0;1.04;26;42;-16;-0.70;-6.44;Matches
571;Eren Tozlu\Eren-Tozlu;tr TUR;FW;Yeni Mal'spor;28;1990;6;114;19;5.5;1.3;0;;6;19;7;0.33;3;2;+1;+0.79;+0.79;Matches
572;Zlatko Tripić\Zlatko-Tripic;no NOR;FWMF;Göztepe;26;1992;2;13;7;0.6;0.1;0;;2;7;3;1.50;0;0;0;0.00;-0.18;Matches
573;Ozan Tufan\Ozan-Tufan;tr TUR;MFDF;Fenerbahçe;24;1995;24;2155;90;99.8;23.9;24;90;0;;0;1.63;43;30;+13;+0.54;+0.54;Matches
574;Fatih Tultak\Fatih-Tultak;tr TUR;DF;Ankaragücü;18;2001;0;;;;;0;;0;;5;;;;;;;Matches
575;Ali Turan\Ali-Turan;tr TUR;DF;Konyaspor;35;1983;14;1063;76;49.2;11.8;13;82;1;0;7;1.00;11;17;-6;-0.51;+0.07;Matches
576;Arda Turan\Arda-Turan;tr TUR;MF;Başakşehir;32;1987;9;179;20;8.3;2.0;2;56;7;10;1;1.89;3;6;-3;-1.51;-2.64;Matches
577;Atila Turan\Atila-Turan;tr TUR;DF;Ankaragücü;27;1992;4;149;37;6.6;1.7;1;90;3;20;1;1.50;1;4;-3;-1.81;-0.96;Matches
578;Atila Turan\Atila-Turan;tr TUR;DFMF;Kayserispor;27;1992;5;351;70;16.3;3.9;4;84;1;16;5;0.40;1;8;-7;-1.79;-0.60;Matches
579;Hüseyin Türkmen\Huseyin-Turkmen;tr TUR;DF;Trabzonspor;21;1998;20;1667;83;80.5;18.5;18;90;2;24;3;2.30;47;19;+28;+1.51;+1.29;Matches
580;Deniz Turuc\Deniz-Turuc;tr TUR;MF;Fenerbahçe;26;1993;18;899;50;41.6;10.0;8;79;10;27;5;1.39;17;15;+2;+0.20;-0.58;Matches
581;Patrick Twumasi\Patrick-Twumasi;gh GHA;MFFW;Gaziantep FK;25;1994;21;1429;68;66.2;15.9;16;81;5;27;2;1.29;20;24;-4;-0.25;-0.25;Matches
582;Georgios Tzavellas\Georgios-Tzavellas;gr GRE;DF;Alanyaspor;31;1987;10;769;77;35.6;8.5;8;90;2;25;14;1.50;11;9;+2;+0.23;-0.80;Matches
583;Salih Uçan\Salih-Ucan;tr TUR;MF;Alanyaspor;25;1994;17;666;39;30.8;7.4;7;70;10;18;3;2.00;18;5;+13;+1.76;+1.46;Matches
584;Uğur Uçar\Ugur-Ucar;tr TUR;DF;Başakşehir;32;1987;1;;0;0.0;0.0;0;;1;0;18;1.00;1;1;0;;;Matches
585;Alper Uludağ\Alper-Uludag;tr TUR;DF;Konyaspor;28;1990;12;898;75;41.6;10.0;11;81;1;4;9;1.17;10;15;-5;-0.50;+0.07;Matches
586;Aminu Umar\Aminu-Umar;ng NGA;MF;Rizespor;24;1995;18;1346;75;65.0;15.0;15;84;3;27;0;0.94;16;20;-4;-0.27;+1.10;Matches
587;İsmail Ünal\Ismail-Unal;tr TUR;GK;Alanyaspor;21;1997;0;;;;;0;;0;;1;;;;;;;Matches
588;Veysel Ünal\Veysel-Unal;tr TUR;FW;Alanyaspor;18;2001;0;;;;;0;;0;;9;;;;;;;Matches
589;Onur Ural\Onur-Ural;tr TUR;DF;Kasımpaşa;22;1997;0;;;;;0;;0;;2;;;;;;;Matches
590;Kaan Uykur\Kaan-Uykur;tr TUR;DF;Ankaragücü;21;1998;0;;;;;0;;0;;1;;;;;;;Matches
591;Necip Uysal\Necip-Uysal;tr TUR;DFMF;Beşiktaş;28;1991;9;396;44;17.6;4.4;4;90;5;7;15;1.67;4;8;-4;-0.91;-1.49;Matches
592;Anthony Uzodimma\Anthony-Uzodimma;ng NGA;MF;Kayserispor;20;1999;1;57;57;2.6;0.6;1;57;0;;2;0.00;0;2;-2;-3.16;-1.92;Matches
593;Fıratcan Üzüm\Firatcan-Uzum;tr TUR;MF;Trabzonspor;20;1999;3;21;7;1.0;0.2;0;;3;7;15;1.33;0;1;-1;-4.29;-5.60;Matches
594;Ömer Uzun\Omer-Uzun;tr TUR;MF;Kayserispor;19;2000;2;89;45;4.1;1.0;1;86;1;3;5;0.00;2;6;-4;-4.04;-2.87;Matches
595;Olivier Veigneau\Olivier-Veigneau;fr FRA;DF;Kasımpaşa;34;1985;5;333;67;15.4;3.7;3;90;2;32;10;0.20;4;9;-5;-1.35;-0.71;Matches
596;Amedej Vetrih\Amedej-Vetrih;si SVN;MF;Rizespor;28;1990;17;1226;72;59.2;13.6;15;81;2;8;1;1.24;12;18;-6;-0.44;+0.52;Matches
597;Domagoj Vida\Domagoj-Vida;hr CRO;DF;Beşiktaş;30;1989;24;2052;86;91.2;22.8;24;86;0;;0;1.75;36;27;+9;+0.39;+0.85;Matches
598;Hugo Vieira\Hugo-Vieira;pt POR;FW;Sivasspor;31;1988;0;;;;;0;;0;;15;;;;;;;Matches
599;Miguel Vieira\Miguel-Vieira;pt POR;DF;Başakşehir;28;1990;1;90;90;4.2;1.0;1;90;0;;9;0.00;1;2;-1;-1.00;-2.00;Matches
600;Edin Višća\Edin-Visca;ba BIH;MF;Başakşehir;29;1990;24;2146;89;99.4;23.8;24;89;0;;0;2.04;46;23;+23;+0.96;+7.39;Matches
601;Güray Vural\Guray-Vural;tr TUR;MFDF;Gaziantep FK;31;1988;19;1419;75;65.7;15.8;19;75;0;;0;1.53;24;17;+7;+0.44;+1.78;Matches
602;Rémi Walter\Remi-Walter;fr FRA;MF;Yeni Mal'spor;24;1995;3;188;63;9.1;2.1;2;82;1;25;1;0.00;2;2;0;0.00;-0.05;Matches
603;Welinton\Welinton;br BRA;DF;Alanyaspor;30;1989;21;1857;88;86.0;20.6;21;88;0;;1;1.67;37;21;+16;+0.78;+0.18;Matches
604;Kamil Wilczek\Kamil-Wilczek;pl POL;FW;Göztepe;31;1988;5;179;36;8.6;2.0;2;70;3;13;0;1.60;2;2;0;0.00;-0.19;Matches
605;Güven Yalçın\Guven-Yalcin;tr TUR;FWMF;Beşiktaş;20;1999;13;496;38;22.0;5.5;5;89;8;7;12;1.77;8;11;-3;-0.54;-1.11;Matches
606;Robin Yalçın\Robin-Yalcin;de GER;MFDF;Yeni Mal'spor;25;1994;21;1853;88;89.5;20.6;21;88;0;;0;1.10;32;29;+3;+0.15;+0.98;Matches
607;Taha Yalçıner\Taha-Yalciner;tr TUR;MF;Alanyaspor;32;1987;0;;;;;0;;0;;2;;;;;;;Matches
608;Mert Yandaş\Mert-Yandas;tr TUR;MF;Sivasspor;24;1994;23;1978;86;91.6;22.0;23;86;0;;0;1.96;37;24;+13;+0.59;-2.38;Matches
609;Barış Yardımcı\Baris-Yardimci;tr TUR;DF;Sivasspor;26;1992;1;10;10;0.5;0.1;1;10;0;;4;1.00;0;0;0;0.00;-0.80;Matches
610;Erencan Yardimci\Erencan-Yardimci;tr TUR;FW;Galatasaray;17;2002;0;;;;;0;;0;;2;;;;;;;Matches
611;Ali Yasar\Ali-Yasar;be BEL;DF;Konyaspor;24;1995;3;17;6;0.8;0.2;0;;3;6;10;0.67;1;1;0;0.00;+0.55;Matches
612;Karahan Yasir Subaşı\Karahan-Yasir-Subasi;tr TUR;DF;Kayserispor;23;1996;15;1249;83;57.8;13.9;14;87;1;25;8;0.60;15;38;-23;-1.66;-0.87;Matches
613;Mustapha Yatabaré\Mustapha-Yatabare;ml MLI;FW;Sivasspor;33;1986;23;2007;87;92.9;22.3;23;87;0;;0;1.96;40;25;+15;+0.67;-1.68;Matches
614;Zeki Yavru\Zeki-Yavru;tr TUR;DFMF;Denizlispor;27;1991;21;1599;76;74.0;17.8;19;84;2;2;3;1.29;14;23;-9;-0.51;-0.51;Matches
615;Uğurcan Yazgılı\Ugurcan-Yazgili;tr TUR;DF;Kasımpaşa;20;1999;1;;0;0.0;0.0;0;;1;0;16;0.00;0;0;0;;;Matches
616;Erdoğan Yeşilyurt\Erdogan-Yesilyurt;tr TUR;MFFW;Sivasspor;25;1993;20;939;47;43.5;10.4;11;69;9;20;1;2.15;21;15;+6;+0.58;-0.38;Matches
617;Abdullah Yiğiter\Abdullah-Yigiter;tr TUR;GK;Fenerbahçe;19;2000;0;;;;;0;;0;;1;;;;;;;Matches
618;Muammer Yıldırım\Muammer-Yildirim;tr TUR;GK;Sivasspor;28;1990;1;45;45;2.1;0.5;0;;1;45;19;3.00;2;0;+2;+4.00;+3.28;Matches
619;Murat Yıldırım\Murat-Yildirim;tr TUR;MF;Yeni Mal'spor;32;1987;14;788;56;38.1;8.8;8;82;6;22;6;1.36;15;13;+2;+0.23;+0.30;Matches
620;Ahmet Yılmaz Çalık\Ahmet-Yilmaz-Calik;tr TUR;DF;Galatasaray;25;1994;7;382;55;17.7;4.2;4;90;3;7;17;2.14;8;3;+5;+1.18;+0.22;Matches
621;Burak Yılmaz\Burak-Yilmaz;tr TUR;FW;Beşiktaş;34;1985;19;1609;85;71.5;17.9;18;88;1;32;0;1.74;26;22;+4;+0.22;-0.34;Matches
622;Haydar Yılmaz\Haydar-Yilmaz;tr TUR;GK;Alanyaspor;35;1984;0;;;;;0;;0;;15;;;;;;;Matches
623;Haydar Yılmaz\Haydar-Yilmaz;tr TUR;GK;Gaziantep FK;35;1984;0;;;;;0;;0;;7;;;;;;;Matches
624;Kartal Yılmaz\Kartal-Yilmaz;tr TUR;MF;Beşiktaş;18;2000;1;7;7;0.3;0.1;0;;1;7;12;3.00;0;0;0;0.00;-0.32;Matches
625;Oğuz Yılmaz\Oguz-Yilmaz;tr TUR;DF;Denizlispor;26;1993;18;1572;87;72.8;17.5;17;90;1;42;6;1.11;17;26;-9;-0.52;-0.52;Matches
626;Rıdvan Yılmaz\Ridvan-Yilmaz;tr TUR;DF;Beşiktaş;18;2001;1;90;90;4.0;1.0;1;90;0;;6;0.00;1;2;-1;-1.00;-1.37;Matches
627;Sefa Yılmaz\Sefa-Yilmaz;tr TUR;MFFW;Gençlerbirliği;29;1990;11;548;50;25.4;6.1;7;74;4;7;9;1.27;5;10;-5;-0.82;-0.54;Matches
628;Mustafa Yumlu\Mustafa-Yumlu;tr TUR;DF;Denizlispor;31;1987;18;1324;74;61.3;14.7;15;88;3;2;4;1.44;16;16;0;0.00;+0.97;Matches
629;Hasan Yurtseven\Hasan-Yurtseven;tr TUR;MF;Gaziantep FK;18;2001;0;;;;;0;;0;;9;;;;;;;Matches
630;Utku Yuvakuran\Utku-Yuvakuran;tr TUR;GK;Beşiktaş;21;1997;1;90;90;4.0;1.0;1;90;0;;24;0.00;0;3;-3;-3.00;-3.46;Matches
631;Miha Zajc\Miha-Zajc;si SVN;MF;Fenerbahçe;25;1994;4;107;27;5.0;1.2;0;;4;27;16;1.25;3;0;+3;+2.52;+2.08;Matches
632;Ümran Zambak\Umran-Zambak;nl NED;MF;Kayserispor;18;2000;1;4;4;0.2;0.0;0;;1;4;1;0.00;0;1;-1;-22.50;-21.25;Matches
633;Ulaş Zengin\Ulas-Zengin;tr TUR;DF;Gaziantep FK;22;1997;0;;;;;0;;0;;23;;;;;;;Matches
634;Leonard Zuta\Leonard-Zuta;mk MKD;DFMF;Konyaspor;26;1992;0;;;;;0;;0;;1;;;;;;;Matches
635;Daniel Łukasik\Daniel-Lukasik;pl POL;MF;Ankaragücü;28;1991;6;534;89;23.7;5.9;6;89;0;;0;1.17;4;7;-3;-0.51;+0.54;Matches