Rk;Player;Nation;Pos;Squad;Age;Born;90s;Performance-CrdY;Performance-CrdR;Performance-2CrdY;Performance-Fls;Performance-Fld;Performance-Off;Crs;Int;TklW;Performance-PKwon;Performance-PKcon;Performance-OG;Performance-Recov;Aerial Duels-Won;Aerial Duels-Lost;Aerial Duels-Won%;Matches;
1;Tammy Abraham\Tammy-Abraham;eng ENG;FW;Roma;23-330;1997;0.8;0;0;0;0;2;1;1;0;1;0;0;0;1;0;0;;Matches
2;Francesco Acerbi\Francesco-Acerbi;it ITA;DF;Lazio;33-199;1988;1.0;0;0;0;2;1;0;0;2;0;1;0;0;8;3;1;75.0;Matches
3;Ola Aina\Ola-Aina;ng NGA;DF;Torino;24-324;1996;1.0;0;0;0;2;1;0;6;3;1;0;0;0;11;1;1;50.0;Matches
4;Jean-Daniel Akpa-Akpro\Jean-Daniel-Akpa-Akpro;ci CIV;MF;Lazio;28-321;1992;0.5;0;0;0;1;1;0;0;0;1;0;0;0;3;0;0;;Matches
5;Luis Alberto\Luis-Alberto;es ESP;MF;Lazio;28-334;1992;0.5;0;0;0;0;1;0;0;0;1;0;0;0;4;0;0;;Matches
6;Kelvin Amian\Kelvin-Amian;fr FRA;DF;Spezia;23-201;1998;1.0;0;0;0;0;0;0;1;1;0;0;0;0;4;1;1;50.0;Matches
7;Felipe Anderson\Felipe-Anderson;br BRA;FW;Lazio;28-135;1993;1.0;0;0;0;0;2;0;4;0;1;0;0;0;4;0;1;0.0;Matches
8;Marko Arnautović\Marko-Arnautovic;at AUT;FW;Bologna;32-131;1989;0.9;0;0;0;1;0;0;1;0;1;0;0;0;2;0;0;;Matches
9;Tolgay Arslan\Tolgay-Arslan;de GER;MF;Udinese;31-012;1990;1.8;0;0;0;2;4;0;4;2;1;1;0;0;14;0;1;0.0;Matches
10;Emil Audero\Emil-Audero;it ITA;GK;Sampdoria;24-222;1997;1.0;0;0;0;0;0;0;0;0;0;0;0;0;4;0;0;;Matches
11;Tommaso Augello\Tommaso-Augello;it ITA;DF;Sampdoria;26-363;1994;0.8;0;0;0;0;0;0;2;1;0;0;0;0;3;1;0;100.0;Matches
12;Kaan Ayhan\Kaan-Ayhan;tr TUR;DF;Sassuolo;26-291;1994;0.0;0;0;0;0;0;0;0;0;0;0;0;0;0;0;0;;Matches
13;Milan Badelj\Milan-Badelj;hr CRO;MF;Genoa;32-184;1989;1.0;0;0;0;2;0;0;0;4;2;0;0;0;8;1;0;100.0;Matches
14;Nedim Bajrami\Nedim-Bajrami;ch SUI;MF;Empoli;22-181;1999;1.0;0;0;0;1;2;0;1;1;0;0;0;0;9;0;2;0.0;Matches
15;Filippo Bandinelli\Filippo-Bandinelli;it ITA;MF;Empoli;26-152;1995;0.8;0;0;0;1;0;1;3;3;0;0;0;0;5;1;1;50.0;Matches
16;Antonín Barák\Antonin-Barak;cz CZE;FWMF;Hellas Verona;26-268;1994;1.8;0;0;0;2;1;1;1;0;0;0;0;0;13;6;2;75.0;Matches
17;Nicolò Barella\Nicolo-Barella;it ITA;MF;Inter;24-202;1997;1.8;0;0;0;2;5;0;1;2;3;0;0;0;14;3;1;75.0;Matches
18;Musa Barrow\Musa-Barrow;gm GAM;FW;Bologna;22-287;1998;0.6;0;0;0;0;1;0;1;1;0;0;0;0;2;1;0;100.0;Matches
19;Alessandro Bastoni\Alessandro-Bastoni;it ITA;DF;Inter;22-137;1999;1.9;0;0;0;4;2;0;0;1;3;0;0;0;17;4;2;66.7;Matches
20;Simone Bastoni\Simone-Bastoni;it ITA;MF;Spezia;24-296;1996;1.0;1;0;0;1;0;0;1;4;1;0;0;0;11;2;3;40.0;Matches
21;Rodrigo Becão\Rodrigo-Becao;br BRA;DF;Udinese;25-221;1996;2.0;0;0;0;3;3;0;0;4;3;0;0;0;10;6;0;100.0;Matches
22;Vid Belec\Vid-Belec;si SVN;GK;Salernitana;31-083;1990;1.0;0;0;0;0;0;0;0;0;0;0;0;0;5;0;0;;Matches
23;Andrea Belotti\Andrea-Belotti;it ITA;FW;Torino;27-251;1993;0.3;0;0;0;0;3;0;0;0;0;0;0;0;2;1;6;14.3;Matches
24;Marco Benassi\Marco-Benassi;it ITA;MFDF;Fiorentina;26-354;1994;0.2;0;0;0;0;0;0;0;0;0;0;0;0;1;1;0;100.0;Matches
25;Ismaël Bennacer\Ismael-Bennacer;dz ALG;MF;Milan;23-270;1997;0.2;0;0;0;0;1;0;0;0;1;0;0;0;5;0;0;;Matches
26;Rodrigo Bentancur\Rodrigo-Bentancur;uy URU;MF;Juventus;24-084;1997;1.0;0;0;0;2;1;0;1;1;2;0;0;0;9;1;1;50.0;Matches
27;Bartosz Bereszyński\Bartosz-Bereszynski;pl POL;DF;Sampdoria;29-047;1992;1.0;1;0;0;2;0;0;2;3;1;0;0;0;4;3;0;100.0;Matches
28;Federico Bernardeschi\Federico-Bernardeschi;it ITA;MF;Juventus;27-193;1994;0.7;0;0;0;0;2;0;0;0;0;0;0;0;3;1;0;100.0;Matches
29;Cristiano Biraghi\Cristiano-Biraghi;it ITA;DF;Fiorentina;28-361;1992;1.0;0;0;0;1;1;0;4;2;1;0;0;0;11;0;0;;Matches
30;Davide Biraschi\Davide-Biraschi;it ITA;DF;Genoa;27-057;1994;0.5;0;0;0;1;2;0;0;0;0;0;0;0;4;0;1;0.0;Matches
31;Jeremie Boga\Jeremie-Boga;ci CIV;FW;Sassuolo;24-237;1997;1.0;0;0;0;0;1;1;1;0;0;0;0;0;3;0;1;0.0;Matches
32;Luka Bogdan\Luka-Bogdan;hr CRO;MF;Salernitana;25-155;1996;0.2;0;0;0;1;0;0;1;0;2;0;0;0;1;0;1;0.0;Matches
33;Giacomo Bonaventura\Giacomo-Bonaventura;it ITA;MF;Fiorentina;32-006;1989;0.8;1;0;0;4;0;0;0;2;0;0;0;0;1;0;0;;Matches
34;Federico Bonazzoli\Federico-Bonazzoli;it ITA;FW;Salernitana;24-099;1997;1.0;0;0;0;4;2;2;0;1;1;0;0;0;4;0;2;0.0;Matches
35;Kevin Bonifazi\Kevin-Bonifazi;it ITA;DF;Bologna;25-101;1996;1.0;1;0;0;3;3;0;0;0;1;0;0;0;18;2;2;50.0;Matches
36;Leonardo Bonucci\Leonardo-Bonucci;it ITA;DF;Juventus;34-119;1987;1.0;0;0;0;1;2;0;0;3;0;0;0;0;6;0;2;0.0;Matches
37;Edoardo Bove\Edoardo-Bove;it ITA;MF;Roma;19-104;2002;0.0;0;0;0;0;0;0;0;0;0;0;0;0;0;0;0;;Matches
38;Gleison Bremer\Gleison-Bremer;br BRA;DF;Torino;24-163;1997;0.8;1;0;0;2;0;0;0;4;3;0;0;0;10;4;2;66.7;Matches
39;Marcelo Brozović\Marcelo-Brozovic;hr CRO;MF;Inter;28-285;1992;1.7;1;0;0;4;1;0;1;1;4;0;0;0;20;1;1;50.0;Matches
40;Gianluca Busio\Gianluca-Busio;us USA;MF;Venezia;19-092;2002;1.0;0;0;0;1;2;0;1;5;4;0;0;0;12;4;3;57.1;Matches
41;Davide Calabria\Davide-Calabria;it ITA;DF;Milan;24-265;1996;1.0;0;0;0;1;1;0;2;2;2;0;0;0;7;0;2;0.0;Matches
42;Mattia Caldara\Mattia-Caldara;it ITA;DF;Venezia;27-115;1994;2.0;1;0;0;2;0;0;0;5;2;0;1;0;14;3;1;75.0;Matches
43;Hakan Çalhanoğlu\Hakan-Calhanoglu;tr TUR;MF;Inter;27-201;1994;1.8;0;0;0;1;0;0;7;2;2;0;0;0;14;0;3;0.0;Matches
44;José Callejón\Jose-Callejon;es ESP;FW;Fiorentina;34-198;1987;0.2;0;0;0;0;0;0;0;0;0;0;0;0;0;0;0;;Matches
45;Andrea Cambiaso\Andrea-Cambiaso;it ITA;DF;Genoa;21-189;2000;0.5;0;0;0;0;0;0;0;1;1;0;0;0;2;0;0;;Matches
46;Matteo Cancellieri\Matteo-Cancellieri;it ITA;MF;Hellas Verona;19-197;2002;1.2;0;0;0;2;1;0;1;1;0;0;0;0;5;1;2;33.3;Matches
47;Antonio Candreva\Antonio-Candreva;it ITA;MF;Sampdoria;34-181;1987;1.0;0;0;0;1;0;1;9;0;1;0;0;0;11;0;0;;Matches
48;Leonardo Capezzi\Leonardo-Capezzi;it ITA;MF;Salernitana;26-153;1995;0.9;0;0;0;0;1;0;0;0;1;0;0;0;9;0;4;0.0;Matches
49;Francesco Caputo\Francesco-Caputo;it ITA;FW;Sassuolo;34-022;1987;1.0;0;0;0;0;1;0;0;0;0;0;0;0;3;1;0;100.0;Matches
50;Andrea Carboni\Andrea-Carboni;it ITA;DF;Cagliari;20-205;2001;0.9;0;0;0;0;0;0;2;1;1;0;0;0;9;1;1;50.0;Matches
51;Nicolò Casale\Nicolo-Casale;it ITA;DF;Hellas Verona;23-195;1998;1.2;0;0;0;1;1;0;4;2;2;0;0;0;7;2;0;100.0;Matches
52;Gaetano Castrovilli\Gaetano-Castrovilli;it ITA;MF;Fiorentina;24-192;1997;0.5;0;0;0;0;1;0;0;1;0;0;0;0;5;0;1;0.0;Matches
53;Pietro Ceccaroni\Pietro-Ceccaroni;it ITA;DF;Venezia;25-250;1995;2.0;1;0;0;3;1;0;3;2;1;0;1;0;18;0;0;;Matches
54;Federico Ceccherini\Federico-Ceccherini;it ITA;DF;Hellas Verona;29-109;1992;1.2;0;0;0;5;1;0;0;3;1;0;0;0;5;0;0;;Matches
55;Luca Ceppitelli\Luca-Ceppitelli;it ITA;DF;Cagliari;32-017;1989;0.2;0;0;0;0;1;0;0;0;0;0;0;0;3;4;0;100.0;Matches
56;Giorgio Chiellini\Giorgio-Chiellini;it ITA;DF;Juventus;37-014;1984;0.4;0;0;0;0;0;0;0;0;1;0;0;0;1;0;0;;Matches
57;Federico Chiesa\Federico-Chiesa;it ITA;DF;Juventus;23-307;1997;0.2;0;0;0;0;0;0;1;0;1;0;0;0;1;0;0;;Matches
58;Vlad Chiricheș\Vlad-Chiriches;ro ROU;DF;Sassuolo;31-287;1989;1.0;0;0;0;2;1;0;0;3;0;0;0;0;8;2;4;33.3;Matches
59;Ebrima Colley\Ebrima-Colley;gm GAM;FW;Spezia;21-208;2000;1.0;0;0;0;0;5;1;5;0;0;0;0;0;7;1;1;50.0;Matches
60;Omar Colley\Omar-Colley;gm GAM;DF;Sampdoria;28-308;1992;1.0;0;0;0;2;2;1;0;8;0;0;0;0;6;3;1;75.0;Matches
61;Andrea Consigli\Andrea-Consigli;it ITA;GK;Sassuolo;34-213;1987;1.0;0;0;0;0;0;0;0;0;0;0;0;0;6;0;0;;Matches
62;Joaquín Correa\Joaquin-Correa;ar ARG;MF;Inter;27-015;1994;0.2;0;0;0;0;0;0;0;0;0;0;0;0;1;1;1;50.0;Matches
63;Lassana Coulibaly\Lassana-Coulibaly;ml MLI;MF;Salernitana;25-140;1996;0.8;0;0;0;2;2;0;0;1;1;0;0;0;12;1;3;25.0;Matches
64;Mamadou Coulibaly\Mamadou-Coulibaly;sn SEN;MF;Salernitana;22-206;1999;1.0;0;0;0;2;3;0;0;1;2;0;0;0;10;0;0;;Matches
65;Alessio Cragno\Alessio-Cragno;it ITA;GK;Cagliari;27-061;1994;1.0;0;0;0;0;0;0;0;0;0;0;0;0;6;0;0;;Matches
66;Domenico Criscito\Domenico-Criscito;it ITA;DF;Genoa;34-241;1986;1.0;1;0;0;1;0;0;1;1;2;0;0;0;3;1;0;100.0;Matches
67;Bryan Cristante\Bryan-Cristante;it ITA;MF;Roma;26-178;1995;1.0;0;0;0;1;0;0;0;1;2;0;0;0;11;2;1;66.7;Matches
68;Domen Črnigoj\Domen-Crnigoj;si SVN;MF;Venezia;25-283;1995;0.8;0;0;0;1;0;0;0;2;1;0;0;0;4;1;0;100.0;Matches
69;Giovanni Crociata\Giovanni-Crociata;it ITA;FW;Empoli;24-017;1997;0.2;0;0;0;1;0;0;0;0;0;0;0;0;2;0;0;;Matches
70;Juan Cuadrado\Juan-Cuadrado;co COL;MFDF;Juventus;33-094;1988;0.8;0;0;0;0;2;0;1;1;1;0;0;0;6;0;0;;Matches
71;Patrick Cutrone\Patrick-Cutrone;it ITA;FW;Empoli;23-237;1998;0.8;0;0;0;1;1;0;3;0;0;0;0;0;2;0;1;0.0;Matches
72;Mikkel Damsgaard\Mikkel-Damsgaard;dk DEN;MF;Sampdoria;21-056;2000;1.0;0;0;0;1;2;0;2;2;1;0;0;0;12;1;2;33.3;Matches
73;Danilo\Danilo;br BRA;DFMF;Juventus;30-044;1991;1.0;0;0;0;1;1;0;0;1;1;0;0;0;8;1;0;100.0;Matches
74;Matteo Darmian\Matteo-Darmian;it ITA;DF;Inter;31-269;1989;2.0;0;0;0;3;0;0;3;3;2;0;0;0;9;1;1;50.0;Matches
75;Paweł Dawidowicz\Pawel-Dawidowicz;pl POL;DF;Hellas Verona;26-100;1995;1.2;0;0;0;2;0;0;0;2;4;0;0;0;6;2;3;40.0;Matches
76;Lorenzo De Silvestri\Lorenzo-De-Silvestri;it ITA;DF;Bologna;33-097;1988;1.0;0;0;0;0;1;0;0;1;0;0;0;0;8;1;1;50.0;Matches
77;Grégoire Defrel\Gregoire-Defrel;mq MTQ;FW;Sassuolo;30-072;1991;0.1;0;0;0;1;0;0;0;0;0;0;0;0;4;0;0;;Matches
78;Alessandro Deiola\Alessandro-Deiola;it ITA;FW;Cagliari;26-027;1995;0.7;0;0;0;0;0;0;0;0;1;0;0;0;5;1;0;100.0;Matches
79;Merih Demiral\Merih-Demiral;tr TUR;DF;Atalanta;23-176;1998;0.9;1;0;0;1;1;0;0;0;1;0;0;0;11;2;1;66.7;Matches
80;Gerard Deulofeu\Gerard-Deulofeu;es ESP;FWMF;Udinese;27-168;1994;0.7;0;0;0;0;3;2;2;0;0;0;0;0;5;0;0;;Matches
81;Jacopo Dezi\Jacopo-Dezi;it ITA;MF;Venezia;29-199;1992;0.2;0;0;0;0;0;0;1;1;0;0;0;0;5;1;0;100.0;Matches
82;Samuel Di Carmine\Samuel-Di-Carmine;it ITA;FW;Hellas Verona;32-342;1988;0.4;1;0;0;1;2;0;0;0;0;0;0;0;2;0;1;0.0;Matches
83;Giovanni Di Lorenzo\Giovanni-Di-Lorenzo;it ITA;DF;Napoli;28-024;1993;1.0;0;0;0;0;1;1;0;1;1;0;0;0;7;2;0;100.0;Matches
84;Francesco Di Mariano\Francesco-Di-Mariano;it ITA;FW;Venezia;25-130;1996;0.7;0;0;0;1;1;0;2;0;1;0;0;0;0;0;1;0.0;Matches
85;Brahim Díaz\Brahim-Diaz;es ESP;MF;Milan;22-025;1999;0.8;0;0;0;1;2;0;0;1;0;0;0;0;3;0;3;0.0;Matches
86;Federico Dimarco\Federico-Dimarco;it ITA;DF;Inter;23-291;1997;0.5;0;0;0;0;0;0;1;0;1;0;0;0;4;0;1;0.0;Matches
87;Koffi Djidji\Koffi-Djidji;ci CIV;DF;Torino;28-271;1992;1.0;0;0;0;0;1;0;0;1;0;0;0;0;18;4;4;50.0;Matches
88;Berat Djimsiti\Berat-Djimsiti;al ALB;DF;Atalanta;28-190;1993;1.0;0;0;0;0;0;0;0;0;1;0;0;0;14;7;2;77.8;Matches
89;Nicolás Domínguez\Nicolas-Dominguez;ar ARG;MF;Bologna;23-061;1998;0.9;0;0;0;0;2;0;0;2;1;0;0;0;12;1;2;33.3;Matches
90;Bartłomiej Drągowski\Bartlomiej-Dragowski;pl POL;DFGK;Fiorentina;24-009;1997;0.2;0;1;0;1;0;0;0;0;0;0;0;0;0;0;0;;Matches
91;Denzel Dumfries\Denzel-Dumfries;nl NED;DF;Inter;25-132;1996;0.1;0;0;0;0;0;0;1;1;0;0;0;0;0;0;0;;Matches
92;Paulo Dybala\Paulo-Dybala;ar ARG;FW;Juventus;27-286;1993;1.0;0;0;0;1;1;1;2;2;0;0;0;0;4;0;2;0.0;Matches
93;Edin Džeko\Edin-Dzeko;ba BIH;FW;Inter;35-164;1986;2.0;0;0;0;1;2;0;2;1;1;0;0;0;6;4;3;57.1;Matches
94;Tyronne Ebuehi\Tyronne-Ebuehi;ng NGA;DF;Venezia;25-255;1995;0.6;1;0;0;1;0;0;1;0;0;0;0;0;3;0;0;;Matches
95;Albin Ekdal\Albin-Ekdal;se SWE;MF;Sampdoria;32-031;1989;0.9;0;0;0;0;3;0;0;3;4;0;0;0;3;0;2;0.0;Matches
96;Elif Elmas\Elif-Elmas;mk MKD;FW;Napoli;21-338;1999;0.6;0;0;0;0;2;0;0;1;2;0;0;0;4;0;0;;Matches
97;Martin Erlic\Martin-Erlic;hr CRO;DF;Spezia;23-216;1998;1.0;0;0;0;1;1;0;0;4;0;0;0;0;6;5;3;62.5;Matches
98;Gonzalo Escalante\Gonzalo-Escalante;ar ARG;MF;Lazio;28-154;1993;0.1;0;0;0;0;0;0;0;0;0;0;0;0;1;0;0;;Matches
99;Davide Faraoni\Davide-Faraoni;it ITA;DF;Hellas Verona;29-307;1991;0.8;0;0;0;1;0;0;0;0;0;0;0;0;4;2;4;33.3;Matches
100;Andrea Favilli\Andrea-Favilli;it ITA;FW;Genoa;24-103;1997;0.4;0;0;0;0;1;1;0;0;0;0;0;0;1;0;1;0.0;Matches
101;Luiz Felipe\Luiz-Felipe;br BRA;DF;Lazio;24-159;1997;1.0;0;0;0;0;0;0;0;1;0;0;0;0;6;1;0;100.0;Matches
102;Salvador Ferrer\Salvador-Ferrer;es ESP;DF;Spezia;23-219;1998;0.9;0;0;0;1;1;0;0;0;0;;;0;;;;;Matches
103;Riccardo Fiamozzi\Riccardo-Fiamozzi;it ITA;DF;Empoli;28-102;1993;0.1;0;0;0;0;0;0;3;1;0;0;0;0;0;0;0;;Matches
104;Luca Fiordilino\Luca-Fiordilino;it ITA;MF;Venezia;25-034;1996;0.7;1;0;0;1;0;0;0;3;0;0;0;0;5;0;0;;Matches
105;Alessandro Florenzi\Alessandro-Florenzi;it ITA;FWDF;Milan;30-170;1991;0.1;0;0;0;0;0;0;0;0;1;0;0;0;1;0;0;;Matches
106;Francesco Forte\Francesco-Forte;it ITA;FW;Venezia;28-119;1993;1.1;1;0;0;1;0;0;0;0;1;0;0;0;1;1;0;100.0;Matches
107;Davide Frattesi\Davide-Frattesi;it ITA;MF;Sassuolo;21-310;1999;0.9;0;0;0;3;1;0;0;1;2;0;0;0;8;0;0;;Matches
108;Manolo Gabbiadini\Manolo-Gabbiadini;it ITA;FW;Sampdoria;29-275;1991;0.8;1;0;0;2;1;1;1;0;1;0;0;0;5;1;4;20.0;Matches
109;Gianluca Gaetano\Gianluca-Gaetano;it ITA;MF;Napoli;21-115;2000;0.2;0;0;0;0;1;0;0;2;1;0;0;0;3;1;1;50.0;Matches
110;Nicolas Galazzi\Nicolas-Galazzi;it ITA;DF;Venezia;20-253;2000;0.2;0;0;0;2;0;0;1;0;1;0;0;0;1;0;1;0.0;Matches
111;Olivier Giroud\Olivier-Giroud;fr FRA;FW;Milan;34-332;1986;1.0;0;0;0;3;2;1;0;0;1;0;0;0;1;3;5;37.5;Matches
112;Diego Godín\Diego-Godin;uy URU;DF;Cagliari;35-193;1986;0.8;0;0;0;1;1;0;0;3;4;0;0;0;11;3;0;100.0;Matches
113;Nicolás González\Nicolas-Gonzalez;ar ARG;FW;Fiorentina;23-144;1998;0.9;0;0;0;0;6;1;2;1;0;0;0;0;1;2;1;66.7;Matches
114;Robin Gosens\Robin-Gosens;de GER;DF;Atalanta;27-054;1994;0.9;0;0;0;0;1;0;0;1;0;0;0;0;6;2;1;66.7;Matches
115;Koray Günter\Koray-Gunter;de GER;DF;Hellas Verona;27-012;1994;2.0;0;0;0;1;1;0;1;6;0;0;0;0;19;2;5;28.6;Matches
116;Emmanuel Gyasi\Emmanuel-Gyasi;gh GHA;FW;Spezia;27-229;1994;1.0;1;0;0;4;2;1;2;0;0;0;0;0;2;1;3;25.0;Matches
117;Norbert Gyömbér\Norbert-Gyomber;sk SVK;DF;Salernitana;29-056;1992;1.0;0;0;0;1;0;0;1;2;1;0;0;0;4;3;2;60.0;Matches
118;Nicolas Haas\Nicolas-Haas;ch SUI;MF;Empoli;25-217;1996;0.8;0;0;0;1;1;0;1;0;1;0;0;0;8;0;0;;Matches
119;Samir Handanović\Samir-Handanovic;si SVN;GK;Inter;37-045;1984;2.0;0;0;0;0;0;0;0;0;0;0;0;0;7;0;0;;Matches
120;Liam Henderson\Liam-Henderson;sct SCO;MF;Empoli;25-125;1996;0.2;0;0;0;0;0;0;2;0;0;0;0;0;3;0;0;;Matches
121;Dalbert Henrique\Dalbert-Henrique;br BRA;DF;Cagliari;27-354;1993;1.0;0;0;0;0;2;0;3;1;1;0;0;0;12;0;0;;Matches
122;Thomas Henry\Thomas-Henry;fr FRA;FW;Venezia;26-342;1994;0.9;0;0;0;1;2;1;1;0;1;0;0;0;3;2;3;40.0;Matches
123;Theo Hernández\Theo-Hernandez;fr FRA;DF;Milan;23-326;1997;1.0;0;0;0;0;2;1;1;4;1;0;0;0;7;0;0;;Matches
124;Hernani\Hernani;br BRA;MF;Genoa;27-154;1994;0.5;0;0;0;0;1;0;0;0;0;0;0;0;1;0;1;0.0;Matches
125;Daan Heymans\Daan-Heymans;be BEL;MF;Venezia;22-074;1999;1.4;2;0;0;3;1;0;2;3;3;0;0;0;7;3;1;75.0;Matches
126;Aaron Hickey\Aaron-Hickey;sct SCO;DF;Bologna;19-079;2002;0.6;0;0;0;2;1;0;1;0;0;0;0;0;4;2;2;50.0;Matches
127;Martin Hongla\Martin-Hongla;cm CMR;MF;Hellas Verona;23-165;1998;1.4;0;0;0;1;0;0;0;3;1;0;0;0;8;2;0;100.0;Matches
128;Sydney van Hooijdonk\Sydney-van-Hooijdonk;nl NED;FW;Bologna;21-203;2000;0.1;0;0;0;0;0;0;0;0;1;0;0;0;0;1;1;50.0;Matches
129;Petko Hristov\Petko-Hristov;bg BUL;DF;Spezia;22-180;1999;1.0;0;0;0;0;2;0;0;2;0;0;0;0;8;4;1;80.0;Matches
130;Elseid Hysaj\Elseid-Hysaj;al ALB;DF;Lazio;27-189;1994;1.0;0;0;0;0;0;0;2;2;2;0;0;0;5;1;0;100.0;Matches
131;Roger Ibanez\Roger-Ibanez;br BRA;DF;Roma;22-278;1998;1.0;0;0;0;1;2;0;0;4;0;0;0;0;4;4;2;66.7;Matches
132;Igor\Igor;br BRA;DF;Fiorentina;23-202;1998;1.0;0;0;0;3;0;0;1;0;1;0;0;0;7;1;2;33.3;Matches
133;Ivan Ilić\Ivan-Ilic;rs SRB;MF;Hellas Verona;20-164;2001;1.2;0;0;0;0;3;0;1;5;1;0;0;0;10;0;1;0.0;Matches
134;Josip Iličić\Josip-Ilicic;si SVN;MF;Atalanta;33-211;1988;0.6;0;0;0;0;1;0;1;0;0;0;0;0;2;0;0;;Matches
135;Ciro Immobile\Ciro-Immobile;it ITA;FW;Lazio;31-189;1990;0.9;0;0;0;2;0;0;3;0;2;0;0;0;1;0;2;0.0;Matches
136;Lorenzo Insigne\Lorenzo-Insigne;it ITA;FW;Napoli;30-085;1991;0.9;0;0;0;0;1;1;2;0;1;0;0;0;4;0;0;;Matches
137;Ardian Ismajli\Ardian-Ismajli;al ALB;DF;Empoli;24-332;1996;1.0;1;0;0;1;1;0;0;4;1;0;0;0;9;2;0;100.0;Matches
138;Armando Izzo\Armando-Izzo;it ITA;DF;Torino;29-179;1992;0.2;0;0;0;2;0;0;0;2;0;0;0;0;3;0;0;;Matches
139;Mato Jajalo\Mato-Jajalo;ba BIH;MF;Udinese;33-095;1988;0.2;0;0;0;0;0;0;0;0;0;0;0;0;3;0;1;0.0;Matches
140;Paweł Jaroszyński\Pawel-Jaroszynski;pl POL;DF;Salernitana;26-330;1994;0.9;1;0;0;2;0;0;1;0;0;0;0;0;4;0;0;;Matches
141;Dennis Johnsen\Dennis-Johnsen;no NOR;FW;Venezia;23-192;1998;1.8;0;0;0;2;2;1;5;0;0;0;0;0;7;0;0;;Matches
142;Flavio Junior Bianchi\Flavio-Junior-Bianchi;it ITA;MF;Genoa;21-216;2000;0.5;0;0;0;0;1;0;0;0;0;0;0;0;1;0;1;0.0;Matches
143;Hamed Junior Traorè\Hamed-Junior-Traore;ci CIV;MF;Sassuolo;21-193;2000;0.3;0;0;0;0;0;0;0;0;0;0;0;0;2;0;0;;Matches
144;Nikola Kalinić\Nikola-Kalinic;hr CRO;FW;Hellas Verona;33-235;1988;0.5;0;0;0;1;2;0;0;0;0;0;0;0;0;1;0;100.0;Matches
145;Yayah Kallon\Yayah-Kallon;sl SLE;FW;Genoa;20-059;2001;0.6;0;0;0;1;0;1;0;0;0;0;0;0;1;0;1;0.0;Matches
146;Rick Karsdorp\Rick-Karsdorp;nl NED;DF;Roma;26-198;1995;1.0;0;0;0;0;0;0;2;1;0;0;0;0;5;0;0;;Matches
147;Wajdi Kechrida\Wajdi-Kechrida;tn TUN;DF;Salernitana;25-296;1995;0.8;0;0;0;0;0;0;1;0;0;0;0;0;4;0;0;;Matches
148;Simon Kjær\Simon-Kjaer;dk DEN;DF;Milan;32-155;1989;1.0;1;0;0;4;0;0;1;0;1;0;0;0;5;2;2;50.0;Matches
149;Kalidou Koulibaly\Kalidou-Koulibaly;sn SEN;DF;Napoli;30-069;1991;1.0;0;0;0;0;0;0;0;1;1;0;0;0;4;0;0;;Matches
150;Rade Krunić\Rade-Krunic;ba BIH;MF;Milan;27-325;1993;1.0;0;0;0;0;3;0;0;5;1;0;0;0;5;3;4;42.9;Matches
151;Dejan Kulusevski\Dejan-Kulusevski;se SWE;MF;Juventus;21-125;2000;0.3;1;0;0;3;1;0;0;0;0;0;0;0;3;1;1;50.0;Matches
152;Andrea La Mantia\Andrea-La-Mantia;it ITA;FW;Empoli;30-114;1991;0.1;0;0;0;0;0;0;0;0;0;0;0;0;1;0;0;;Matches
153;Sam Lammers\Sam-Lammers;nl NED;FW;Atalanta;24-120;1997;0.4;0;0;0;1;3;0;1;0;0;0;0;0;1;2;6;25.0;Matches
154;Kevin Lasagna\Kevin-Lasagna;it ITA;FW;Hellas Verona;29-018;1992;0.3;0;0;0;0;0;0;0;0;1;0;0;0;0;0;1;0.0;Matches
155;Darko Lazović\Darko-Lazovic;rs SRB;DF;Hellas Verona;30-347;1990;2.0;0;0;0;1;0;0;7;0;0;0;0;0;14;1;2;33.3;Matches
156;Manuel Lazzari\Manuel-Lazzari;it ITA;DF;Lazio;27-272;1993;1.0;0;0;0;1;3;0;3;4;0;0;0;0;6;0;1;0.0;Matches
157;Rafael Leão\Rafael-Leao;pt POR;FW;Milan;22-079;1999;0.8;0;0;0;0;0;1;2;0;0;0;0;0;4;1;1;50.0;Matches
158;Lucas Leiva\Lucas-Leiva;br BRA;MF;Lazio;34-231;1987;0.9;1;0;0;1;1;0;0;1;3;0;0;0;10;1;1;50.0;Matches
159;Luca Lezzerini\Luca-Lezzerini;it ITA;GK;Venezia;26-157;1995;1.0;0;0;0;0;0;0;0;0;0;0;0;0;10;0;0;;Matches
160;Matthijs de Ligt\Matthijs-de-Ligt;nl NED;DF;Juventus;22-016;1999;1.0;0;0;0;2;0;0;0;0;0;0;0;0;1;2;2;50.0;Matches
161;Anderson Lima\Anderson-Lima;br BRA;MF;Lazio;21-339;1999;0.2;0;0;0;1;2;0;0;1;1;0;0;0;0;0;0;;Matches
162;Karol Linetty\Karol-Linetty;pl POL;FW;Torino;26-207;1995;1.0;0;0;0;2;0;0;1;0;1;0;0;0;9;1;5;16.7;Matches
163;Stanislav Lobotka\Stanislav-Lobotka;sk SVK;MF;Napoli;26-276;1994;1.0;0;0;0;0;1;0;0;2;5;0;0;0;4;0;0;;Matches
164;Manuel Locatelli\Manuel-Locatelli;it ITA;MF;Juventus;23-232;1998;0.0;0;0;0;0;0;0;0;0;0;0;0;0;0;0;1;0.0;Matches
165;Maxime Lopez\Maxime-Lopez;fr FRA;MF;Sassuolo;23-267;1997;1.0;1;0;0;0;0;0;0;0;1;0;0;0;5;0;1;0.0;Matches
166;Matteo Lovato\Matteo-Lovato;it ITA;DF;Atalanta;21-195;2000;0.1;0;0;0;0;0;0;0;0;0;0;0;0;2;0;0;;Matches
167;Hirving Lozano\Hirving-Lozano;mx MEX;FW;Napoli;26-029;1995;0.2;0;0;0;1;0;0;0;0;0;0;0;0;1;0;0;;Matches
168;José Luis Palomino\Jose-Luis-Palomino;ar ARG;DF;Atalanta;31-235;1990;1.0;0;0;0;5;0;0;0;1;1;0;0;0;17;14;1;93.3;Matches
169;Saša Lukić\Sasa-Lukic;rs SRB;MF;Torino;25-015;1996;0.5;0;0;0;1;2;0;1;0;1;0;0;0;6;0;3;0.0;Matches
170;Charalambos Lykogiannis\Charalambos-Lykogiannis;gr GRE;DF;Cagliari;27-310;1993;0.1;0;0;0;0;0;0;0;1;0;0;0;0;0;0;2;0.0;Matches
171;Niki Mäenpää\Niki-Maenpaa;fi FIN;GK;Venezia;36-217;1985;1.0;0;0;0;0;0;0;0;0;0;0;0;0;4;0;0;;Matches
172;Giulio Maggiore\Giulio-Maggiore;it ITA;MF;Spezia;23-169;1998;1.0;0;0;0;3;2;0;0;4;0;0;0;0;17;0;0;;Matches
173;Francesco Magnanelli\Francesco-Magnanelli;it ITA;MF;Sassuolo;36-289;1984;0.1;0;0;0;1;0;0;0;0;0;0;0;0;1;0;1;0.0;Matches
174;Giangiacomo Magnani\Giangiacomo-Magnani;it ITA;DF;Hellas Verona;25-328;1995;1.0;1;0;0;2;2;0;0;3;3;0;0;0;4;2;0;100.0;Matches
175;Mike Maignan\Mike-Maignan;fr FRA;GK;Milan;25-273;1995;1.0;0;0;0;0;3;0;0;0;0;0;0;0;5;0;0;;Matches
176;Jean-Victor Makengo\Jean-Victor-Makengo;fr FRA;MF;Udinese;23-077;1998;1.3;0;0;0;0;0;0;0;0;1;0;0;0;3;1;3;25.0;Matches
177;Youssef Maleh\Youssef-Maleh;it ITA;MF;Fiorentina;23-006;1998;0.5;0;0;0;1;1;0;0;0;1;0;0;0;3;0;0;;Matches
178;Ruslan Malinovskyi\Ruslan-Malinovskyi;ua UKR;MF;Atalanta;28-116;1993;0.8;0;0;0;1;2;0;1;0;0;0;0;0;10;2;0;100.0;Matches
179;Gianluca Mancini\Gianluca-Mancini;it ITA;DF;Roma;25-133;1996;1.0;0;0;0;2;1;0;0;0;1;0;0;0;4;0;1;0.0;Matches
180;Leonardo Mancuso\Leonardo-Mancuso;it ITA;FW;Empoli;29-094;1992;0.9;0;0;0;0;1;1;0;2;0;0;0;0;5;0;2;0.0;Matches
181;Rolando Mandragora\Rolando-Mandragora;it ITA;MF;Torino;24-060;1997;1.0;0;0;0;2;1;0;2;1;0;0;0;0;16;1;2;33.3;Matches
182;Kostas Manolas\Kostas-Manolas;gr GRE;DF;Napoli;30-075;1991;1.0;0;0;0;0;0;0;0;2;1;0;0;0;4;1;1;50.0;Matches
183;Riccardo Marchizza\Riccardo-Marchizza;it ITA;DF;Empoli;23-155;1998;1.0;0;0;0;1;0;0;1;1;1;0;0;0;10;2;0;100.0;Matches
184;Gian Marco Ferrari\Gian-Marco-Ferrari;it ITA;DF;Sassuolo;29-194;1992;1.0;0;0;0;1;1;0;0;4;0;0;0;0;6;3;2;60.0;Matches
185;Răzvan Marin\Razvan-Marin;ro ROU;MF;Cagliari;25-097;1996;1.0;0;0;0;2;1;0;1;1;1;0;0;0;8;2;2;50.0;Matches
186;Lautaro Martínez\Lautaro-Martinez;ar ARG;MF;Inter;24-006;1997;0.8;1;0;0;5;3;0;0;4;0;0;0;0;4;1;1;50.0;Matches
187;Pasquale Mazzocchi\Pasquale-Mazzocchi;it ITA;DF;Venezia;26-032;1995;1.0;0;0;0;0;0;0;2;3;0;0;0;0;4;0;0;;Matches
188;Gary Medel\Gary-Medel;cl CHI;DF;Bologna;34-025;1987;1.0;0;0;0;0;1;0;0;0;0;0;0;0;16;3;1;75.0;Matches
189;Filippo Melegoni\Filippo-Melegoni;it ITA;DF;Genoa;22-191;1999;0.2;0;0;0;0;1;0;0;0;0;0;0;0;3;0;0;;Matches
190;Alex Meret\Alex-Meret;it ITA;GK;Napoli;24-159;1997;1.0;0;0;0;0;1;0;0;0;0;0;0;0;2;0;0;;Matches
191;Nikola Milenković\Nikola-Milenkovic;rs SRB;DF;Fiorentina;23-320;1997;1.0;0;0;0;0;0;0;0;3;2;0;0;0;10;2;0;100.0;Matches
192;Sergej Milinković-Savić\Sergej-Milinkovic-Savic;rs SRB;MF;Lazio;26-182;1995;0.8;0;0;0;0;0;0;1;0;2;0;0;0;2;1;0;100.0;Matches
193;Vanja Milinković-Savić\Vanja-Milinkovic-Savic;rs SRB;GK;Torino;24-189;1997;1.0;0;0;0;0;0;0;0;0;0;0;0;0;9;0;0;;Matches
194;Aleksei Miranchuk\Aleksei-Miranchuk;ru RUS;MF;Atalanta;25-315;1995;0.4;0;0;0;2;1;0;0;0;0;0;0;0;6;0;3;0.0;Matches
195;Henrikh Mkhitaryan\Henrikh-Mkhitaryan;am ARM;FW;Roma;32-219;1989;0.9;0;0;0;1;2;2;1;0;2;0;0;0;6;0;0;;Matches
196;Nahuel Molina\Nahuel-Molina;ar ARG;DF;Udinese;23-269;1997;2.0;0;0;0;1;0;0;10;3;3;0;0;0;10;1;0;100.0;Matches
197;Cristian Molinaro\Cristian-Molinaro;it ITA;DF;Venezia;38-029;1983;1.0;0;0;0;3;0;1;2;1;1;0;0;0;4;0;1;0.0;Matches
198;Lorenzo Montipò\Lorenzo-Montipo;it ITA;GK;Hellas Verona;25-189;1996;1.0;0;0;0;0;1;0;0;0;0;0;0;0;6;0;0;;Matches
199;Álvaro Morata\Alvaro-Morata;es ESP;FW;Juventus;28-309;1992;0.7;0;0;0;2;1;1;1;0;0;0;0;0;4;1;2;33.3;Matches
200;Raúl Moro\Raul-Moro;es ESP;FW;Lazio;18-266;2002;0.3;0;0;0;0;0;0;0;0;0;0;0;0;1;1;0;100.0;Matches
201;Samuel Mráz\Samuel-Mraz;sk SVK;FW;Spezia;24-107;1997;0.2;0;0;0;1;0;1;0;0;0;0;0;0;3;1;3;25.0;Matches
202;Luis Muriel\Luis-Muriel;co COL;FW;Atalanta;30-134;1991;0.6;0;0;0;1;1;0;0;0;0;0;0;0;6;3;3;50.0;Matches
203;Vedat Muriqi\Vedat-Muriqi;xk KVX;FW;Lazio;27-126;1994;0.1;0;0;0;0;1;0;0;0;0;0;0;0;1;0;0;;Matches
204;Nicola Murru\Nicola-Murru;it ITA;DF;Sampdoria;26-255;1994;0.2;1;0;0;2;0;0;2;1;1;0;0;0;0;0;0;;Matches
205;Juan Musso\Juan-Musso;ar ARG;GK;Atalanta;27-114;1994;1.0;1;0;0;1;0;0;0;0;0;0;0;0;9;0;0;;Matches
206;Joakim Mæhle\Joakim-Maehle;dk DEN;DF;Atalanta;24-100;1997;1.0;0;0;0;0;3;0;0;0;1;0;0;0;11;0;2;0.0;Matches
207;Nahitan Nández\Nahitan-Nandez;uy URU;DF;Cagliari;25-243;1995;1.0;0;0;0;1;2;1;3;1;1;0;0;0;7;4;4;50.0;Matches
208;Dimitris Nikolaou\Dimitris-Nikolaou;gr GRE;DF;Spezia;23-015;1998;1.0;1;0;0;1;1;0;0;1;1;0;0;0;6;0;2;0.0;Matches
209;Bram Nuytinck\Bram-Nuytinck;nl NED;DF;Udinese;31-116;1990;2.0;0;0;0;2;0;0;0;4;2;0;0;0;13;2;3;40.0;Matches
210;Simeon Nwankwo\Simeon-Nwankwo;ng NGA;FW;Salernitana;29-113;1992;0.3;0;0;0;0;0;0;0;0;0;0;0;0;1;2;2;50.0;Matches
211;Joel Obi\Joel-Obi;ng NGA;MF;Salernitana;30-098;1991;0.1;0;0;0;0;2;0;0;0;0;0;0;0;3;0;0;;Matches
212;Stefano Okaka\Stefano-Okaka;it ITA;FW;Udinese;32-019;1989;0.2;1;0;0;1;0;1;0;0;0;0;0;0;2;0;2;0.0;Matches
213;David Okereke\David-Okereke;ng NGA;FW;Venezia;23-364;1997;1.0;0;0;0;0;2;0;1;0;1;0;0;0;5;2;4;33.3;Matches
214;Riccardo Orsolini\Riccardo-Orsolini;it ITA;FW;Bologna;24-216;1997;0.9;0;0;0;0;2;0;2;0;0;0;0;0;8;3;1;75.0;Matches
215;Victor Osimhen\Victor-Osimhen;ng NGA;MFFW;Napoli;22-242;1998;0.2;0;1;0;1;1;0;0;1;0;0;0;0;1;0;1;0.0;Matches
216;Goran Pandev\Goran-Pandev;mk MKD;FW;Genoa;38-032;1983;1.0;0;0;0;1;6;0;0;1;0;0;0;0;6;0;2;0.0;Matches
217;Ivor Pandur\Ivor-Pandur;hr CRO;GK;Hellas Verona;21-156;2000;1.0;0;0;0;0;0;0;0;0;0;0;0;0;5;0;0;;Matches
218;Mario Pašalić\Mario-Pasalic;hr CRO;MF;Atalanta;26-200;1995;1.0;0;0;0;0;1;0;0;1;2;0;0;0;8;5;2;71.4;Matches
219;Rui Patrício\Rui-Patricio;pt POR;GK;Roma;33-194;1988;1.0;0;0;0;0;0;0;0;0;0;0;0;0;3;0;0;;Matches
220;Leonardo Pavoletti\Leonardo-Pavoletti;it ITA;FW;Cagliari;32-275;1988;0.9;0;0;0;4;2;0;1;0;0;1;0;0;3;4;2;66.7;Matches
221;Pedro\Pedro;es ESP;FW;Lazio;34-031;1987;0.7;0;0;0;2;1;0;1;2;1;0;0;0;3;0;0;;Matches
222;João Pedro\Joao-Pedro;br BRA;FW;Cagliari;29-172;1992;1.0;0;0;0;3;0;0;1;0;0;0;0;0;4;1;5;16.7;Matches
223;Lorenzo Pellegrini\Lorenzo-Pellegrini;it ITA;MF;Roma;25-070;1996;0.9;1;0;0;1;2;1;2;0;1;0;0;0;2;2;1;66.7;Matches
224;Gastón Pereiro\Gaston-Pereiro;uy URU;FW;Cagliari;26-078;1995;0.3;0;0;0;1;0;0;2;0;0;0;0;0;1;0;2;0.0;Matches
225;Dor Peretz\Dor-Peretz;il ISR;MF;Venezia;26-103;1995;1.2;0;0;0;4;0;0;0;0;2;0;0;0;1;0;0;;Matches
226;Roberto Pereyra\Roberto-Pereyra;ar ARG;MF;Udinese;30-233;1991;2.0;0;0;0;2;4;0;1;0;0;0;0;0;13;0;2;0.0;Matches
227;Carles Pérez\Carles-Perez;es ESP;MF;Roma;23-193;1998;0.1;0;0;0;0;0;0;0;0;0;0;0;0;1;0;0;;Matches
228;Ivan Perišić\Ivan-Perisic;hr CRO;DF;Inter;32-207;1989;1.5;0;0;0;2;1;2;9;1;1;0;0;0;6;4;4;50.0;Matches
229;Matteo Pessina\Matteo-Pessina;it ITA;MF;Atalanta;24-129;1997;1.0;0;0;0;1;2;0;0;0;1;0;0;0;12;3;2;60.0;Matches
230;Andrea Petagna\Andrea-Petagna;it ITA;FW;Napoli;26-059;1995;0.1;0;0;0;0;0;0;0;0;0;0;0;0;1;0;1;0.0;Matches
231;Giuseppe Pezzella\Giuseppe-Pezzella;it ITA;DF;Atalanta;23-272;1997;0.2;0;0;0;0;0;0;0;0;0;0;0;0;2;0;1;0.0;Matches
232;Roberto Piccoli\Roberto-Piccoli;it ITA;MF;Atalanta;20-213;2001;0.1;0;0;0;0;1;0;0;0;0;0;0;0;1;0;0;;Matches
233;Marko Pjaca\Marko-Pjaca;hr CRO;FW;Torino;26-114;1995;0.8;0;0;0;0;0;0;2;0;0;0;0;0;9;1;3;25.0;Matches
234;Matteo Politano\Matteo-Politano;it ITA;FW;Napoli;28-025;1993;0.8;0;0;0;1;3;0;3;0;1;0;0;0;2;0;0;;Matches
235;Erick Pulgar\Erick-Pulgar;cl CHI;MF;Fiorentina;27-225;1994;1.0;1;0;0;2;1;0;1;2;1;0;0;0;8;2;5;28.6;Matches
236;Ignacio Pussetto\Ignacio-Pussetto;ar ARG;FW;Udinese;25-250;1995;1.8;0;0;0;4;3;2;1;1;2;0;0;0;8;5;5;50.0;Matches
237;Fabio Quagliarella\Fabio-Quagliarella;it ITA;FW;Sampdoria;38-209;1983;1.0;0;0;0;2;2;0;0;0;0;0;0;0;6;1;0;100.0;Matches
238;Aaron Ramsey\Aaron-Ramsey;wls WAL;MF;Juventus;30-245;1990;0.6;0;0;0;1;1;0;0;2;0;0;0;0;1;0;0;;Matches
239;Giacomo Raspadori\Giacomo-Raspadori;it ITA;MF;Sassuolo;21-191;2000;0.7;0;0;0;1;2;0;0;0;1;0;0;0;3;0;0;;Matches
240;Ante Rebić\Ante-Rebic;hr CRO;FW;Milan;27-341;1993;0.2;0;0;0;0;0;0;0;0;0;0;0;0;2;0;1;0.0;Matches
241;Pepe Reina\Pepe-Reina;es ESP;GK;Lazio;38-362;1982;1.0;0;0;0;0;0;0;0;0;0;0;0;0;2;0;0;;Matches
242;Samuele Ricci\Samuele-Ricci;it ITA;MF;Empoli;20-007;2001;1.0;0;0;0;4;1;0;0;5;1;0;0;0;10;0;0;;Matches
243;Tomás Rincón\Tomas-Rincon;ve VEN;MF;Torino;33-227;1988;0.5;1;0;0;1;1;0;0;0;0;0;0;0;8;4;0;100.0;Matches
244;Ricardo Rodríguez\Ricardo-Rodriguez;ch SUI;DF;Torino;29-003;1992;1.0;0;0;0;2;1;0;0;1;3;0;0;0;14;1;0;100.0;Matches
245;Rogério\Rogerio;br BRA;DF;Sassuolo;23-227;1998;1.0;0;0;0;0;1;0;1;2;0;0;0;0;7;0;1;0.0;Matches
246;Alessio Romagnoli\Alessio-Romagnoli;it ITA;DF;Milan;26-228;1995;0.0;0;0;0;1;0;0;0;1;0;0;0;0;1;0;1;0.0;Matches
247;Simone Romagnoli\Simone-Romagnoli;it ITA;DF;Empoli;31-200;1990;1.0;0;0;0;0;0;0;0;0;2;0;0;0;2;1;1;50.0;Matches
248;Cristiano Ronaldo\Cristiano-Ronaldo;pt POR;FW;Juventus;36-204;1985;0.3;1;0;0;0;1;1;0;1;0;0;0;0;2;0;0;;Matches
249;Nicolò Rovella\Nicolo-Rovella;it ITA;MF;Genoa;19-267;2001;1.0;0;0;0;0;3;0;1;1;3;0;0;0;7;1;1;50.0;Matches
250;Matteo Ruggeri\Matteo-Ruggeri;it ITA;DF;Salernitana;19-048;2002;1.0;0;0;0;0;0;0;4;1;1;0;0;0;9;2;0;100.0;Matches
251;Mário Rui\Mario-Rui;pt POR;DF;Napoli;30-093;1991;1.0;0;0;0;0;5;1;1;2;1;0;0;0;0;0;1;0.0;Matches
252;Fabián Ruiz Peña\Fabian-Ruiz-Pena;es ESP;MF;Napoli;25-147;1996;0.8;1;0;0;2;3;0;0;1;2;0;0;0;5;0;0;;Matches
253;Stefano Sabelli\Stefano-Sabelli;it ITA;DF;Genoa;28-227;1993;0.5;0;0;0;0;1;0;2;3;1;0;0;0;4;0;0;;Matches
254;Alexis Saelemaekers\Alexis-Saelemaekers;be BEL;FW;Milan;22-062;1999;0.9;0;0;0;3;0;0;2;1;1;0;0;0;9;1;1;50.0;Matches
255;Antonio Sanabria\Antonio-Sanabria;py PAR;FW;Torino;25-177;1996;0.7;0;0;0;0;3;0;0;0;0;0;0;0;2;1;12;7.7;Matches
256;Alex Sandro\Alex-Sandro;br BRA;DF;Juventus;30-214;1991;1.0;0;0;0;0;0;0;1;0;3;0;0;0;7;0;0;;Matches
257;Nicola Sansone\Nicola-Sansone;it ITA;FW;Bologna;29-352;1991;0.4;1;0;0;1;1;0;0;0;1;0;0;0;1;1;1;50.0;Matches
258;Samir Santos\Samir-Santos;br BRA;DF;Udinese;26-266;1994;2.0;1;0;0;3;1;0;2;6;3;0;0;0;15;6;5;54.5;Matches
259;Riccardo Saponara\Riccardo-Saponara;it ITA;MF;Fiorentina;29-250;1991;0.1;0;0;0;2;0;0;1;0;0;0;0;0;0;0;0;;Matches
260;Martin Satriano\Martin-Satriano;it ITA;MF;Inter;20-189;2001;0.2;0;0;0;0;0;0;0;0;1;0;0;0;1;1;1;50.0;Matches
261;Gianluca Scamacca\Gianluca-Scamacca;it ITA;FW;Sassuolo;22-239;1999;0.0;0;0;0;1;0;0;0;0;0;0;0;0;0;0;0;;Matches
262;Andrea Schiavone\Andrea-Schiavone;it ITA;DF;Salernitana;28-186;1993;0.1;0;0;0;0;0;0;0;0;1;0;0;0;2;1;0;100.0;Matches
263;David Schnegg\David-Schnegg;at AUT;DF;Venezia;22-333;1998;0.1;1;0;0;1;0;0;0;0;1;0;0;0;1;0;0;;Matches
264;Jerdy Schouten\Jerdy-Schouten;nl NED;MF;Bologna;24-228;1997;1.0;2;1;1;3;0;0;0;4;0;0;0;0;16;3;7;30.0;Matches
265;Stefano Sensi\Stefano-Sensi;it ITA;MFFW;Inter;26-023;1995;0.8;0;0;0;2;2;0;2;1;1;0;0;0;6;2;1;66.7;Matches
266;Laurens Serpe\Laurens-Serpe;it ITA;DF;Genoa;20-202;2001;0.5;0;0;0;0;0;0;0;0;0;0;0;0;1;0;1;0.0;Matches
267;Stephan El Shaarawy\Stephan-El-Shaarawy;it ITA;FW;Roma;28-305;1992;0.1;0;0;0;0;2;0;0;0;0;0;0;0;2;0;1;0.0;Matches
268;Eldor Shomurodov\Eldor-Shomurodov;uz UZB;FW;Roma;26-060;1995;0.2;0;0;0;0;0;0;0;0;0;0;0;0;1;0;3;0.0;Matches
269;Arnór Sigurðsson\Arnor-Sigurdsson;is ISL;FW;Venezia;22-105;1999;0.5;0;0;0;0;0;0;1;1;0;0;0;0;3;0;0;;Matches
270;Adrien Silva\Adrien-Silva;pt POR;MF;Sampdoria;32-166;1989;0.1;0;0;0;0;0;0;0;0;0;0;0;0;2;1;0;100.0;Matches
271;Marco Silvestri\Marco-Silvestri;it ITA;GK;Udinese;30-179;1991;2.0;0;0;0;0;0;0;0;0;0;0;0;0;4;0;0;;Matches
272;Giovanni Simeone\Giovanni-Simeone;ar ARG;FW;Cagliari;26-054;1995;0.1;0;0;0;1;0;0;0;0;0;0;0;0;0;0;0;;Matches
273;Wilfried Singo\Wilfried-Singo;ci CIV;DF;Torino;20-246;2000;1.0;0;0;0;2;0;0;2;1;1;0;0;0;4;4;2;66.7;Matches
274;Salvatore Sirigu\Salvatore-Sirigu;it ITA;GK;Genoa;34-228;1987;1.0;0;0;0;0;0;0;0;0;0;0;0;0;2;0;0;;Matches
275;Łukasz Skorupski\Lukasz-Skorupski;pl POL;GK;Bologna;30-115;1991;1.0;0;0;0;0;0;0;0;0;0;0;0;0;1;0;0;;Matches
276;Andreas Skov Olsen\Andreas-Skov-Olsen;dk DEN;FW;Bologna;21-242;1999;0.1;0;0;0;0;0;0;0;0;0;0;0;0;1;0;0;;Matches
277;Milan Škriniar\Milan-Skriniar;sk SVK;DF;Inter;26-198;1995;2.0;0;0;0;3;1;0;0;2;1;0;0;0;13;2;0;100.0;Matches
278;Roberto Soriano\Roberto-Soriano;it ITA;MF;Bologna;30-201;1991;0.5;1;1;0;2;0;0;0;0;1;0;0;0;2;1;3;25.0;Matches
279;Riccardo Sottil\Riccardo-Sottil;it ITA;FW;Fiorentina;22-086;1999;0.1;0;0;0;0;0;0;0;0;0;0;0;0;0;0;0;;Matches
280;Petar Stojanović\Petar-Stojanovic;si SVN;DF;Empoli;25-325;1995;0.9;1;0;0;1;0;0;3;3;4;0;0;0;7;0;1;0.0;Matches
281;Stefan Strandberg\Stefan-Strandberg;no NOR;DF;Salernitana;31-034;1990;0.4;2;1;1;2;0;0;0;0;1;0;0;0;2;1;1;50.0;Matches
282;Kevin Strootman\Kevin-Strootman;nl NED;MF;Cagliari;31-196;1990;1.0;1;0;0;1;3;0;0;3;2;0;0;0;19;1;0;100.0;Matches
283;Jens Stryger Larsen\Jens-Stryger-Larsen;dk DEN;DF;Udinese;30-188;1991;1.4;0;0;0;0;1;1;1;2;1;0;0;0;8;1;0;100.0;Matches
284;Stefano Sturaro\Stefano-Sturaro;it ITA;DF;Genoa;28-172;1993;0.8;1;0;0;1;2;0;1;0;2;0;0;0;4;4;1;80.0;Matches
285;Bosko Sutalo\Bosko-Sutalo;hr CRO;DF;Hellas Verona;21-239;2000;0.2;0;0;0;0;0;0;1;0;0;0;0;0;2;1;2;33.3;Matches
286;Mattias Svanberg\Mattias-Svanberg;se SWE;MF;Bologna;22-235;1999;0.1;0;0;0;0;2;0;0;0;0;0;0;0;3;1;0;100.0;Matches
287;Michael Svoboda\Michael-Svoboda;at AUT;DF;Venezia;22-317;1998;1.3;0;0;0;1;1;0;0;0;1;0;0;0;7;2;1;66.7;Matches
288;Wojciech Szczęsny\Wojciech-Szczesny;pl POL;GK;Juventus;31-132;1990;1.0;1;0;0;1;0;0;0;0;0;0;1;0;3;0;0;;Matches
289;Adrien Tameze\Adrien-Tameze;cm CMR;MF;Hellas Verona;27-205;1994;0.6;1;0;0;1;1;0;0;2;1;0;0;0;3;3;0;100.0;Matches
290;Pietro Terracciano\Pietro-Terracciano;it ITA;GK;Fiorentina;31-173;1990;0.8;0;0;0;0;0;0;0;0;0;0;0;0;5;0;0;;Matches
291;Tanner Tessmann\Tanner-Tessmann;us USA;MF;Venezia;19-338;2001;0.3;1;0;0;1;0;0;0;1;0;0;0;0;2;0;1;0.0;Matches
292;Morten Thorsby\Morten-Thorsby;no NOR;MF;Sampdoria;25-115;1996;1.0;0;0;0;4;0;0;0;0;3;0;0;0;7;7;4;63.6;Matches
293;Jeremy Toljan\Jeremy-Toljan;de GER;DF;Sassuolo;27-020;1994;1.0;0;0;0;2;0;0;0;0;0;0;1;0;8;0;1;0.0;Matches
294;Fikayo Tomori\Fikayo-Tomori;eng ENG;DF;Milan;23-252;1997;1.0;0;0;0;1;1;0;0;3;1;0;0;0;6;3;1;75.0;Matches
295;Sandro Tonali\Sandro-Tonali;it ITA;MF;Milan;21-112;2000;1.0;0;0;0;1;1;0;3;3;4;0;0;0;7;1;1;50.0;Matches
296;Iyenoma Udogie\Iyenoma-Udogie;it ITA;DF;Udinese;18-273;2002;0.6;0;0;0;2;0;0;0;0;0;0;0;0;2;0;0;;Matches
297;Antonio Vacca\Antonio-Vacca;it ITA;MF;Venezia;31-107;1990;0.2;1;0;0;1;0;0;0;1;0;0;0;0;4;1;0;100.0;Matches
298;Zinho Vanheusden\Zinho-Vanheusden;be BEL;DF;Genoa;22-030;1999;1.0;0;0;0;0;0;0;1;2;3;0;0;0;6;1;0;100.0;Matches
299;Matías Vecino\Matias-Vecino;uy URU;MF;Inter;30-004;1991;0.2;1;0;0;2;0;0;0;0;1;0;0;0;5;1;1;50.0;Matches
300;Miguel Veloso\Miguel-Veloso;pt POR;MF;Hellas Verona;35-109;1986;0.5;2;1;1;2;0;0;4;0;0;0;0;0;5;0;0;;Matches
301;Lorenzo Venuti\Lorenzo-Venuti;it ITA;DF;Fiorentina;26-138;1995;0.9;0;0;0;0;0;0;1;0;0;0;0;0;4;0;1;0.0;Matches
302;Daniele Verde\Daniele-Verde;it ITA;FW;Spezia;25-069;1996;0.8;0;0;0;2;0;0;2;0;0;0;0;0;3;0;1;0.0;Matches
303;Simone Verdi\Simone-Verdi;it ITA;FW;Torino;29-047;1992;0.2;0;0;0;1;0;0;2;0;2;0;0;0;6;1;0;100.0;Matches
304;Jordan Veretout\Jordan-Veretout;fr FRA;MF;Roma;28-180;1993;1.0;0;0;0;2;1;0;0;0;1;0;0;0;6;2;1;66.7;Matches
305;Valerio Verre\Valerio-Verre;it ITA;FW;Sampdoria;27-229;1994;0.2;0;0;0;0;2;0;0;0;0;0;0;0;2;0;1;0.0;Matches
306;Guglielmo Vicario\Guglielmo-Vicario;it ITA;GK;Empoli;24-325;1996;1.0;0;0;0;1;0;0;0;0;0;0;1;0;3;0;0;;Matches
307;Arturo Vidal\Arturo-Vidal;cl CHI;MF;Inter;34-098;1987;0.5;0;0;0;0;1;0;0;1;2;0;0;0;11;0;0;;Matches
308;Luca Vignali\Luca-Vignali;it ITA;DF;Spezia;25-229;1996;0.1;0;0;0;0;0;1;0;0;0;0;0;0;0;1;1;50.0;Matches
309;Emanuel Vignato\Emanuel-Vignato;it ITA;DF;Bologna;21-004;2000;0.4;0;0;0;1;0;0;3;0;1;0;0;0;2;0;0;;Matches
310;Matías Viña\Matias-Vina;uy URU;DF;Roma;23-292;1997;1.0;0;0;0;1;1;0;0;1;0;0;0;0;6;1;1;50.0;Matches
311;Dušan Vlahović\Dusan-Vlahovic;rs SRB;FW;Fiorentina;21-212;2000;1.0;0;0;0;1;2;1;0;0;0;0;0;0;2;4;2;66.7;Matches
312;Stefan de Vrij\Stefan-de-Vrij;nl NED;DF;Inter;29-204;1992;2.0;0;0;0;1;1;0;0;1;5;0;0;0;17;3;4;42.9;Matches
313;Walace\Walace;br BRA;MF;Udinese;26-146;1995;2.0;1;0;0;4;1;0;0;8;6;0;0;0;22;1;0;100.0;Matches
314;Sebastian Walukiewicz\Sebastian-Walukiewicz;pl POL;DF;Cagliari;21-145;2000;0.7;0;0;0;2;0;0;0;1;1;0;0;0;2;0;0;;Matches
315;Maya Yoshida\Maya-Yoshida;jp JPN;DF;Sampdoria;33-004;1988;1.0;0;0;0;1;2;0;0;3;1;0;0;0;10;4;0;100.0;Matches
316;Mattia Zaccagni\Mattia-Zaccagni;it ITA;MFFW;Hellas Verona;26-073;1995;2.0;0;0;0;1;7;0;3;3;2;1;0;0;8;4;1;80.0;Matches
317;Nicolò Zaniolo\Nicolo-Zaniolo;it ITA;FW;Roma;22-057;1999;0.6;2;1;1;3;1;0;0;1;0;0;0;0;2;1;1;50.0;Matches
318;Gabriele Zappa\Gabriele-Zappa;it ITA;DF;Cagliari;21-249;1999;0.3;1;0;0;1;1;0;0;0;0;0;0;0;2;1;0;100.0;Matches
319;Marvin Zeegelaar\Marvin-Zeegelaar;nl NED;DF;Udinese;31-016;1990;0.0;0;0;0;0;0;0;0;0;0;0;0;0;0;1;0;100.0;Matches
320;Piotr Zieliński\Piotr-Zielinski;pl POL;MF;Napoli;27-100;1994;0.4;0;0;0;0;1;0;0;0;0;0;0;0;1;0;0;;Matches
321;Jeroen Zoet\Jeroen-Zoet;nl NED;GK;Spezia;30-234;1991;1.0;0;0;0;1;1;0;0;0;0;0;1;0;6;0;0;;Matches
322;Nadir Zortea\Nadir-Zortea;it ITA;DF;Salernitana;22-070;1999;0.2;0;0;0;0;1;0;0;0;1;0;0;0;1;0;1;0.0;Matches
323;Szymon Żurkowski\Szymon-Zurkowski;pl POL;MF;Empoli;23-337;1997;0.2;0;0;0;0;1;0;0;0;1;0;0;0;1;0;0;;Matches
324;Milan Đurić\Milan-Djuric;ba BIH;FW;Salernitana;31-098;1990;0.7;0;0;0;1;2;0;0;1;0;1;0;0;2;11;4;73.3;Matches
325;Filip Đuričić\Filip-Djuricic;rs SRB;FW;Sassuolo;29-210;1992;0.9;1;0;0;0;3;0;0;0;1;0;0;0;3;0;1;0.0;Matches