Rk;Player;Nation;Pos;Squad;Age;Born;Playing Time-MP;Playing Time-Min;Playing Time-Mn/MP;Playing Time-Min%;Playing Time-90s;Playing Time-Starts;Starts-Mn/Start;Starts-Compl;Subs-Subs;Subs-Mn/Sub;Subs-unSub;Team Success-PPM;Team Success-onG;Team Success-onGA;Team Success-+/-;Team Success-+/-90;Team Success-On-Off;Team Success (xG)-onxG;Team Success (xG)-onxGA;Team Success (xG)-xG+/-;Team Success (xG)-xG+/-90;Team Success (xG)-On-Off;Matches;
1;Rocco Ascone\Rocco-Ascone;fr FRA;FW;Lille;18-021;2003;0;;;;;0;;0;0;;4;;;;;;;;;;;;Matches
2;Yunis Abdelhamid\Yunis-Abdelhamid;ma MAR;DF;Reims;34-005;1987;9;810;90;100.0;9.0;9;90;9;0;;0;1.11;10;11;-1;-0.11;;8.3;9.8;-1.5;-0.17;;Matches
3;Salis Abdul Samed\Salis-Abdul-Samed;gh GHA;MF;Clermont Foot;21-191;2000;7;546;78;75.8;6.1;6;86;5;1;31;0;1.14;8;13;-5;-0.82;+0.73;9.6;9.2;+0.4;+0.06;+0.87;Matches
4;Laurent Abergel\Laurent-Abergel;fr FRA;MF;Lorient;28-244;1993;8;720;90;100.0;8.0;8;90;8;0;;0;1.63;9;8;+1;+0.12;;8.4;13.7;-5.3;-0.66;;Matches
5;Charles Abi\Charles-Abi;fr FRA;FW;Saint-Étienne;21-174;2000;1;45;45;6.3;0.5;1;45;0;0;;0;1.00;0;0;0;0.00;+1.33;0.7;0.9;-0.2;-0.31;+0.49;Matches
6;Matthis Abline\Matthis-Abline;fr FRA;FW;Rennes;18-189;2003;7;103;15;14.3;1.1;1;45;0;6;10;1;1.14;0;1;-1;-0.87;-1.17;0.8;1.7;-0.9;-0.76;-0.94;Matches
7;Yacine Adli\Yacine-Adli;fr FRA;MFFW;Bordeaux;21-066;2000;8;406;51;56.4;4.5;4;72;0;4;30;0;0.88;6;6;0;0.00;+1.72;4.6;7.4;-2.7;-0.61;+1.08;Matches
8;Lucien Agoume\Lucien-Agoume;fr FRA;MF;Brest;19-236;2002;5;384;77;47.4;4.3;5;77;1;0;;0;0.40;3;9;-6;-1.41;-0.98;3.7;7.2;-3.5;-0.82;-0.58;Matches
9;Nayef Aguerd\Nayef-Aguerd;ma MAR;DF;Rennes;25-187;1996;8;720;90;100.0;8.0;8;90;8;0;;0;1.13;10;9;+1;+0.12;;10.3;10.0;+0.3;+0.04;;Matches
10;Ruben Aguilar\Ruben-Aguilar;fr FRA;DF;Monaco;28-160;1993;6;356;59;49.4;4.0;3;88;2;3;31;2;1.67;6;4;+2;+0.51;+1.00;6.2;2.1;+4.1;+1.04;+1.25;Matches
11;Cheikh Ahmadou Dieng\Cheikh-Ahmadou-Dieng;sn SEN;FWMF;Marseille;21-194;2000;5;296;59;47.0;3.3;4;74;1;1;2;2;2.00;6;2;+4;+1.22;+0.95;6.1;3.4;+2.8;+0.85;+0.33;Matches
12;Aymeric Ahmed\Aymeric-Ahmed;fr FRA;MF;Strasbourg;17-329;2003;0;;;;;0;;0;0;;3;;;;;;;;;;;;Matches
13;Jean-Eudes Aholou\Jean-Eudes-Aholou;ci CIV;MF;Strasbourg;27-197;1994;7;301;43;37.2;3.3;4;61;0;3;19;0;1.00;5;6;-1;-0.30;-0.30;4.5;5.3;-0.8;-0.23;+0.04;Matches
14;Ludovic Ajorque\Ludovic-Ajorque;re REU;FW;Strasbourg;27-220;1994;9;711;79;87.8;7.9;8;85;5;1;32;0;1.22;13;11;+2;+0.25;+2.98;9.9;9.7;+0.2;+0.02;+2.26;Matches
15;Sofiane Alakouch\Sofiane-Alakouch;fr FRA;DFMF;Metz;23-066;1998;2;106;53;14.7;1.2;0;;0;2;53;4;0.50;0;2;-2;-1.70;-0.97;1.6;1.9;-0.3;-0.27;+0.38;Matches
16;Josué Albert\Josue-Albert;gf GUF;DF;Clermont Foot;29-255;1992;0;;;;;0;;0;0;;4;;;;;;;;;;;;Matches
17;Mohamed Ali Cho\Mohamed-Ali-Cho;fr FRA;FW;Angers;17-257;2004;8;590;74;81.9;6.6;7;81;0;1;25;0;1.63;10;6;+4;+0.61;+0.61;9.0;7.6;+1.4;+0.22;+0.59;Matches
18;Rachid Alioui\Rachid-Alioui;ma MAR;FW;Angers;29-107;1992;0;;;;;0;;0;0;;1;;;;;;;;;;;;Matches
19;Jim Allevinah\Jim-Allevinah;ga GAB;FW;Clermont Foot;26-218;1995;8;427;53;59.3;4.7;5;72;0;3;23;0;1.13;3;12;-9;-1.90;-2.20;6.0;8.2;-2.2;-0.47;-0.80;Matches
20;Jordan Amavi\Jordan-Amavi;fr FRA;DF;Marseille;27-208;1994;1;58;58;9.2;0.6;1;58;0;0;;4;1.00;0;0;0;0.00;-0.79;0.1;0.0;0.0;+0.08;-0.63;Matches
21;Benjamin André\Benjamin-Andre;fr FRA;MF;Lille;31-061;1990;8;720;90;100.0;8.0;8;90;8;0;;0;1.38;11;14;-3;-0.37;;11.0;9.1;+1.9;+0.24;;Matches
22;Houssem Aouar\Houssem-Aouar;fr FRA;MFFW;Lyon;23-095;1998;8;559;70;77.6;6.2;7;76;5;1;26;0;1.50;9;11;-2;-0.32;-2.00;11.6;8.9;+2.8;+0.45;+0.12;Matches
23;Adil Aouchiche\Adil-Aouchiche;fr FRA;FWMF;Saint-Étienne;19-080;2002;8;210;26;29.2;2.3;2;54;0;6;17;0;0.38;2;5;-3;-1.29;-0.05;2.1;4.5;-2.4;-1.01;-0.33;Matches
24;Dennis Appiah\Dennis-Appiah;fr FRA;DF;Nantes;29-116;1992;5;256;51;35.6;2.8;3;73;2;2;19;2;1.40;3;2;+1;+0.35;+0.35;2.3;4.1;-1.8;-0.64;-0.90;Matches
25;Lorenz Assignon\Lorenz-Assignon;tg TOG;DF;Rennes;21-103;2000;3;125;42;17.4;1.4;1;90;1;2;18;5;1.00;6;0;+6;+4.32;+5.08;2.7;0.4;+2.3;+1.67;+1.97;Matches
26;Youcef Attal\Youcef-Attal;dz ALG;DF;Nice;25-139;1996;5;356;71;49.4;4.0;4;81;0;1;34;1;1.60;8;2;+6;+1.52;-0.46;8.8;2.9;+5.9;+1.49;+0.41;Matches
27;Karim Azamoum\Karim-Azamoum;fr FRA;DF;Troyes;31-259;1990;7;388;55;53.9;4.3;4;75;3;3;29;0;0.71;4;6;-2;-0.46;+0.08;3.9;6.4;-2.5;-0.57;+0.03;Matches
28;Ousmane Ba\Ousmane-Ba;sn SEN;GK;Metz;19-119;2002;0;;;;;0;;0;0;;3;;;;;;;;;;;;Matches
29;Loïc Bade\Loic-Bade;fr FRA;DFMF;Rennes;21-175;2000;5;399;80;55.4;4.4;5;80;3;0;;2;1.00;3;4;-1;-0.23;-0.79;4.8;8.3;-3.6;-0.81;-1.90;Matches
30;Benoît Badiashile\Benoit-Badiashile;fr FRA;DF;Monaco;20-191;2001;6;439;73;61.0;4.9;5;87;4;1;4;1;1.83;9;7;+2;+0.41;+1.05;9.1;5.2;+3.8;+0.78;+0.95;Matches
31;Youssouph Badji\Youssouph-Badji;sn SEN;FW;Brest;19-287;2001;5;122;24;15.1;1.4;1;71;0;4;13;0;0.40;2;2;0;0.00;+1.05;0.9;2.8;-1.9;-1.38;-1.02;Matches
32;Stéphane Bahoken\Stephane-Bahoken;cm CMR;FW;Angers;29-128;1992;8;183;23;25.4;2.0;1;65;0;7;17;0;1.63;2;1;+1;+0.49;-0.01;0.9;1.3;-0.4;-0.21;-0.43;Matches
33;Dénys Bain\Denys-Bain;fr FRA;DF;Brest;28-093;1993;1;90;90;11.1;1.0;1;90;1;0;;8;0.00;1;2;-1;-1.00;-0.13;0.5;4.2;-3.6;-3.64;-3.51;Matches
34;Stefan Bajic\Stefan-Bajic;fr FRA;GK;Saint-Étienne;19-284;2001;2;145;73;20.1;1.6;1;90;1;1;55;6;0.00;1;5;-4;-2.48;-1.54;0.7;3.8;-3.1;-1.93;-1.45;Matches
35;Dilane Bakwa\Dilane-Bakwa;fr FRA;FW;Bordeaux;19-038;2002;0;;;;;0;;0;0;;3;;;;;;;;;;;;Matches
36;Leonardo Balerdi\Leonardo-Balerdi;ar ARG;DF;Marseille;22-250;1999;6;537;90;85.2;6.0;6;90;5;0;;0;1.83;11;7;+4;+0.67;-0.30;9.5;5.5;+4.0;+0.68;+0.08;Matches
37;Abdoulaye Bamba\Abdoulaye-Bamba;ci CIV;DF;Angers;31-161;1990;0;;;;;0;;0;0;;3;;;;;;;;;;;;Matches
38;Jonathan Bamba\Jonathan-Bamba;fr FRA;MF;Lille;25-191;1996;3;254;85;35.3;2.8;3;85;2;0;;0;0.67;4;7;-3;-1.06;-1.06;3.1;3.2;-0.1;-0.02;-0.39;Matches
39;Robson Bambu\Robson-Bambu;br BRA;DF;Nice;23-325;1997;0;;;;;0;;0;0;;2;;;;;;;;;;;;Matches
40;Simon Banza\Simon-Banza;fr FRA;FW;Lens;25-051;1996;4;124;31;15.3;1.4;1;64;0;3;20;0;1.50;4;1;+3;+2.18;+1.78;2.5;0.9;+1.6;+1.16;+0.47;Matches
41;Bradley Barcola\Bradley-Barcola;fr FRA;FW;Lyon;19-031;2002;0;;;;;0;;0;0;;1;;;;;;;;;;;;Matches
42;Malcolm Barcola\Malcolm-Barcola;tg TOG;GK;Lyon;22-142;1999;0;;;;;0;;0;0;;1;;;;;;;;;;;;Matches
43;Melvin Bard\Melvin-Bard;fr FRA;DF;Nice;20-331;2000;8;638;80;88.6;7.1;7;89;6;1;12;0;2.13;17;3;+14;+1.97;+1.97;17.4;7.0;+10.3;+1.46;+0.93;Matches
44;Teddy Bartouche\Teddy-Bartouche;fr FRA;GK;Lorient;24-120;1997;0;;;;;0;;0;0;;1;;;;;;;;;;;;Matches
45;Toma Bašić\Toma-Basic;hr CRO;MF;Bordeaux;24-312;1996;3;209;70;29.0;2.3;3;70;0;0;;0;0.67;3;3;0;0.00;+1.06;1.6;3.4;-1.8;-0.77;+0.43;Matches
46;Amine Bassi\Amine-Bassi;fr FRA;MF;Metz;23-310;1997;1;60;60;8.3;0.7;1;60;0;0;;7;0.00;0;2;-2;-3.00;-2.32;0.6;1.2;-0.6;-0.89;-0.32;Matches
47;Mohamed Bayo\Mohamed-Bayo;gn GUI;FW;Clermont Foot;23-121;1998;7;545;78;75.7;6.1;6;86;3;1;32;0;1.29;10;11;-1;-0.17;+3.43;9.7;8.9;+0.8;+0.13;+1.16;Matches
48;Haris Belkebla\Haris-Belkebla;dz ALG;MF;Brest;27-248;1994;7;411;59;50.7;4.6;6;68;1;1;3;1;0.43;4;11;-7;-1.53;-1.31;2.2;7.5;-5.3;-1.15;-1.29;Matches
49;Raoul Bellanova\Raoul-Bellanova;it ITA;MF;Bordeaux;21-108;2000;0;;;;;0;;0;0;;1;;;;;;;;;;;;Matches
50;Jean-Ricner Bellegarde\Jean-Ricner-Bellegarde;fr FRA;MF;Strasbourg;23-098;1998;8;703;88;86.8;7.8;8;88;5;0;;0;1.00;12;14;-2;-0.26;-1.10;9.5;11.3;-1.9;-0.24;+0.11;Matches
51;Salim Ben Seghir\Salim-Ben-Seghir;fr FRA;FW;Marseille;18-221;2003;0;;;;;0;;0;0;;3;;;;;;;;;;;;Matches
52;Wissam Ben Yedder\Wissam-Ben-Yedder;fr FRA;FW;Monaco;31-052;1990;8;488;61;67.8;5.4;5;78;1;3;32;0;1.38;8;7;+1;+0.18;+0.57;8.3;5.6;+2.7;+0.49;+0.24;Matches
53;Darío Benedetto\Dario-Benedetto;ar ARG;FWMF;Marseille;31-139;1990;2;54;27;8.6;0.6;0;;0;2;27;0;2.00;3;0;+3;+5.00;+4.69;1.5;0.1;+1.4;+2.30;+1.77;Matches
54;Walter Benítez\Walter-Benitez;ar ARG;GK;Nice;28-198;1993;8;720;90;100.0;8.0;8;90;8;0;;0;2.13;17;4;+13;+1.62;;18.6;7.6;+11.0;+1.38;+1.06;Matches
55;Loris Benito\Loris-Benito;ch SUI;DF;Bordeaux;29-269;1992;1;61;61;8.5;0.7;1;61;0;0;;1;0.00;0;0;0;0.00;+0.82;0.7;1.6;-0.9;-1.31;-0.25;Matches
56;Mitchell van Bergen\Mitchell-van-Bergen;nl NED;FW;Reims;22-037;1999;6;353;59;43.6;3.9;5;67;0;1;20;0;1.17;3;4;-1;-0.25;-0.25;2.7;4.3;-1.6;-0.40;-0.42;Matches
57;Valon Berisha\Valon-Berisha;xk KVX;MFFW;Reims;28-238;1993;6;148;25;18.3;1.6;1;7;0;5;28;1;1.00;1;1;0;0.00;+0.14;1.9;1.2;+0.7;+0.43;+0.73;Matches
58;Paul Bernardoni\Paul-Bernardoni;fr FRA;GK;Angers;24-168;1997;8;720;90;100.0;8.0;8;90;8;0;;0;1.63;11;7;+4;+0.50;;9.4;8.5;+0.9;+0.11;;Matches
59;Dimitry Bertaud\Dimitry-Bertaud;fr FRA;GK;Montpellier;23-119;1998;5;450;90;55.6;5.0;5;90;5;0;;4;1.40;11;9;+2;+0.40;+0.90;7.2;7.6;-0.4;-0.07;+0.38;Matches
60;Jason Berthomier\Jason-Berthomier;fr FRA;MF;Clermont Foot;31-270;1990;8;501;63;69.6;5.6;7;69;0;1;16;0;1.13;7;12;-5;-0.90;+0.33;8.8;8.6;+0.2;+0.04;+0.61;Matches
61;Loïc Bessile\Loic-Bessile;tg TOG;DF;Bordeaux;22-226;1999;0;;;;;0;;0;0;;1;;;;;;;;;;;;Matches
62;Giulian Biancone\Giulian-Biancone;fr FRA;DF;Troyes;21-186;2000;7;536;77;74.4;6.0;7;77;3;0;;0;0.86;7;7;0;0.00;+1.96;6.3;9.5;-3.2;-0.54;+0.18;Matches
63;El Bilal Touré\El-Bilal-Toure;ml MLI;FW;Reims;20-000;2001;4;233;58;28.8;2.6;2;85;1;2;32;0;0.50;2;3;-1;-0.39;-0.39;3.2;2.5;+0.7;+0.28;+0.62;Matches
64;Jean-Claude Billong\Jean-Claude-Billong;cm CMR;DF;Clermont Foot;27-279;1993;2;108;54;15.0;1.2;1;90;1;1;18;3;0.00;0;6;-6;-5.00;-4.71;0.3;2.4;-2.1;-1.72;-1.84;Matches
65;Nathan Bitumazala\Nathan-Bitumazala;fr FRA;DF;Paris S-G;18-297;2002;1;11;11;1.5;0.1;0;;0;1;11;3;3.00;0;0;0;0.00;-1.90;0.0;0.0;0.0;0.00;-1.09;Matches
66;Marco Bizot\Marco-Bizot;nl NED;GK;Brest;30-207;1991;9;810;90;100.0;9.0;9;90;9;0;;0;0.44;10;18;-8;-0.89;;9.0;13.6;-4.7;-0.52;;Matches
67;Ludovic Blas\Ludovic-Blas;fr FRA;MFFW;Nantes;23-276;1997;8;692;87;96.1;7.7;8;87;5;0;;0;1.25;11;10;+1;+0.13;+0.13;9.1;9.0;+0.1;+0.01;+1.87;Matches
68;Myron Boadu\Myron-Boadu;nl NED;FW;Monaco;20-262;2001;7;263;38;36.5;2.9;3;58;0;4;22;1;1.14;3;4;-1;-0.34;-0.54;3.3;2.6;+0.7;+0.23;-0.28;Matches
69;Jérôme Boateng\Jerome-Boateng;de GER;DF;Lyon;33-030;1988;3;165;55;22.9;1.8;2;68;0;1;30;1;1.33;4;2;+2;+1.09;+1.25;2.8;2.3;+0.6;+0.31;-0.15;Matches
70;Antonin Bobichon\Antonin-Bobichon;fr FRA;MF;Angers;26-019;1995;1;13;13;1.8;0.1;0;;0;1;13;0;3.00;1;0;+1;+6.92;+6.54;0.3;0.1;+0.2;+1.41;+1.33;Matches
71;Quentin Boisgard\Quentin-Boisgard;fr FRA;MF;Lorient;24-200;1997;2;40;20;5.6;0.4;0;;0;2;20;2;1.50;1;1;0;0.00;-0.13;1.0;0.6;+0.4;+0.82;+1.56;Matches
72;Charles Boli\Charles-Boli;fr FRA;MF;Lens;23-034;1998;0;;;;;0;;0;0;;3;;;;;;;;;;;;Matches
73;Calvin Bombo\Calvin-Bombo;cf CTA;MF;Troyes;22-258;1999;0;;;;;0;;0;0;;1;;;;;;;;;;;;Matches
74;Pépé Bonet\Pepe-Bonet;fr FRA;GK;Rennes;18-232;2003;0;;;;;0;;0;0;;1;;;;;;;;;;;;Matches
75;Sven Botman\Sven-Botman;nl NED;DF;Lille;21-264;2000;8;720;90;100.0;8.0;8;90;8;0;;0;1.38;11;14;-3;-0.37;;11.0;9.1;+1.9;+0.24;;Matches
76;Denis Bouanga\Denis-Bouanga;ga GAB;FWMF;Saint-Étienne;26-326;1994;8;594;74;82.5;6.6;8;74;1;0;;0;0.38;6;14;-8;-1.21;+0.22;6.6;10.9;-4.3;-0.65;+0.68;Matches
77;Hicham Boudaoui\Hicham-Boudaoui;dz ALG;MF;Nice;22-010;1999;6;369;62;51.3;4.1;5;71;1;1;12;1;1.83;10;3;+7;+1.71;-0.09;8.5;5.3;+3.2;+0.79;-0.87;Matches
78;Ryad Boudebouz\Ryad-Boudebouz;dz ALG;MF;Saint-Étienne;31-226;1990;3;59;20;8.2;0.7;0;;0;3;20;1;0.33;0;3;-3;-4.58;-3.62;0.2;1.4;-1.2;-1.88;-1.21;Matches
79;Sofiane Boufal\Sofiane-Boufal;ma MAR;FWMF;Angers;28-016;1993;7;480;69;66.7;5.3;6;76;1;1;24;0;1.71;7;6;+1;+0.19;-0.94;6.6;6.2;+0.4;+0.08;-0.09;Matches
80;Farid Boulaya\Farid-Boulaya;dz ALG;MF;Metz;28-220;1993;2;43;22;6.0;0.5;0;;0;2;22;0;1.50;1;1;0;0.00;+0.93;0.4;0.4;0.0;+0.07;+0.71;Matches
81;Teddy Boulhendi\Teddy-Boulhendi;fr FRA;GK;Nice;20-177;2001;0;;;;;0;;0;0;;1;;;;;;;;;;;;Matches
82;Ismaëlben Boura\Ismaelben-Boura;fr FRA;DF;Lens;21-050;2000;5;95;19;11.7;1.1;1;90;1;4;1;4;1.80;2;1;+1;+0.95;+0.32;2.5;0.6;+1.8;+1.74;+1.11;Matches
83;Benjamin Bourigeaud\Benjamin-Bourigeaud;fr FRA;MFFW;Rennes;27-262;1994;8;678;85;94.2;7.5;8;85;3;0;;0;1.13;10;7;+3;+0.40;+4.68;9.9;8.3;+1.6;+0.22;+2.99;Matches
84;Redwan Bourles\Redwan-Bourles;fr FRA;MF;Lorient;18-274;2003;2;10;5;1.4;0.1;0;;0;2;5;6;2.00;0;0;0;0.00;-0.13;0.0;0.5;-0.5;-4.72;-4.12;Matches
85;Julien Boyer\Julien-Boyer;fr FRA;DF;Clermont Foot;23-176;1998;0;;;;;0;;0;0;;4;;;;;;;;;;;;Matches
86;Domagoj Bradarić\Domagoj-Bradaric;hr CRO;DFMF;Lille;21-297;1999;2;29;15;4.0;0.3;0;;0;2;15;4;3.00;0;0;0;0.00;+0.39;0.3;0.2;+0.2;+0.49;+0.26;Matches
87;Bilal Brahimi\Bilal-Brahimi;fr FRA;FW;Angers;21-203;2000;2;28;14;3.9;0.3;0;;0;2;14;0;1.00;0;0;0;0.00;-0.52;0.2;0.6;-0.3;-1.00;-1.16;Matches
88;Bilal Brahimi\Bilal-Brahimi;fr FRA;FW;Reims;21-203;2000;0;;;;;0;;0;0;;2;;;;;;;;;;;;Matches
89;Lilian Brassier\Lilian-Brassier;fr FRA;DF;Brest;21-335;1999;8;720;90;88.9;8.0;8;90;8;0;;0;0.50;9;16;-7;-0.87;+0.13;8.4;9.5;-1.0;-0.13;+3.51;Matches
90;Jimmy Briand\Jimmy-Briand;fr FRA;FW;Bordeaux;36-062;1985;4;94;24;13.1;1.0;1;62;0;3;11;4;0.50;2;1;+1;+0.96;+1.96;1.2;2.9;-1.6;-1.55;-0.55;Matches
91;Dylan Bronn\Dylan-Bronn;tn TUN;DF;Metz;26-106;1995;7;629;90;87.4;7.0;7;90;6;0;;0;0.43;7;14;-7;-1.00;-1.00;6.1;10.0;-3.9;-0.56;+0.30;Matches
92;Osman Bukari\Osman-Bukari;gh GHA;FWMF;Nantes;22-294;1998;5;248;50;34.4;2.8;3;71;0;2;18;2;0.60;3;3;0;0.00;-0.19;3.3;3.4;-0.1;-0.03;+0.04;Matches
93;Oriol Busquets\Oriol-Busquets;es ESP;MF;Clermont Foot;22-256;1999;2;62;31;8.6;0.7;1;57;0;1;5;2;0.50;0;4;-4;-5.81;-5.26;0.2;1.8;-1.6;-2.32;-2.38;Matches
94;Marcin Bułka\Marcin-Bulka;pl POL;GK;Nice;21-364;1999;0;;;;;0;;0;0;;8;;;;;;;;;;;;Matches
95;Jimmy Cabot\Jimmy-Cabot;fr FRA;DF;Angers;27-168;1994;8;720;90;100.0;8.0;8;90;8;0;;0;1.63;11;7;+4;+0.50;;9.4;8.5;+0.9;+0.11;;Matches
96;Anthony Caci\Anthony-Caci;fr FRA;DF;Strasbourg;24-094;1997;9;614;68;75.8;6.8;7;83;6;2;15;0;1.22;8;9;-1;-0.15;-0.15;6.7;9.2;-2.5;-0.36;-0.46;Matches
97;Mathieu Cafaro\Mathieu-Cafaro;fr FRA;FWMF;Reims;24-192;1997;3;158;53;19.5;1.8;3;53;0;0;;1;1.00;3;4;-1;-0.57;-0.57;2.5;3.0;-0.5;-0.30;-0.17;Matches
98;Yannick Cahuzac\Yannick-Cahuzac;fr FRA;MF;Lens;36-258;1985;7;295;42;36.4;3.3;3;84;2;4;11;2;2.00;6;5;+1;+0.31;-0.57;6.2;3.7;+2.5;+0.76;+0.01;Matches
99;Marc-Aurèle Caillard\Marc-Aurele-Caillard;fr FRA;GK;Metz;27-144;1994;0;;;;;0;;0;0;;5;;;;;;;;;;;;Matches
100;Duje Ćaleta-Car\Duje-Caleta-Car;hr CRO;DF;Marseille;25-016;1996;1;90;90;14.3;1.0;1;90;1;0;;4;1.00;0;0;0;0.00;-0.83;0.7;0.4;+0.3;+0.29;-0.42;Matches
101;Mahdi Camara\Mahdi-Camara;fr FRA;MF;Saint-Étienne;23-095;1998;8;670;84;93.1;7.4;7;89;6;1;46;0;0.38;7;16;-9;-1.21;+0.59;7.7;12.9;-5.2;-0.70;+1.11;Matches
102;Mamadou Camara\Mamadou-Camara;sn SEN;MF;Lens;18-353;2002;0;;;;;0;;0;0;;1;;;;;;;;;;;;Matches
103;Eduardo Camavinga\Eduardo-Camavinga;fr FRA;MF;Rennes;18-327;2002;4;143;36;19.9;1.6;1;68;0;3;25;0;1.25;2;4;-2;-1.26;-1.73;1.1;3.3;-2.1;-1.35;-1.74;Matches
104;Axel Camblan\Axel-Camblan;fr FRA;FW;Brest;18-034;2003;0;;;;;0;;0;0;;1;;;;;;;;;;;;Matches
105;Pierrick Capelle\Pierrick-Capelle;fr FRA;MFDF;Angers;34-171;1987;6;240;40;33.3;2.7;2;86;1;4;17;1;1.50;2;2;0;0.00;-0.75;2.5;2.8;-0.3;-0.11;-0.34;Matches
106;Capita\Capita;ao ANG;FW;Lille;19-266;2002;0;;;;;0;;0;0;;1;;;;;;;;;;;;Matches
107;Amay Caprice\Amay-Caprice;fr FRA;DF;Marseille;17-043;2004;0;;;;;0;;0;0;;1;;;;;;;;;;;;Matches
108;Maxence Caqueret\Maxence-Caqueret;fr FRA;MF;Lyon;21-230;2000;8;570;71;79.2;6.3;6;83;5;2;38;0;1.50;12;11;+1;+0.16;+0.16;12.0;8.3;+3.7;+0.59;+0.81;Matches
109;Irvin Cardona\Irvin-Cardona;fr FRA;FW;Brest;24-056;1997;9;573;64;70.7;6.4;8;68;0;1;30;0;0.44;6;12;-6;-0.94;-0.18;5.9;7.5;-1.6;-0.26;+0.90;Matches
110;Igor Carioca\Igor-Carioca;br BRA;DF;Lorient;25-043;1996;8;600;75;83.3;6.7;7;85;5;1;3;0;1.63;8;7;+1;+0.15;+0.15;7.1;10.7;-3.6;-0.55;+0.67;Matches
111;Matis Carvalho\Matis-Carvalho;pt POR;GK;Montpellier;22-158;1999;0;;;;;0;;0;0;;5;;;;;;;;;;;;Matches
112;Moreto Cassamã\Moreto-Cassama;gw GNB;MF;Reims;23-229;1998;6;218;36;26.9;2.4;3;54;0;3;18;3;1.00;5;5;0;0.00;+0.15;3.6;3.3;+0.3;+0.13;+0.40;Matches
113;Jean-Charles Castelletto\Jean-Charles-Castelletto;cm CMR;DF;Nantes;26-250;1995;7;630;90;87.5;7.0;7;90;7;0;;0;1.00;7;9;-2;-0.29;-3.29;7.3;8.8;-1.5;-0.21;-1.24;Matches
114;Zeki Çelik\Zeki-Celik;tr TUR;DF;Lille;24-228;1997;6;422;70;58.6;4.7;5;84;4;1;1;1;1.67;7;9;-2;-0.43;-0.12;6.3;5.4;+0.8;+0.18;-0.14;Matches
115;Fabien Centonze\Fabien-Centonze;fr FRA;DF;Metz;25-260;1996;7;630;90;87.5;7.0;7;90;7;0;;0;0.71;7;14;-7;-1.00;-1.00;5.2;9.7;-4.4;-0.63;-0.31;Matches
116;Leonardo César Jardim\Leonardo-Cesar-Jardim;br BRA;GK;Lille;26-197;1995;2;180;90;25.0;2.0;2;90;2;0;;4;0.50;3;7;-4;-2.00;-2.17;2.4;2.9;-0.5;-0.25;-0.65;Matches
117;El Chadaille Bitshiabu\El-Chadaille-Bitshiabu;fr FRA;DF;Paris S-G;16-140;2005;0;;;;;0;;0;0;;3;;;;;;;;;;;;Matches
118;Nassim Chadli\Nassim-Chadli;fr FRA;DF;Troyes;20-067;2001;2;5;3;0.7;0.1;0;;0;2;3;3;1.00;0;0;0;0.00;+0.50;0.2;0.0;+0.2;+4.18;+4.80;Matches
119;Mehdi Chahiri\Mehdi-Chahiri;ma MAR;MF;Strasbourg;25-070;1996;1;16;16;2.0;0.2;0;;0;1;16;3;0.00;0;1;-1;-5.63;-5.63;0.1;0.3;-0.2;-1.15;-0.91;Matches
120;Dylan Chambost\Dylan-Chambost;fr FRA;FWMF;Troyes;24-045;1997;6;250;42;34.7;2.8;4;58;0;2;9;2;0.83;3;4;-1;-0.36;+0.21;1.9;4.5;-2.7;-0.96;-0.58;Matches
121;Brendan Chardonnet\Brendan-Chardonnet;fr FRA;DF;Brest;26-285;1994;8;720;90;88.9;8.0;8;90;8;0;;0;0.50;9;15;-6;-0.75;+1.25;8.0;12.0;-4.0;-0.50;+0.21;Matches
122;Xavier Chavalerin\Xavier-Chavalerin;fr FRA;MFDF;Reims;30-210;1991;3;220;73;27.2;2.4;2;90;2;1;40;0;1.00;3;3;0;0.00;+0.15;2.8;3.0;-0.2;-0.07;+0.13;Matches
123;Xavier Chavalerin\Xavier-Chavalerin;fr FRA;MFFW;Troyes;30-210;1991;4;360;90;50.0;4.0;4;90;4;0;;0;1.25;5;5;0;0.00;+1.00;4.3;5.0;-0.6;-0.16;+0.86;Matches
124;Rayan Cherki\Rayan-Cherki;fr FRA;FW;Lyon;18-047;2003;5;104;21;14.4;1.2;1;59;0;4;11;3;1.60;1;3;-2;-1.73;-2.17;1.9;2.8;-0.9;-0.79;-1.41;Matches
125;Pedro Chirivella\Pedro-Chirivella;es ESP;MF;Nantes;24-133;1997;7;608;87;84.4;6.8;7;87;2;0;;0;1.29;10;9;+1;+0.15;+0.15;8.4;7.8;+0.6;+0.09;+0.94;Matches
126;Joris Chotard\Joris-Chotard;fr FRA;MF;Montpellier;20-009;2001;8;605;76;74.7;6.7;7;83;3;1;22;1;1.13;10;11;-1;-0.15;-0.59;6.8;8.6;-1.7;-0.26;-0.05;Matches
127;Mohamed Cissé\Mohamed-Cisse;fr FRA;FW;Lens;20-160;2001;0;;;;;0;;0;0;;1;;;;;;;;;;;;Matches
128;Alexis Claude-Maurice\Alexis-Claude-Maurice;fr FRA;MF;Nice;23-119;1998;0;;;;;0;;0;0;;2;;;;;;;;;;;;Matches
129;Jonathan Clauss\Jonathan-Clauss;fr FRA;DF;Lens;29-008;1992;9;722;80;89.1;8.0;8;88;3;1;21;0;2.00;13;7;+6;+0.75;+0.75;12.1;6.6;+5.5;+0.69;-0.65;Matches
130;Marcus Coco\Marcus-Coco;fr FRA;FWMF;Nantes;25-101;1996;7;222;32;30.8;2.5;2;86;1;5;10;1;1.43;1;2;-1;-0.41;-0.77;2.8;3.3;-0.4;-0.18;-0.18;Matches
131;Sébastien Corchia\Sebastien-Corchia;fr FRA;DF;Nantes;30-336;1990;8;462;58;64.2;5.1;4;81;2;4;35;0;1.25;5;7;-2;-0.39;-1.44;6.0;5.7;+0.3;+0.05;+0.30;Matches
132;Maxwel Cornet\Maxwel-Cornet;ci CIV;DFMF;Lyon;25-006;1996;1;63;63;8.8;0.7;1;63;0;0;;0;0.00;0;2;-2;-2.86;-3.27;0.9;1.4;-0.5;-0.66;-1.18;Matches
133;David Pereira da Costa\David-Pereira-da-Costa;pt POR;FWMF;Lens;20-271;2001;5;99;20;12.2;1.1;1;62;0;4;9;4;1.60;3;3;0;0.00;-0.76;3.2;2.0;+1.2;+1.07;+0.36;Matches
134;Benoît Costil\Benoit-Costil;fr FRA;GK;Bordeaux;34-092;1987;8;720;90;100.0;8.0;8;90;8;0;;0;0.88;11;17;-6;-0.75;;7.1;15.7;-8.6;-1.08;;Matches
135;Grégoire Coudert\Gregoire-Coudert;fr FRA;GK;Brest;22-183;1999;0;;;;;0;;0;0;;2;;;;;;;;;;;;Matches
136;Kalifa Coulibaly\Kalifa-Coulibaly;ml MLI;FW;Nantes;30-043;1991;4;91;23;12.6;1.0;1;58;0;3;11;0;1.50;3;1;+2;+1.98;+2.12;1.3;0.8;+0.5;+0.48;+0.62;Matches
137;Nicolas Cozza\Nicolas-Cozza;fr FRA;DF;Montpellier;22-268;1999;9;724;80;89.4;8.0;8;82;3;1;65;0;1.11;14;15;-1;-0.12;-1.17;9.4;10.0;-0.6;-0.07;+1.63;Matches
138;Wylan Cyprien\Wylan-Cyprien;fr FRA;MF;Nantes;26-248;1995;3;146;49;20.3;1.6;2;71;0;1;4;1;1.00;5;2;+3;+1.85;+2.16;3.0;1.4;+1.6;+1.00;+1.33;Matches
139;Lucas Da Cunha\Lucas-Da-Cunha;fr FRA;MF;Nice;20-116;2001;4;92;23;12.8;1.0;1;62;0;3;10;3;2.50;2;1;+1;+0.98;-0.88;2.8;0.6;+2.1;+2.09;+0.94;Matches
140;Damien Da Silva\Damien-Da-Silva;fr FRA;DF;Lyon;33-139;1988;3;177;59;24.6;2.0;2;79;0;1;19;2;1.67;4;2;+2;+1.02;+1.18;5.2;2.7;+2.5;+1.26;+1.12;Matches
141;Colin Dagba\Colin-Dagba;fr FRA;DF;Paris S-G;23-024;1998;0;;;;;0;;0;0;;1;;;;;;;;;;;;Matches
142;Flavius Daniliuc\Flavius-Daniliuc;at AUT;DF;Nice;20-159;2001;6;224;37;31.1;2.5;2;90;2;4;11;2;2.17;6;0;+6;+2.41;+0.96;5.5;2.3;+3.2;+1.29;+0.04;Matches
143;Kevin Danso\Kevin-Danso;at AUT;DF;Lens;23-014;1998;7;504;72;62.2;5.6;6;83;5;1;5;1;2.00;10;4;+6;+1.07;+1.07;10.3;5.0;+5.3;+0.95;+0.50;Matches
144;Dante\Dante;br BRA;DF;Nice;37-350;1983;8;720;90;100.0;8.0;8;90;8;0;;0;2.13;17;4;+13;+1.62;;18.6;7.6;+11.0;+1.38;+1.06;Matches
145;Jonathan David\Jonathan-David;ca CAN;FW;Lille;21-262;2000;8;548;69;76.1;6.1;6;81;2;2;31;0;1.38;8;9;-1;-0.16;+0.88;7.6;5.4;+2.1;+0.35;+0.48;Matches
146;Konrad De La Fuente\Konrad-De-La-Fuente;us USA;DFFW;Marseille;20-079;2001;7;379;54;60.2;4.2;4;73;0;3;30;0;2.00;8;6;+2;+0.47;-0.60;7.7;3.8;+4.0;+0.94;+0.60;Matches
147;Kamal Deen Sulemana\Kamal-Deen-Sulemana;gh GHA;FWMF;Rennes;19-230;2002;8;438;55;60.8;4.9;5;67;0;3;34;0;1.13;10;2;+8;+1.64;+3.88;6.8;3.7;+3.1;+0.63;+1.50;Matches
148;Romain Del Castillo\Romain-Del-Castillo;fr FRA;MFFW;Rennes;25-188;1996;3;28;9;3.9;0.3;0;;0;3;9;1;1.33;0;1;-1;-3.21;-3.47;0.5;1.5;-1.1;-3.50;-3.68;Matches
149;Romain Del Castillo\Romain-Del-Castillo;fr FRA;FW;Brest;25-188;1996;2;133;67;16.4;1.5;2;67;0;0;;1;0.50;1;1;0;0.00;+1.06;1.9;0.5;+1.3;+0.91;+1.70;Matches
150;Thomas Delaine\Thomas-Delaine;fr FRA;DF;Metz;29-193;1992;4;247;62;34.3;2.7;3;77;1;1;17;1;0.50;3;6;-3;-1.09;-0.33;2.9;3.7;-0.8;-0.29;+0.46;Matches
151;Sacha Delaye\Sacha-Delaye;fr FRA;MF;Montpellier;19-163;2002;0;;;;;0;;0;0;;3;;;;;;;;;;;;Matches
152;Andy Delort\Andy-Delort;dz ALG;FW;Montpellier;29-359;1991;3;269;90;33.2;3.0;3;90;2;0;;0;1.33;8;7;+1;+0.33;+0.50;5.4;4.9;+0.5;+0.17;+0.62;Matches
153;Andy Delort\Andy-Delort;dz ALG;FW;Nice;29-359;1991;5;359;72;49.9;4.0;3;90;3;2;45;0;2.00;8;4;+4;+1.00;-1.49;11.2;4.4;+6.8;+1.71;+0.80;Matches
154;Moussa Dembélé\Moussa-Dembele;fr FRA;FW;Lyon;25-083;1996;6;466;78;64.7;5.2;5;88;4;1;25;0;1.83;10;8;+2;+0.39;+0.74;10.2;6.5;+3.8;+0.73;+0.88;Matches
155;Jason Denayer\Jason-Denayer;be BEL;DF;Lyon;26-097;1995;6;306;51;42.5;3.4;4;72;3;2;9;0;1.83;7;5;+2;+0.59;+0.81;5.9;5.5;+0.4;+0.13;-0.51;Matches
156;Rémy Descamps\Remy-Descamps;fr FRA;GK;Nantes;25-100;1996;0;;;;;0;;0;0;;4;;;;;;;;;;;;Matches
157;Arthur Desmas\Arthur-Desmas;fr FRA;GK;Clermont Foot;27-179;1994;8;720;90;100.0;8.0;8;90;8;0;;0;1.13;11;19;-8;-1.00;;12.3;13.5;-1.2;-0.15;;Matches
158;Ángel Di María\Angel-Di-Maria;ar ARG;FW;Paris S-G;33-231;1988;5;284;57;39.4;3.2;3;83;0;2;18;0;3.00;7;2;+5;+1.58;-0.48;5.0;1.8;+3.2;+1.02;-0.10;Matches
159;Abdou Diallo\Abdou-Diallo;sn SEN;DF;Paris S-G;25-152;1996;6;524;87;72.8;5.8;6;87;5;0;;2;3.00;18;5;+13;+2.23;+1.31;11.2;4.5;+6.7;+1.15;+0.27;Matches
160;Habib Diallo\Habib-Diallo;sn SEN;FW;Strasbourg;26-107;1995;9;404;45;49.9;4.5;4;73;1;5;23;0;1.22;8;5;+3;+0.67;+1.56;7.1;6.6;+0.5;+0.10;+0.71;Matches
161;Mouhamadou Diarra\Mouhamadou-Diarra;fr FRA;MF;Strasbourg;17-273;2004;0;;;;;0;;0;0;;5;;;;;;;;;;;;Matches
162;Stéphane Diarra\Stephane-Diarra;fr FRA;MF;Lorient;22-298;1998;4;50;13;6.9;0.6;0;;0;4;13;0;2.00;0;0;0;0.00;-0.13;0.5;0.8;-0.2;-0.41;+0.26;Matches
163;Krepin Diatta\Krepin-Diatta;sn SEN;MFDF;Monaco;22-220;1999;5;192;38;26.7;2.1;2;67;0;3;19;0;0.80;3;2;+1;+0.47;+0.64;2.9;1.7;+1.2;+0.55;+0.19;Matches
164;Javairô Dilrosun\Javairo-Dilrosun;nl NED;FWMF;Bordeaux;23-103;1998;4;219;55;30.4;2.4;3;58;0;1;45;0;1.25;5;3;+2;+0.82;+2.26;2.7;4.4;-1.7;-0.70;+0.54;Matches
165;Junior Dina Ebimbe\Junior-Dina-Ebimbe;fr FRA;MF;Paris S-G;20-316;2000;3;93;31;12.9;1.0;1;59;0;2;17;4;3.00;3;1;+2;+1.94;+0.07;1.3;0.6;+0.8;+0.74;-0.39;Matches
166;Tristan Dingomé\Tristan-Dingome;cm CMR;MFFW;Troyes;30-228;1991;3;98;33;13.6;1.1;1;59;0;2;20;0;1.33;2;1;+1;+0.92;+1.64;1.4;0.6;+0.7;+0.67;+1.45;Matches
167;Sinaly Diomande\Sinaly-Diomande;ci CIV;DF;Lyon;20-177;2001;7;473;68;65.7;5.3;4;83;3;3;48;1;1.57;9;9;0;0.00;-0.36;10.0;7.1;+3.0;+0.57;+0.44;Matches
168;Sofiane Diop\Sofiane-Diop;fr FRA;MFFW;Monaco;21-116;2000;8;545;68;75.7;6.1;6;80;2;2;32;0;1.38;9;8;+1;+0.17;+0.68;9.3;5.9;+3.4;+0.56;+0.60;Matches
169;Andy Diouf\Andy-Diouf;fr FRA;MF;Rennes;19-139;2002;1;5;5;0.7;0.1;0;;0;1;5;2;1.00;0;0;0;0.00;-0.13;0.1;0.8;-0.7;-12.29;-12.42;Matches
170;Yehvann Diouf\Yehvann-Diouf;fr FRA;GK;Reims;21-321;1999;0;;;;;0;;0;0;;8;;;;;;;;;;;;Matches
171;Assane Dioussé\Assane-Diousse;sn SEN;MF;Saint-Étienne;24-013;1997;1;10;10;1.4;0.1;0;;0;1;10;0;1.00;0;0;0;0.00;+1.27;0.0;0.2;-0.2;-1.75;-0.99;Matches
172;Axel Disasi\Axel-Disasi;fr FRA;DF;Monaco;23-206;1998;7;547;78;76.0;6.1;6;87;5;1;25;1;1.14;5;9;-4;-0.66;-2.74;7.2;5.5;+1.7;+0.28;-0.56;Matches
173;Tiago Djaló\Tiago-Djalo;pt POR;DF;Lille;21-177;2000;4;299;75;41.5;3.3;3;90;3;1;29;2;1.75;4;5;-1;-0.30;+0.13;4.7;3.7;+1.0;+0.31;+0.12;Matches
174;Alexander Djiku\Alexander-Djiku;gh GHA;DF;Strasbourg;27-055;1994;8;677;85;83.6;7.5;8;85;6;0;;0;1.25;11;12;-1;-0.13;-0.13;7.7;10.3;-2.6;-0.35;-0.61;Matches
175;Bryan Djile Nokoué\Bryan-Djile-Nokoue;cm CMR;DFMF;Saint-Étienne;19-133;2002;2;57;29;7.9;0.6;0;;0;2;29;5;0.50;0;1;-1;-1.58;-0.36;0.2;0.9;-0.7;-1.03;-0.28;Matches
176;Ouparine Djoco\Ouparine-Djoco;fr FRA;GK;Clermont Foot;23-164;1998;0;;;;;0;;0;0;;8;;;;;;;;;;;;Matches
177;Jeremy Doku\Jeremy-Doku;be BEL;FW;Rennes;19-129;2002;3;150;50;20.8;1.7;2;59;0;1;33;0;1.67;0;0;0;0.00;-0.16;1.5;2.8;-1.3;-0.80;-1.07;Matches
178;Kasper Dolberg\Kasper-Dolberg;dk DEN;FW;Nice;23-362;1997;5;210;42;29.2;2.3;3;56;1;2;21;0;2.20;6;1;+5;+2.14;+0.55;4.5;2.5;+1.9;+0.83;-0.58;Matches
179;Brandon Domingues\Brandon-Domingues;fr FRA;FWMF;Troyes;21-119;2000;4;58;15;8.1;0.6;0;;0;4;15;3;0.50;0;1;-1;-1.55;-1.14;0.4;1.1;-0.7;-1.11;-0.57;Matches
180;Anastasios Donis\Anastasios-Donis;gr GRE;FW;Reims;25-035;1996;2;30;15;3.7;0.3;0;;0;2;15;3;0.50;0;0;0;0.00;+0.12;0.5;0.0;+0.5;+1.57;+1.80;Matches
181;Gianluigi Donnarumma\Gianluigi-Donnarumma;it ITA;GK;Paris S-G;22-220;1999;2;180;90;25.0;2.0;2;90;2;0;;4;3.00;6;1;+5;+2.50;+0.83;4.7;1.8;+2.9;+1.46;+0.51;Matches
182;Jodel Dossou\Jodel-Dossou;bj BEN;FW;Clermont Foot;29-200;1992;8;571;71;79.3;6.3;7;79;1;1;21;0;1.13;9;13;-4;-0.63;+1.79;11.0;10.2;+0.7;+0.12;+1.27;Matches
183;Lucas Douath\Lucas-Douath;fr FRA;MFDF;Saint-Étienne;18-059;2003;4;178;45;24.7;2.0;2;74;1;2;16;3;0.50;3;5;-2;-1.01;+0.32;1.7;4.3;-2.6;-1.30;-0.70;Matches
184;Cheick Doucouré\Cheick-Doucoure;ml MLI;MF;Lens;21-268;2000;7;594;85;73.3;6.6;7;85;4;0;;0;2.00;10;6;+4;+0.61;-0.23;10.0;6.1;+3.9;+0.59;-0.63;Matches
185;Fodé Doucouré\Fode-Doucoure;ml MLI;DF;Reims;20-242;2001;1;19;19;2.3;0.2;0;;0;1;19;6;0.00;0;0;0;0.00;+0.11;0.1;0.3;-0.2;-0.87;-0.72;Matches
186;Souleyman Doumbia\Souleyman-Doumbia;ci CIV;DF;Angers;25-009;1996;6;463;77;64.3;5.1;6;77;2;0;;2;1.83;8;4;+4;+0.78;+0.78;6.3;4.7;+1.6;+0.30;+0.54;Matches
187;Julian Draxler\Julian-Draxler;de GER;FWMF;Paris S-G;28-013;1993;7;271;39;37.6;3.0;3;76;0;4;11;1;3.00;12;4;+8;+2.66;+1.25;6.3;2.9;+3.4;+1.12;+0.07;Matches
188;Matthieu Dreyer\Matthieu-Dreyer;fr FRA;GK;Lorient;32-197;1989;0;;;;;0;;0;0;;8;;;;;;;;;;;;Matches
189;Leo Dubois\Leo-Dubois;fr FRA;DF;Lyon;27-019;1994;6;477;80;66.3;5.3;5;86;4;1;45;0;1.50;9;6;+3;+0.57;+1.31;8.6;5.9;+2.6;+0.50;+0.24;Matches
190;Jean-Kevin Duverne\Jean-Kevin-Duverne;fr FRA;DF;Brest;24-083;1997;9;521;58;64.3;5.8;5;90;5;4;18;0;0.44;7;13;-6;-1.04;-0.41;5.7;10.4;-4.7;-0.82;-0.83;Matches
191;Enzo Ebosse\Enzo-Ebosse;fr FRA;DF;Angers;22-206;1999;3;117;39;16.3;1.3;1;70;0;2;24;2;1.00;1;1;0;0.00;-0.60;1.2;1.3;-0.1;-0.05;-0.19;Matches
192;Hugo Ekitike\Hugo-Ekitike;fr FRA;FWMF;Reims;19-105;2002;9;364;40;44.9;4.0;4;58;0;5;27;0;1.11;5;5;0;0.00;+0.20;3.4;5.2;-1.9;-0.47;-0.54;Matches
193;Alberth Elis\Alberth-Elis;hn HON;FWMF;Bordeaux;25-233;1996;0;;;;;0;;0;0;;1;;;;;;;;;;;;Matches
194;Sepe Elye Wahi\Sepe-Elye-Wahi;fr FRA;FW;Montpellier;18-274;2003;8;230;29;28.4;2.6;3;55;0;5;13;1;1.13;8;4;+4;+1.57;+2.19;3.5;4.1;-0.6;-0.24;0.00;Matches
195;Renaud Emond\Renaud-Emond;be BEL;FWMF;Nantes;29-302;1991;3;152;51;21.1;1.7;2;70;0;1;12;2;1.33;2;1;+1;+0.59;+0.59;1.7;2.3;-0.7;-0.40;-0.43;Matches
196;Maxime Estève\Maxime-Esteve;fr FRA;DF;Montpellier;19-130;2002;8;517;65;63.8;5.7;5;90;5;3;22;1;0.88;7;11;-4;-0.70;-1.92;3.9;8.2;-4.3;-0.75;-1.39;Matches
197;Fábio\Fabio;br BRA;DF;Nantes;31-086;1990;5;369;74;51.3;4.1;5;74;0;0;;1;1.40;6;5;+1;+0.24;+0.24;5.0;6.3;-1.3;-0.32;-0.53;Matches
198;Cesc Fàbregas\Cesc-Fabregas;es ESP;MF;Monaco;34-152;1987;2;38;19;5.3;0.4;0;;0;2;19;3;0.00;0;1;-1;-2.37;-2.50;0.2;0.4;-0.2;-0.47;-0.93;Matches
199;Wout Faes\Wout-Faes;be BEL;DF;Reims;23-183;1998;9;810;90;100.0;9.0;9;90;9;0;;0;1.11;10;11;-1;-0.11;;8.3;9.8;-1.5;-0.17;;Matches
200;Romain Faivre\Romain-Faivre;fr FRA;MF;Brest;23-081;1998;8;698;87;86.2;7.8;8;87;7;0;;0;0.50;9;14;-5;-0.64;+1.77;7.8;11.6;-3.8;-0.49;+0.24;Matches
201;Boubacar Fall\Boubacar-Fall;sn SEN;GK;Saint-Étienne;20-242;2001;0;;;;;0;;0;0;;1;;;;;;;;;;;;Matches
202;Wuilker Faríñez\Wuilker-Farinez;ve VEN;GK;Lens;23-230;1998;0;;;;;0;;0;0;;8;;;;;;;;;;;;Matches
203;Noah Fatar\Noah-Fatar;fr FRA;MF;Angers;19-230;2002;0;;;;;0;;0;0;;2;;;;;;;;;;;;Matches
204;Julien Faussurier\Julien-Faussurier;fr FRA;DFFW;Brest;34-262;1987;6;90;15;11.1;1.0;0;;0;6;15;3;0.50;2;3;-1;-1.00;-0.13;1.2;3.2;-1.9;-1.92;-1.57;Matches
205;Jordan Ferri\Jordan-Ferri;fr FRA;MF;Montpellier;29-205;1992;9;780;87;96.3;8.7;9;87;6;0;;0;1.11;16;14;+2;+0.23;+6.23;9.8;11.9;-2.1;-0.25;-0.06;Matches
206;Karol Fila\Karol-Fila;pl POL;DF;Strasbourg;23-112;1998;5;284;57;35.1;3.2;4;67;0;1;16;2;1.40;3;6;-3;-0.95;-1.29;2.4;3.8;-1.4;-0.44;-0.29;Matches
207;Alexis Flips\Alexis-Flips;fr FRA;MFFW;Reims;21-258;2000;4;156;39;19.3;1.7;1;71;0;3;28;5;0.75;4;3;+1;+0.58;+0.85;1.6;2.3;-0.7;-0.41;-0.30;Matches
208;Mamadou Fofana\Mamadou-Fofana;ml MLI;DF;Metz;23-255;1998;1;33;33;4.6;0.4;0;;0;1;33;0;1.00;0;2;-2;-5.45;-4.80;0.3;0.7;-0.4;-1.13;-0.56;Matches
209;Seko Fofana\Seko-Fofana;ci CIV;MF;Lens;26-149;1995;9;810;90;100.0;9.0;9;90;9;0;;0;2.00;16;10;+6;+0.67;;15.4;8.5;+6.8;+0.76;;Matches
210;Youssouf Fofana\Youssouf-Fofana;fr FRA;MF;Monaco;22-266;1999;6;416;69;57.8;4.6;5;79;4;1;19;1;1.83;8;7;+1;+0.22;+0.51;8.4;5.8;+2.5;+0.55;+0.33;Matches
211;Thomas Foket\Thomas-Foket;be BEL;DF;Reims;27-008;1994;9;744;83;91.9;8.3;9;83;7;0;;0;1.11;7;11;-4;-0.48;-4.57;6.7;9.6;-2.9;-0.35;-2.31;Matches
212;Thomas Fontaine\Thomas-Fontaine;mg MAD;DF;Lorient;30-148;1991;2;167;84;23.2;1.9;2;84;1;0;;5;0.50;3;4;-1;-0.54;-0.86;1.8;4.6;-2.9;-1.55;-1.16;Matches
213;José Fonte\Jose-Fonte;pt POR;DF;Lille;37-285;1983;8;720;90;100.0;8.0;8;90;8;0;;0;1.38;11;14;-3;-0.37;;11.0;9.1;+1.9;+0.24;;Matches
214;Steven Fortes\Steven-Fortes;cv CPV;DF;Lens;29-169;1992;1;90;90;11.1;1.0;1;90;1;0;;0;1.00;1;1;0;0.00;-0.75;2.0;0.6;+1.4;+1.40;+0.72;Matches
215;Przemysław Frankowski\Przemyslaw-Frankowski;pl POL;DF;Lens;26-174;1995;9;598;66;73.8;6.6;6;85;3;3;30;0;2.00;12;7;+5;+0.75;+0.33;11.7;6.4;+5.3;+0.80;+0.15;Matches
216;Fransérgio\Fransergio;br BRA;MF;Bordeaux;30-350;1990;5;289;58;40.1;3.2;3;75;2;2;32;0;1.00;3;10;-7;-2.18;-2.39;2.8;7.5;-4.7;-1.45;-0.63;Matches
217;Angelo Fulgini\Angelo-Fulgini;fr FRA;FWMF;Angers;25-044;1996;8;629;79;87.4;7.0;8;79;1;0;;0;1.63;11;7;+4;+0.57;+0.57;8.9;7.8;+1.1;+0.16;+0.37;Matches
218;Gauthier Gallon\Gauthier-Gallon;fr FRA;GK;Troyes;28-163;1993;8;720;90;100.0;8.0;8;90;8;0;;0;0.75;8;12;-4;-0.50;;7.8;12.5;-4.7;-0.59;;Matches
219;Kévin Gameiro\Kevin-Gameiro;fr FRA;FWMF;Strasbourg;34-147;1987;9;600;67;74.1;6.7;7;78;2;2;27;0;1.22;7;11;-4;-0.60;-1.89;5.7;9.3;-3.6;-0.54;-1.10;Matches
220;Idrissa Gana Gueye\Idrissa-Gana-Gueye;sn SEN;MF;Paris S-G;32-007;1989;5;421;84;58.5;4.7;5;84;3;0;;1;3.00;13;3;+10;+2.14;+0.63;9.3;3.8;+5.6;+1.19;+0.28;Matches
221;Ignatius Ganago\Ignatius-Ganago;cm CMR;FW;Lens;22-229;1999;6;373;62;46.0;4.1;5;71;0;1;19;2;1.50;4;6;-2;-0.48;-2.13;5.4;4.1;+1.2;+0.29;-0.86;Matches
222;Johan Gastien\Johan-Gastien;fr FRA;MF;Clermont Foot;33-251;1988;7;584;83;81.1;6.5;7;83;5;0;;0;1.29;10;12;-2;-0.31;+3.66;11.7;10.7;+1.0;+0.15;+1.57;Matches
223;Valère Germain\Valere-Germain;fr FRA;FW;Montpellier;31-169;1990;5;440;88;54.3;4.9;5;88;3;0;;0;1.20;7;6;+1;+0.20;+0.45;3.9;5.5;-1.6;-0.33;-0.19;Matches
224;Gerson\Gerson;br BRA;MFFW;Marseille;24-136;1997;7;427;61;67.8;4.7;5;79;1;2;16;0;2.00;7;8;-1;-0.21;-2.87;6.5;4.3;+2.2;+0.46;-0.48;Matches
225;Willem Geubbels\Willem-Geubbels;fr FRA;MFFW;Nantes;20-048;2001;2;60;30;8.3;0.7;0;;0;2;30;1;1.50;0;3;-3;-4.50;-5.05;0.9;0.7;+0.2;+0.34;+0.44;Matches
226;Ismaël Gharbi\Ismael-Gharbi;tn TUN;MF;Paris S-G;17-176;2004;0;;;;;0;;0;0;;1;;;;;;;;;;;;Matches
227;Nicholas Gioacchini\Nicholas-Gioacchini;us USA;FWMF;Montpellier;21-070;2000;5;55;11;6.8;0.6;0;;0;5;11;0;1.20;2;1;+1;+1.64;+1.76;0.9;0.5;+0.4;+0.60;+0.90;Matches
228;Jimmy Giraudon\Jimmy-Giraudon;fr FRA;DF;Troyes;29-260;1992;8;719;90;99.9;8.0;8;90;7;0;;0;0.75;8;12;-4;-0.50;-0.50;7.8;12.5;-4.7;-0.59;-0.59;Matches
229;Andrei Girotto\Andrei-Girotto;br BRA;MFDF;Nantes;29-228;1992;8;662;83;91.9;7.4;8;83;5;0;;0;1.25;11;9;+2;+0.27;+1.82;8.2;8.6;-0.4;-0.05;+0.05;Matches
230;Aleksandr Golovin\Aleksandr-Golovin;ru RUS;MFFW;Monaco;25-126;1996;6;312;52;43.3;3.5;3;67;0;3;37;0;1.33;4;3;+1;+0.29;+0.51;4.9;2.2;+2.7;+0.77;+0.62;Matches
231;Angel Gomes\Angel-Gomes;eng ENG;MF;Lille;21-033;2000;6;298;50;41.4;3.3;4;64;0;2;21;1;1.67;5;4;+1;+0.30;+1.16;5.1;3.3;+1.8;+0.54;+0.51;Matches
232;Alfred Gomis\Alfred-Gomis;sn SEN;GK;Rennes;28-028;1993;7;630;90;87.5;7.0;7;90;7;0;;0;1.29;10;7;+3;+0.43;+2.43;9.3;9.5;-0.2;-0.03;-0.57;Matches
233;Vagner Gonçalves\Vagner-Goncalves;cv CPV;MFFW;Metz;25-266;1996;3;86;29;11.9;1.0;0;;0;3;29;1;0.67;0;0;0;0.00;+0.99;0.8;1.0;-0.2;-0.25;+0.39;Matches
234;Álvaro González\Alvaro-Gonzalez;es ESP;DF;Marseille;31-268;1990;2;91;46;14.4;1.0;1;90;1;1;1;2;2.00;3;1;+2;+1.98;+1.48;2.6;1.0;+1.5;+1.52;+0.99;Matches
235;Amine Gouiri\Amine-Gouiri;fr FRA;FW;Nice;21-229;2000;8;678;85;94.2;7.5;8;85;5;0;;0;2.13;15;3;+12;+1.59;-2.69;16.6;7.0;+9.6;+1.27;+0.07;Matches
236;Jonathan Gradit\Jonathan-Gradit;fr FRA;DF;Lens;28-313;1992;8;712;89;87.9;7.9;8;89;7;0;;0;2.13;15;9;+6;+0.76;+0.76;13.3;7.9;+5.4;+0.68;-0.67;Matches
237;Andrew Gravillon\Andrew-Gravillon;fr FRA;DF;Reims;23-237;1998;8;708;89;87.4;7.9;8;89;7;0;;0;1.25;10;9;+1;+0.13;+1.89;7.9;7.5;+0.3;+0.04;+1.67;Matches
238;Adrian Grbić\Adrian-Grbic;at AUT;FWMF;Lorient;25-060;1996;7;148;21;20.6;1.6;1;63;0;6;14;0;1.71;2;1;+1;+0.61;+0.61;1.7;3.1;-1.4;-0.83;-0.22;Matches
239;Ivo Grbić\Ivo-Grbic;hr CRO;GK;Lille;25-258;1996;6;540;90;75.0;6.0;6;90;6;0;;0;1.67;8;7;+1;+0.17;+2.17;8.6;6.2;+2.4;+0.40;+0.65;Matches
240;Etienne Green\Etienne-Green;fr FRA;GK;Saint-Étienne;21-076;2000;7;572;82;79.4;6.4;7;82;6;0;;0;0.43;6;12;-6;-0.94;+1.49;7.6;11.9;-4.3;-0.68;+0.43;Matches
241;Gabriel Gudmundsson\Gabriel-Gudmundsson;se SWE;DFMF;Lille;22-157;1999;4;148;37;20.6;1.6;1;74;0;3;25;0;1.50;2;3;-1;-0.61;-0.29;1.7;3.2;-1.5;-0.92;-1.46;Matches
242;Mattéo Guendouzi\Matteo-Guendouzi;fr FRA;MF;Marseille;22-172;1999;7;508;73;80.6;5.6;6;84;4;1;7;0;2.00;14;8;+6;+1.06;+1.80;11.1;6.2;+4.9;+0.87;+0.72;Matches
243;Yanis Guermouche\Yanis-Guermouche;fr FRA;FW;Montpellier;20-171;2001;1;1;1;0.1;0.0;0;;0;1;1;0;3.00;0;0;0;0.00;0.00;0.0;0.1;-0.1;-7.86;-7.63;Matches
244;Evann Guessand\Evann-Guessand;fr FRA;FW;Nice;20-094;2001;2;58;29;8.1;0.6;0;;0;2;29;3;1.50;1;0;+1;+1.55;-0.22;2.2;0.1;+2.1;+3.24;+2.13;Matches
245;Lamine Gueye\Lamine-Gueye;sn SEN;MFFW;Metz;23-204;1998;6;360;60;50.0;4.0;5;63;0;1;45;2;0.83;5;6;-1;-0.25;+1.25;4.0;5.4;-1.4;-0.35;+0.49;Matches
246;Pape Gueye\Pape-Gueye;fr FRA;MF;Marseille;22-252;1999;7;358;51;56.8;4.0;4;79;3;3;14;0;2.00;9;6;+3;+0.75;+0.09;7.7;4.0;+3.8;+0.94;+0.57;Matches
247;Frederic Guilbert\Frederic-Guilbert;fr FRA;DF;Strasbourg;26-283;1994;5;351;70;43.3;3.9;4;80;2;1;33;0;1.40;6;3;+3;+0.77;+1.55;4.1;3.9;+0.2;+0.05;+0.54;Matches
248;Bruno Guimarães\Bruno-Guimaraes;br BRA;MF;Lyon;23-321;1997;7;576;82;80.0;6.4;7;82;4;0;;0;1.57;12;7;+5;+0.78;+3.28;11.5;8.4;+3.2;+0.50;+0.39;Matches
249;Sehrou Guirassy\Sehrou-Guirassy;fr FRA;FW;Rennes;25-205;1996;8;340;43;47.2;3.8;3;73;0;5;24;0;1.13;3;7;-4;-1.06;-2.24;4.3;6.0;-1.7;-0.46;-0.95;Matches
250;Malo Gusto\Malo-Gusto;fr FRA;DF;Lyon;18-137;2003;5;333;67;46.3;3.7;4;79;3;1;18;2;1.60;5;7;-2;-0.54;-1.24;6.7;5.5;+1.3;+0.34;-0.15;Matches
251;Massadio Haïdara\Massadio-Haidara;ml MLI;DF;Lens;28-305;1992;3;41;14;5.1;0.5;0;;0;3;14;2;3.00;0;0;0;0.00;-0.70;0.4;0.2;+0.2;+0.41;-0.36;Matches
252;Oualid El Hajjam\Oualid-El-Hajjam;ma MAR;DF;Troyes;30-226;1991;8;487;61;67.6;5.4;5;78;0;3;32;0;0.75;6;10;-4;-0.74;-0.74;5.1;8.0;-2.9;-0.54;+0.14;Matches
253;Achraf Hakimi\Achraf-Hakimi;ma MAR;DF;Paris S-G;22-333;1998;8;626;78;86.9;7.0;7;87;6;1;15;0;3.00;21;6;+15;+2.16;+2.16;13.0;5.2;+7.9;+1.13;+0.44;Matches
254;Redouane Halhal\Redouane-Halhal;fr FRA;DF;Montpellier;18-212;2003;0;;;;;0;;0;0;;4;;;;;;;;;;;;Matches
255;Pierre-Yves Hamel\Pierre-Yves-Hamel;fr FRA;FWDF;Lorient;27-242;1994;3;30;10;4.2;0.3;0;;0;3;10;1;1.33;0;1;-1;-3.00;-3.26;0.9;0.3;+0.5;+1.52;+2.27;Matches
256;Pierre-Yves Hamel\Pierre-Yves-Hamel;fr FRA;FW;Clermont Foot;27-242;1994;4;171;43;23.8;1.9;2;74;1;2;12;0;0.25;0;9;-9;-4.74;-4.90;1.4;4.7;-3.3;-1.75;-2.09;Matches
257;Romain Hamouma\Romain-Hamouma;fr FRA;FW;Saint-Étienne;34-188;1987;8;402;50;55.8;4.5;5;61;0;3;33;0;0.38;2;9;-7;-1.57;-0.72;4.8;7.1;-2.3;-0.51;+0.59;Matches
258;Amine Harit\Amine-Harit;ma MAR;FWDF;Marseille;24-107;1997;4;214;54;34.0;2.4;2;77;0;2;30;0;1.75;3;1;+2;+0.84;+0.19;2.8;2.1;+0.7;+0.31;-0.49;Matches
259;Henrique\Henrique;br BRA;DF;Lyon;27-161;1994;2;94;47;13.1;1.0;0;;0;2;47;4;0.50;1;2;-1;-0.96;-1.24;1.0;1.1;-0.1;-0.06;-0.55;Matches
260;Luis Henrique\Luis-Henrique;br BRA;FWDF;Marseille;19-293;2001;6;138;23;21.9;1.5;1;58;0;5;16;1;2.17;1;0;+1;+0.65;-0.08;1.4;1.2;+0.1;+0.07;-0.72;Matches
261;Jérôme Hergault\Jerome-Hergault;fr FRA;DF;Lorient;35-181;1986;3;122;41;16.9;1.4;1;90;1;2;16;4;1.33;1;1;0;0.00;-0.15;1.4;3.0;-1.6;-1.20;-0.65;Matches
262;Ander Herrera\Ander-Herrera;es ESP;MF;Paris S-G;32-050;1989;8;585;73;81.3;6.5;6;89;4;2;26;0;3.00;18;6;+12;+1.85;-0.15;11.6;4.7;+7.0;+1.07;-0.03;Matches
263;Franck Honorat\Franck-Honorat;fr FRA;FW;Brest;25-053;1996;9;762;85;94.1;8.5;9;85;5;0;;0;0.44;10;17;-7;-0.83;+1.05;8.5;12.1;-3.6;-0.42;+1.67;Matches
264;Cédric Hountondji\Cedric-Hountondji;bj BEN;DF;Clermont Foot;27-257;1994;8;720;90;100.0;8.0;8;90;8;0;;0;1.13;11;19;-8;-1.00;;12.3;13.5;-1.2;-0.15;;Matches
265;Mauro Icardi\Mauro-Icardi;ar ARG;FW;Paris S-G;28-226;1993;7;376;54;52.2;4.2;4;88;2;3;8;0;3.00;12;6;+6;+1.44;-0.92;6.7;3.1;+3.7;+0.88;-0.41;Matches
266;Jonathan Iglesias\Jonathan-Iglesias;uy URU;MF;Clermont Foot;32-290;1988;7;241;34;33.5;2.7;2;75;1;5;18;1;1.14;5;8;-3;-1.12;-0.18;4.9;4.9;+0.1;+0.03;+0.26;Matches
267;Juan Ignacio Ramírez\Juan-Ignacio-Ramirez;uy URU;FW;Saint-Étienne;24-244;1997;3;108;36;15.0;1.2;1;65;0;2;22;1;0.00;0;3;-3;-2.50;-1.47;0.7;2.6;-1.9;-1.57;-0.94;Matches
268;Jonathan Ikone\Jonathan-Ikone;fr FRA;MFFW;Lille;23-154;1998;8;406;51;56.4;4.5;5;71;0;3;17;0;1.38;7;8;-1;-0.22;+0.35;7.1;6.4;+0.7;+0.15;-0.20;Matches
269;Wilson Isidor\Wilson-Isidor;fr FRA;MFFW;Monaco;21-037;2000;2;43;22;6.0;0.5;0;;0;2;22;0;1.50;0;0;0;0.00;0.00;0.0;0.8;-0.7;-1.49;-2.02;Matches
270;Ismail Jakobs\Ismail-Jakobs;de GER;DF;Monaco;22-047;1999;3;79;26;11.0;0.9;1;56;0;2;12;3;1.33;0;1;-1;-1.14;-1.28;1.2;0.8;+0.4;+0.43;+0.02;Matches
271;Adam Jakubech\Adam-Jakubech;sk SVK;GK;Lille;24-274;1997;0;;;;;0;;0;0;;4;;;;;;;;;;;;Matches
272;Abdel Jalil Medioub\Abdel-Jalil-Medioub;dz ALG;DFMF;Bordeaux;24-036;1997;3;51;17;7.1;0.6;0;;0;3;17;5;1.33;1;2;-1;-1.76;-1.09;0.4;2.5;-2.0;-3.59;-2.71;Matches
273;Corentin Jean\Corentin-Jean;fr FRA;FW;Lens;26-080;1995;3;21;7;2.6;0.2;0;;0;3;7;2;1.00;0;0;0;0.00;-0.68;0.9;0.1;+0.8;+3.54;+2.86;Matches
274;Moritz Jenz\Moritz-Jenz;de GER;DF;Lorient;22-156;1999;3;248;83;34.4;2.8;3;83;2;0;;0;2.33;3;1;+2;+0.73;+0.92;3.1;4.6;-1.6;-0.57;+0.13;Matches
275;Lenny Joseph\Lenny-Joseph;fr FRA;MFFW;Metz;20-356;2000;2;42;21;5.8;0.5;0;;0;2;21;2;0.50;0;1;-1;-2.14;-1.35;0.3;0.6;-0.2;-0.48;+0.12;Matches
276;Issa Kaboré\Issa-Kabore;bf BFA;DFFW;Troyes;20-144;2001;7;465;66;64.6;5.2;6;72;2;1;36;0;0.71;5;6;-1;-0.19;+0.87;5.6;8.2;-2.6;-0.50;+0.26;Matches
277;Tino Kadewere\Tino-Kadewere;zw ZIM;FW;Lyon;25-271;1996;2;26;13;3.6;0.3;0;;0;2;13;2;0.50;0;2;-2;-6.92;-7.31;1.2;0.4;+0.8;+2.71;+2.37;Matches
278;Gaël Kakuta\Gael-Kakuta;cd COD;MFFW;Lens;30-104;1991;8;577;72;71.2;6.4;7;78;0;1;28;0;2.25;12;6;+6;+0.94;+0.94;10.2;5.3;+4.8;+0.75;-0.03;Matches
279;Arnaud Kalimuendo\Arnaud-Kalimuendo;fr FRA;FW;Lens;19-255;2002;5;287;57;35.4;3.2;4;68;0;1;17;0;2.40;6;3;+3;+0.94;+0.42;5.3;3.0;+2.3;+0.71;-0.07;Matches
280;Arnaud Kalimuendo\Arnaud-Kalimuendo;fr FRA;FW;Paris S-G;19-255;2002;2;8;4;1.1;0.1;0;;0;2;4;2;3.00;1;0;+1;+11.25;+9.48;0.3;0.1;+0.2;+2.55;+1.49;Matches
281;Samuel Kalu\Samuel-Kalu;ng NGA;FWMF;Bordeaux;24-038;1997;6;208;35;28.9;2.3;2;42;0;4;31;1;0.67;2;3;-1;-0.43;+0.45;1.8;3.5;-1.6;-0.71;+0.52;Matches
282;Boubacar Kamara\Boubacar-Kamara;fr FRA;MFDF;Marseille;21-314;1999;6;450;75;71.4;5.0;5;87;4;1;14;0;2.33;10;5;+5;+1.00;+1.00;7.8;3.1;+4.8;+0.96;+0.80;Matches
283;Hassane Kamara\Hassane-Kamara;ci CIV;MFDF;Nice;27-014;1994;6;278;46;38.6;3.1;3;82;1;3;11;2;2.67;5;1;+4;+1.29;-0.74;7.4;2.1;+5.2;+1.69;+0.66;Matches
284;Nordine Kandil\Nordine-Kandil;fr FRA;MF;Strasbourg;19-337;2001;0;;;;;0;;0;0;;5;;;;;;;;;;;;Matches
285;Eiji Kawashima\Eiji-Kawashima;jp JPN;GK;Strasbourg;38-197;1983;0;;;;;0;;0;0;;9;;;;;;;;;;;;Matches
286;Ilan Kebbal\Ilan-Kebbal;dz ALG;MFFW;Reims;23-086;1998;9;587;65;72.5;6.5;6;79;1;3;38;0;1.11;8;6;+2;+0.31;+1.52;6.3;6.2;+0.1;+0.01;+0.63;Matches
287;Thilo Kehrer\Thilo-Kehrer;de GER;DF;Paris S-G;25-012;1996;6;469;78;65.1;5.2;5;90;5;1;19;1;3.00;14;6;+8;+1.54;-0.97;8.2;3.8;+4.4;+0.84;-0.67;Matches
288;Habib Keita\Habib-Keita;ml MLI;MF;Lyon;19-240;2002;2;6;3;0.8;0.1;0;;0;2;3;4;1.50;0;2;-2;-30.00;-30.38;0.1;1.4;-1.3;-19.64;-20.23;Matches
289;Saîf-Eddine Khaoui\Saif-Eddine-Khaoui;tn TUN;MF;Clermont Foot;26-159;1995;5;168;34;23.3;1.9;1;74;0;4;24;1;0.40;2;7;-5;-2.68;-2.19;1.0;4.6;-3.5;-1.89;-2.27;Matches
290;Wahbi Khazri\Wahbi-Khazri;tn TUN;FWMF;Saint-Étienne;30-237;1991;8;628;79;87.2;7.0;8;79;1;0;;0;0.38;6;14;-8;-1.15;+0.81;7.2;11.6;-4.5;-0.64;+1.05;Matches
291;Presnel Kimpembe\Presnel-Kimpembe;fr FRA;DF;Paris S-G;26-051;1995;8;635;79;88.2;7.1;7;88;6;1;16;0;3.00;20;7;+13;+1.84;-0.28;13.2;5.2;+8.0;+1.14;+0.52;Matches
292;Justin Kluivert\Justin-Kluivert;nl NED;MF;Nice;22-151;1999;4;208;52;28.9;2.3;4;52;0;0;;1;1.75;6;1;+5;+2.16;+0.58;4.6;1.3;+3.4;+1.47;+0.28;Matches
293;Philippe Koffi\Philippe-Koffi;fr FRA;FW;Reims;19-208;2002;4;155;39;19.1;1.7;1;69;0;3;29;0;1.75;3;1;+2;+1.16;+1.57;2.2;0.9;+1.3;+0.73;+1.11;Matches
294;Rudy Kohon\Rudy-Kohon;fr FRA;DF;Troyes;17-133;2004;0;;;;;0;;0;0;;1;;;;;;;;;;;;Matches
295;Randal Kolo Muani\Randal-Kolo-Muani;fr FRA;FWMF;Nantes;22-302;1998;7;516;74;71.7;5.7;6;85;2;1;9;0;1.43;11;8;+3;+0.52;+1.41;7.6;6.7;+1.0;+0.17;+0.79;Matches
296;Timothée Kolodziejczak\Timothee-Kolodziejczak;fr FRA;DF;Saint-Étienne;30-002;1991;7;606;87;84.2;6.7;7;87;6;0;;1;0.43;6;13;-7;-1.04;+1.33;6.7;11.2;-4.5;-0.67;+0.67;Matches
297;Ghislain Konan\Ghislain-Konan;ci CIV;DF;Reims;25-280;1995;7;630;90;77.8;7.0;7;90;7;0;;1;1.29;7;6;+1;+0.14;+1.14;5.6;6.7;-1.0;-0.15;+0.08;Matches
298;Youssouf Koné\Youssouf-Kone;ml MLI;DF;Troyes;26-090;1995;3;192;64;26.7;2.1;2;81;1;1;31;0;0.67;2;4;-2;-0.94;-0.60;2.2;2.4;-0.2;-0.09;+0.68;Matches
299;Laurent Koscielny\Laurent-Koscielny;fr FRA;DF;Bordeaux;36-023;1985;5;439;88;61.0;4.9;5;88;4;0;;0;0.40;5;12;-7;-1.44;-1.76;3.4;10.7;-7.3;-1.50;-1.08;Matches
300;Rominigue Kouamé\Rominigue-Kouame;ml MLI;MF;Troyes;24-290;1996;8;720;90;100.0;8.0;8;90;8;0;;0;0.75;8;12;-4;-0.50;;7.8;12.5;-4.7;-0.59;;Matches
301;Boubakar Kouyaté\Boubakar-Kouyate;ml MLI;DF;Metz;24-171;1997;7;595;85;82.6;6.6;7;85;6;0;;0;0.86;9;12;-3;-0.45;+2.43;5.7;10.1;-4.4;-0.67;-0.42;Matches
302;Jean-Philippe Krasso\Jean-Philippe-Krasso;fr FRA;FW;Saint-Étienne;24-078;1997;6;183;31;25.4;2.0;2;57;0;4;17;2;0.17;3;4;-1;-0.49;+1.02;2.3;4.6;-2.4;-1.17;-0.53;Matches
303;Filip Krastev\Filip-Krastev;bg BUL;MF;Troyes;19-353;2001;0;;;;;0;;0;0;;2;;;;;;;;;;;;Matches
304;Mykola Kukharevych\Mykola-Kukharevych;ua UKR;FW;Troyes;20-094;2001;2;15;8;2.1;0.2;0;;0;2;8;2;0.50;0;0;0;0.00;+0.51;0.5;0.0;+0.5;+2.91;+3.57;Matches
305;Layvin Kurzawa\Layvin-Kurzawa;fr FRA;DF;Paris S-G;29-029;1992;0;;;;;0;;0;0;;1;;;;;;;;;;;;Matches
306;Enock Kwateng\Enock-Kwateng;fr FRA;DF;Bordeaux;24-177;1997;7;630;90;87.5;7.0;7;90;7;0;;0;1.00;9;14;-5;-0.71;+0.29;6.3;13.3;-7.0;-1.00;+0.60;Matches
307;Gaëtan Laborde\Gaetan-Laborde;fr FRA;FW;Montpellier;27-153;1994;4;341;85;42.1;3.8;4;85;2;0;;0;1.00;9;8;+1;+0.26;+0.46;5.7;6.0;-0.3;-0.09;+0.27;Matches
308;Gaëtan Laborde\Gaetan-Laborde;fr FRA;FW;Rennes;27-153;1994;4;339;85;47.1;3.8;4;85;2;0;;0;1.00;7;4;+3;+0.80;+1.27;6.7;3.7;+3.0;+0.80;+1.44;Matches
309;Tom Lacoux\Tom-Lacoux;fr FRA;MF;Bordeaux;19-251;2002;0;;;;;0;;0;0;;3;;;;;;;;;;;;Matches
310;Alban Lafont\Alban-Lafont;fr FRA;GK;Nantes;22-253;1999;8;720;90;100.0;8.0;8;90;8;0;;0;1.25;11;10;+1;+0.12;;9.4;9.9;-0.5;-0.06;;Matches
311;Julien Laporte\Julien-Laporte;fr FRA;DF;Lorient;27-333;1993;8;720;90;100.0;8.0;8;90;8;0;;0;1.63;9;8;+1;+0.12;;8.4;13.7;-5.3;-0.66;;Matches
312;Gautier Larsonneur\Gautier-Larsonneur;fr FRA;GK;Brest;24-222;1997;0;;;;;0;;0;0;;9;;;;;;;;;;;;Matches
313;Armand Lauriente\Armand-Lauriente;fr FRA;FW;Lorient;22-303;1998;8;589;74;81.8;6.5;7;80;1;1;27;0;1.63;7;8;-1;-0.15;-1.53;7.0;11.1;-4.1;-0.62;+0.20;Matches
314;Théo Le Bris\Theo-Le-Bris;fr FRA;MF;Lorient;19-002;2002;1;2;2;0.3;0.0;0;;0;1;2;2;3.00;0;0;0;0.00;-0.13;0.0;0.0;0.0;0.00;+0.66;Matches
315;Jérémy Le Douaron\Jeremy-Le-Douaron;fr FRA;FWMF;Brest;23-165;1998;9;205;23;25.3;2.3;0;;0;9;23;0;0.44;4;6;-2;-0.88;+0.01;2.9;6.4;-3.5;-1.52;-1.34;Matches
316;Enzo Le Fée\Enzo-Le-Fee;fr FRA;MF;Lorient;21-242;2000;7;352;50;48.9;3.9;4;73;0;3;20;0;1.43;4;4;0;0.00;-0.24;2.2;8.4;-6.2;-1.59;-1.82;Matches
317;Vincent Le Goff\Vincent-Le-Goff;fr FRA;DF;Lorient;31-353;1989;8;720;90;100.0;8.0;8;90;8;0;;0;1.63;9;8;+1;+0.12;;8.4;13.7;-5.3;-0.66;;Matches
318;Maxime Le Marchand\Maxime-Le-Marchand;fr FRA;DF;Strasbourg;31-357;1989;6;470;78;58.0;5.2;5;90;5;1;20;0;1.67;8;6;+2;+0.38;+1.18;6.9;7.8;-0.9;-0.16;+0.21;Matches
319;Jean-Louis Leca\Jean-Louis-Leca;fr FRA;GK;Lens;36-012;1985;9;810;90;100.0;9.0;9;90;9;0;;0;2.00;16;10;+6;+0.67;;15.4;8.5;+6.8;+0.76;;Matches
320;Mario Lemina\Mario-Lemina;ga GAB;MF;Nice;28-032;1993;7;522;75;72.5;5.8;6;85;4;1;12;0;2.43;16;3;+13;+2.24;+1.79;14.9;5.9;+9.0;+1.55;+0.83;Matches
321;Fabien Lemoine\Fabien-Lemoine;fr FRA;MF;Lorient;34-201;1987;7;541;77;75.1;6.0;7;77;0;0;;0;1.43;8;7;+1;+0.17;+0.17;6.5;9.5;-2.9;-0.49;+0.69;Matches
322;Léo Leroy\Leo-Leroy;fr FRA;MF;Montpellier;21-231;2000;7;122;17;15.1;1.4;1;68;0;6;9;2;1.00;3;4;-1;-0.74;-0.87;1.6;1.9;-0.3;-0.23;+0.02;Matches
323;Dimitri Liénard\Dimitri-Lienard;fr FRA;DFMF;Strasbourg;33-232;1988;8;598;75;73.8;6.6;6;88;4;2;35;0;1.00;11;12;-1;-0.15;-0.15;9.0;9.7;-0.7;-0.11;+0.56;Matches
324;Isaac Lihadji\Isaac-Lihadji;fr FRA;MFDF;Lille;19-176;2002;3;46;15;6.4;0.5;0;;0;3;15;5;0.33;2;0;+2;+3.91;+4.58;0.9;0.2;+0.6;+1.26;+1.09;Matches
325;Anthony Limbombe\Anthony-Limbombe;be BEL;FWMF;Nantes;27-080;1994;0;;;;;0;;0;0;;1;;;;;;;;;;;;Matches
326;Pol Lirola\Pol-Lirola;es ESP;DFMF;Marseille;24-051;1997;5;263;53;41.7;2.9;3;71;0;2;26;0;2.00;4;1;+3;+1.03;+0.54;4.8;3.2;+1.6;+0.56;-0.16;Matches
327;Banzouzi Locko\Banzouzi-Locko;fr FRA;DF;Reims;19-150;2002;2;98;49;12.1;1.1;1;53;0;1;45;6;0.50;2;4;-2;-1.84;-1.96;1.6;2.2;-0.6;-0.59;-0.48;Matches
328;Anthony Lopes\Anthony-Lopes;pt POR;GK;Lyon;31-002;1990;8;720;90;100.0;8.0;8;90;8;0;;0;1.50;13;12;+1;+0.12;;13.9;10.6;+3.3;+0.42;;Matches
329;Pau López\Pau-Lopez;es ESP;GK;Marseille;26-294;1994;4;360;90;57.1;4.0;4;90;4;0;;1;1.75;6;3;+3;+0.75;+0.08;6.4;4.6;+1.9;+0.47;-0.38;Matches
330;Dion Lopy\Dion-Lopy;sn SEN;MF;Reims;19-243;2002;2;78;39;9.6;0.9;1;70;0;1;8;5;1.50;0;2;-2;-2.31;-2.43;0.4;1.2;-0.8;-0.88;-0.79;Matches
331;Samuel Loric\Samuel-Loric;fr FRA;FW;Lorient;21-090;2000;0;;;;;0;;0;0;;6;;;;;;;;;;;;Matches
332;Jordan Lotomba\Jordan-Lotomba;ch SUI;DF;Nice;23-004;1998;7;269;38;37.4;3.0;3;74;0;4;12;0;2.00;7;1;+6;+2.01;+0.41;8.1;3.0;+5.1;+1.71;+0.67;Matches
333;Jean Lucas\Jean-Lucas;br BRA;MF;Monaco;23-103;1998;6;324;54;45.0;3.6;4;73;1;2;17;2;1.17;3;5;-2;-0.56;-1.01;4.3;2.4;+1.9;+0.52;+0.20;Matches
334;Castello Lukeba\Castello-Lukeba;fr FRA;DF;Lyon;18-290;2002;2;135;68;18.8;1.5;2;68;1;0;;4;0.50;1;2;-1;-0.67;-0.97;1.9;1.8;+0.1;+0.10;-0.40;Matches
335;Levi Lumeka\Levi-Lumeka;eng ENG;DFMF;Troyes;23-028;1998;4;61;15;8.5;0.7;0;;0;4;15;3;0.50;0;1;-1;-1.48;-1.07;0.4;1.4;-1.0;-1.50;-1.00;Matches
336;Yannis M'Bemba\Yannis-MBemba;fr FRA;MF;Nantes;20-094;2001;0;;;;;0;;0;0;;1;;;;;;;;;;;;Matches
337;Deiver Machado\Deiver-Machado;co COL;DF;Lens;28-031;1993;9;296;33;36.5;3.3;4;62;0;5;9;0;2.00;6;6;0;0.00;-1.05;6.9;4.0;+2.8;+0.86;+0.16;Matches
338;Yvann Macon\Yvann-Macon;fr FRA;DF;Saint-Étienne;23-002;1998;5;405;81;56.3;4.5;5;81;4;0;;0;0.60;5;8;-3;-0.67;+1.33;5.6;7.4;-1.7;-0.38;+0.89;Matches
339;Hugo Magnetti\Hugo-Magnetti;fr FRA;MF;Brest;23-126;1998;5;285;57;35.2;3.2;2;90;2;3;35;4;0.40;5;6;-1;-0.32;+0.88;4.3;4.5;-0.2;-0.07;+0.69;Matches
340;Habib Maïga\Habib-Maiga;ci CIV;MFDF;Metz;25-275;1996;8;610;76;84.7;6.8;8;76;3;0;;0;0.75;9;15;-6;-0.89;-0.07;5.6;10.7;-5.1;-0.75;-1.04;Matches
341;Radosław Majecki\Radoslaw-Majecki;pl POL;GK;Monaco;21-321;1999;0;;;;;0;;0;0;;8;;;;;;;;;;;;Matches
342;Abdul Majeed Waris\Abdul-Majeed-Waris;gh GHA;MFDF;Strasbourg;30-014;1991;7;160;23;19.8;1.8;1;90;1;6;12;1;0.71;2;4;-2;-1.13;-1.26;2.9;3.4;-0.5;-0.28;-0.03;Matches
343;Lovro Majer\Lovro-Majer;hr CRO;MF;Rennes;23-259;1998;1;9;9;1.3;0.1;0;;0;1;9;0;0.00;0;1;-1;-10.00;-10.25;0.2;0.6;-0.5;-4.53;-4.63;Matches
344;Béni Makouana\Beni-Makouana;cg CGO;FWMF;Montpellier;19-005;2002;5;40;8;4.9;0.4;0;;0;5;8;4;0.60;0;2;-2;-4.50;-4.73;0.6;0.8;-0.3;-0.57;-0.34;Matches
345;Hianga Mananga Mbock\Hianga-Mananga-Mbock;fr FRA;MF;Brest;21-279;1999;9;668;74;82.5;7.4;7;90;7;2;19;0;0.44;9;15;-6;-0.81;+0.46;8.5;9.3;-0.8;-0.11;+2.34;Matches
346;Vincent Manceau\Vincent-Manceau;fr FRA;DF;Angers;32-085;1989;8;720;90;100.0;8.0;8;90;8;0;;0;1.63;11;7;+4;+0.50;;9.4;8.5;+0.9;+0.11;;Matches
347;Steve Mandanda\Steve-Mandanda;fr FRA;GK;Marseille;36-189;1985;3;270;90;42.9;3.0;3;90;3;0;;4;2.33;8;5;+3;+1.00;+0.50;5.7;2.0;+3.7;+1.23;+0.92;Matches
348;Reinildo Mandava\Reinildo-Mandava;mz MOZ;DF;Lille;27-255;1994;7;601;86;83.5;6.7;7;86;5;0;;0;1.14;7;13;-6;-0.90;-3.17;9.8;7.1;+2.6;+0.39;+0.95;Matches
349;Thomas Mangani\Thomas-Mangani;fr FRA;MF;Angers;34-157;1987;8;557;70;77.4;6.2;7;77;2;1;20;0;1.63;10;6;+4;+0.65;+0.65;8.3;7.3;+1.0;+0.17;+0.26;Matches
350;Ricardo Mangas\Ricardo-Mangas;pt POR;DF;Bordeaux;23-198;1998;7;630;90;87.5;7.0;7;90;7;0;;0;1.00;11;15;-4;-0.57;+1.43;6.3;12.4;-6.1;-0.87;+1.69;Matches
351;Gor Manvelyan\Gor-Manvelyan;fr FRA;MF;Nantes;19-177;2002;0;;;;;0;;0;0;;1;;;;;;;;;;;;Matches
352;Myziane Maolida\Myziane-Maolida;fr FRA;MFFW;Nice;22-231;1999;1;34;34;4.7;0.4;0;;0;1;34;1;3.00;1;0;+1;+2.65;+0.94;0.6;0.5;+0.1;+0.23;-1.07;Matches
353;Faitout Maouassa\Faitout-Maouassa;fr FRA;DF;Rennes;23-089;1998;0;;;;;0;;0;0;;1;;;;;;;;;;;;Matches
354;Sekou Mara\Sekou-Mara;fr FRA;FW;Bordeaux;19-065;2002;8;267;33;37.1;3.0;3;64;0;5;15;0;0.88;3;8;-5;-1.69;-1.49;2.1;7.1;-5.0;-1.67;-0.95;Matches
355;Marcelo\Marcelo;br BRA;DF;Lyon;34-136;1987;2;180;90;25.0;2.0;2;90;2;0;;0;0.50;1;4;-3;-1.50;-2.17;2.3;2.2;+0.1;+0.06;-0.48;Matches
356;Guillermo Maripán\Guillermo-Maripan;cl CHI;DF;Monaco;27-150;1994;3;235;78;32.6;2.6;3;78;1;0;;1;2.33;7;4;+3;+1.15;+1.71;5.3;2.9;+2.4;+0.93;+0.77;Matches
357;Marquinhos\Marquinhos;br BRA;DF;Paris S-G;27-142;1994;5;450;90;62.5;5.0;5;90;5;0;;1;3.00;12;2;+10;+2.00;+0.33;9.3;3.2;+6.1;+1.22;+0.39;Matches
358;Jonas Martin\Jonas-Martin;fr FRA;MF;Rennes;31-177;1990;2;148;74;20.6;1.6;2;74;0;0;;2;2.00;6;0;+6;+3.65;+4.44;4.0;1.0;+3.0;+1.82;+2.23;Matches
359;Gelson Martins\Gelson-Martins;pt POR;FWMF;Monaco;26-145;1995;7;440;63;61.1;4.9;6;69;0;1;28;1;1.14;6;8;-2;-0.41;-1.05;7.4;6.1;+1.3;+0.27;-0.37;Matches
360;Pape Matar Sarr\Pape-Matar-Sarr;sn SEN;MFFW;Metz;19-019;2002;8;693;87;96.3;7.7;8;87;6;0;;0;0.75;8;16;-8;-1.04;-4.37;6.3;11.3;-5.0;-0.65;-1.56;Matches
361;Eliot Matazo\Eliot-Matazo;be BEL;MF;Monaco;19-230;2002;3;102;34;14.2;1.1;1;45;0;2;29;4;3.00;3;1;+2;+1.76;+2.06;1.1;0.8;+0.2;+0.22;-0.23;Matches
362;Chrislain Matsima\Chrislain-Matsima;fr FRA;DF;Monaco;19-141;2002;2;60;30;8.3;0.7;1;45;0;1;15;0;1.50;0;1;-1;-1.50;-1.64;0.4;1.7;-1.3;-1.89;-2.52;Matches
363;Azor Matusiwa\Azor-Matusiwa;nl NED;MF;Reims;23-158;1998;5;402;80;49.6;4.5;5;80;3;0;;0;1.40;4;5;-1;-0.22;-0.22;3.4;4.8;-1.4;-0.31;-0.28;Matches
364;Stephy Mavididi\Stephy-Mavididi;eng ENG;FW;Montpellier;23-125;1998;8;622;78;76.8;6.9;7;85;1;1;28;1;1.13;9;12;-3;-0.43;-1.87;7.2;8.9;-1.6;-0.23;+0.05;Matches
365;Derek Mazou-Sacko\Derek-Mazou-Sacko;fr FRA;MF;Troyes;16-362;2004;0;;;;;0;;0;0;;2;;;;;;;;;;;;Matches
366;Kylian Mbappé\Kylian-Mbappe;fr FRA;FW;Paris S-G;22-287;1998;8;694;87;96.4;7.7;8;87;4;0;;0;3.00;21;6;+15;+1.95;+1.95;13.9;5.2;+8.7;+1.13;+1.47;Matches
367;Amadou Mbengue\Amadou-Mbengue;sn SEN;DF;Metz;19-271;2002;0;;;;;0;;0;0;;2;;;;;;;;;;;;Matches
368;Moustapha Mbow\Moustapha-Mbow;sn SEN;DF;Reims;21-209;2000;0;;;;;0;;0;0;;1;;;;;;;;;;;;Matches
369;Nathanael Mbuku\Nathanael-Mbuku;fr FRA;FWMF;Reims;19-201;2002;8;328;41;40.5;3.6;4;59;0;4;23;1;1.13;4;6;-2;-0.55;-0.74;3.0;4.5;-1.5;-0.42;-0.43;Matches
370;Facundo Medina\Facundo-Medina;ar ARG;DF;Lens;22-128;1999;8;701;88;86.5;7.8;8;88;7;0;;0;2.13;15;9;+6;+0.77;+0.77;13.0;7.8;+5.2;+0.67;-0.64;Matches
371;Bamo Meïté\Bamo-Meite;ci CIV;MF;Lorient;20-105;2001;0;;;;;0;;0;0;;3;;;;;;;;;;;;Matches
372;Farid El Melali\Farid-El-Melali;dz ALG;FW;Angers;24-082;1997;2;14;7;1.9;0.2;0;;0;2;7;3;0.50;0;0;0;0.00;-0.51;0.1;0.0;+0.1;+0.67;+0.57;Matches
373;Birger Meling\Birger-Meling;no NOR;DF;Rennes;26-290;1994;7;618;88;85.8;6.9;7;88;5;0;;0;1.29;10;7;+3;+0.44;+2.20;9.2;9.4;-0.2;-0.03;-0.50;Matches
374;Houboulang Mendes\Houboulang-Mendes;fr FRA;DF;Lorient;23-152;1998;7;625;89;86.8;6.9;7;89;6;0;;0;1.71;7;6;+1;+0.14;+0.14;6.8;11.6;-4.8;-0.70;-0.30;Matches
375;Nuno Mendes\Nuno-Mendes;pt POR;DF;Paris S-G;19-106;2002;3;175;58;24.3;1.9;2;85;1;1;5;1;3.00;3;2;+1;+0.51;-1.80;2.9;1.2;+1.7;+0.88;-0.27;Matches
376;Thiago Mendes\Thiago-Mendes;br BRA;MF;Lyon;29-202;1992;5;217;43;30.1;2.4;2;60;0;3;33;2;1.60;1;4;-3;-1.24;-1.96;2.9;2.6;+0.4;+0.16;-0.37;Matches
377;Arial Mendy\Arial-Mendy;sn SEN;DF;Clermont Foot;26-330;1994;4;204;51;28.3;2.3;2;68;0;2;35;4;1.25;3;7;-4;-1.76;-1.07;3.0;5.2;-2.2;-0.95;-1.12;Matches
378;Batista Mendy\Batista-Mendy;fr FRA;MF;Angers;21-264;2000;7;592;85;82.2;6.6;7;85;5;0;;0;1.43;9;6;+3;+0.46;-0.25;8.2;7.4;+0.8;+0.13;+0.09;Matches
379;Gideon Mensah\Gideon-Mensah;gh GHA;DF;Bordeaux;23-077;1998;3;225;75;31.3;2.5;3;75;2;0;;2;0.67;3;6;-3;-1.20;-0.65;1.7;4.2;-2.5;-0.99;+0.12;Matches
380;Quentin Merlin\Quentin-Merlin;fr FRA;MF;Nantes;19-140;2002;4;23;6;3.2;0.3;0;;0;4;6;3;1.75;0;0;0;0.00;-0.13;0.3;0.8;-0.5;-1.94;-1.95;Matches
381;Lionel Messi\Lionel-Messi;ar ARG;MFFW;Paris S-G;34-101;1987;2;100;50;13.9;1.1;1;75;0;1;25;0;3.00;1;1;0;0.00;-2.18;1.3;0.7;+0.6;+0.55;-0.62;Matches
382;Mexer\Mexer;mz MOZ;DF;Bordeaux;33-025;1988;7;506;72;70.3;5.6;6;83;5;1;11;1;1.00;8;12;-4;-0.71;+0.13;5.3;11.4;-6.1;-1.09;-0.04;Matches
383;Edouard Michut\Edouard-Michut;fr FRA;MF;Paris S-G;18-213;2003;0;;;;;0;;0;0;;2;;;;;;;;;;;;Matches
384;Georges Mikautadze\Georges-Mikautadze;ge GEO;FW;Metz;20-337;2000;1;1;1;0.1;0.0;0;;0;1;1;1;1.00;0;1;-1;-90.00;-89.25;0.2;0.0;+0.1;+12.04;+12.65;Matches
385;Terem Moffi\Terem-Moffi;ng NGA;FW;Lorient;22-131;1999;8;664;83;92.2;7.4;8;83;2;0;;0;1.63;9;7;+2;+0.27;+1.88;7.8;12.6;-4.8;-0.65;+0.10;Matches
386;Florent Mollet\Florent-Mollet;fr FRA;FWMF;Montpellier;29-318;1991;8;586;73;72.3;6.5;7;84;3;1;1;0;0.88;10;13;-3;-0.46;-1.67;5.5;9.3;-3.8;-0.58;-1.21;Matches
387;Thomas Monconduit\Thomas-Monconduit;fr FRA;MF;Lorient;30-235;1991;8;457;57;63.5;5.1;5;79;2;3;21;0;1.63;5;4;+1;+0.20;+0.20;6.5;8.1;-1.7;-0.32;+0.91;Matches
388;Jérémy Morel\Jeremy-Morel;mg MAD;DF;Lorient;37-184;1984;2;180;90;25.0;2.0;2;90;2;0;;0;2.00;2;1;+1;+0.50;+0.50;2.0;3.0;-0.9;-0.47;+0.25;Matches
389;Harold Moukoudi\Harold-Moukoudi;cm CMR;DF;Saint-Étienne;23-310;1997;8;720;90;100.0;8.0;8;90;8;0;;0;0.38;7;17;-10;-1.25;;8.1;14.3;-6.2;-0.77;;Matches
390;Jessy Moulin\Jessy-Moulin;fr FRA;GK;Troyes;35-263;1986;0;;;;;0;;0;0;;6;;;;;;;;;;;;Matches
391;Steve Mounié\Steve-Mounie;bj BEN;FW;Brest;27-004;1994;7;550;79;67.9;6.1;6;88;5;1;25;0;0.29;7;13;-6;-0.98;-0.29;6.4;10.1;-3.7;-0.61;-0.29;Matches
392;Samuel Moutoussamy\Samuel-Moutoussamy;cd COD;MF;Nantes;25-052;1996;7;189;27;26.3;2.1;1;90;1;6;17;1;1.00;2;2;0;0.00;-0.17;2.5;3.5;-1.0;-0.46;-0.54;Matches
393;Loris Mouyokolo\Loris-Mouyokolo;cg CGO;DF;Lorient;20-134;2001;0;;;;;0;;0;0;;1;;;;;;;;;;;;Matches
394;Marshall Munetsi\Marshall-Munetsi;zw ZIM;MF;Reims;25-103;1996;9;725;81;89.5;8.1;8;86;7;1;36;0;1.11;8;8;0;0.00;+1.06;6.5;8.1;-1.7;-0.21;-0.37;Matches
395;Anthony Musaba\Anthony-Musaba;nl NED;FW;Monaco;20-301;2000;0;;;;;0;;0;0;;1;;;;;;;;;;;;Matches
396;Gabriel Mutombo\Gabriel-Mutombo;fr FRA;DF;Troyes;25-257;1996;0;;;;;0;;0;0;;1;;;;;;;;;;;;Matches
397;Kévin N'Doram\Kevin-NDoram;fr FRA;MF;Metz;25-254;1996;2;119;60;16.5;1.3;2;60;1;0;;0;0.50;3;4;-1;-0.76;+0.14;0.7;1.9;-1.2;-0.92;-0.38;Matches
398;Vital N'Simba\Vital-NSimba;cd COD;DF;Clermont Foot;28-087;1993;8;516;65;71.7;5.7;6;79;4;2;23;0;1.13;8;12;-4;-0.70;+1.07;9.3;8.3;+1.0;+0.17;+1.12;Matches
399;Mickael Nade\Mickael-Nade;fr FRA;DF;Saint-Étienne;22-213;1999;5;394;79;54.7;4.4;5;79;3;0;;3;0.20;2;9;-7;-1.60;-0.77;5.2;7.1;-2.0;-0.45;+0.72;Matches
400;Bilal Nadir\Bilal-Nadir;fr FRA;MF;Marseille;17-309;2003;0;;;;;0;;0;0;;2;;;;;;;;;;;;Matches
401;Paul Nardi\Paul-Nardi;fr FRA;GK;Lorient;27-138;1994;8;720;90;100.0;8.0;8;90;8;0;;0;1.63;9;8;+1;+0.12;;8.4;13.7;-5.3;-0.66;;Matches
402;Keylor Navas\Keylor-Navas;cr CRC;GK;Paris S-G;34-292;1986;6;540;90;75.0;6.0;6;90;6;0;;2;3.00;16;6;+10;+1.67;-0.83;9.6;3.9;+5.7;+0.95;-0.51;Matches
403;Papa Ndiaga Yade\Papa-Ndiaga-Yade;sn SEN;DFMF;Metz;21-271;2000;5;211;42;29.3;2.3;2;78;1;3;18;2;0.20;1;5;-4;-1.71;-1.18;1.2;3.3;-2.1;-0.90;-0.43;Matches
404;Dan Ndoye\Dan-Ndoye;ch SUI;FWMF;Nice;20-343;2000;3;205;68;28.5;2.3;2;90;2;1;25;0;2.33;4;0;+4;+1.76;+0.01;4.0;1.5;+2.5;+1.09;-0.23;Matches
405;Neymar\Neymar;br BRA;FWMF;Paris S-G;29-240;1992;4;335;84;46.5;3.7;4;84;3;0;;0;3.00;8;2;+6;+1.61;-0.49;6.5;1.8;+4.7;+1.26;+0.34;Matches
406;Yvan Neyou\Yvan-Neyou;cm CMR;MF;Saint-Étienne;24-273;1997;7;583;83;81.0;6.5;7;83;4;0;;0;0.29;5;15;-10;-1.54;-1.54;5.7;11.6;-5.9;-0.91;-0.71;Matches
407;Simon Ngapandouetnbu\Simon-Ngapandouetnbu;fr FRA;GK;Marseille;18-174;2003;0;;;;;0;;0;0;;2;;;;;;;;;;;;Matches
408;Opa Nguette\Opa-Nguette;sn SEN;MF;Metz;27-087;1994;1;22;22;3.1;0.2;0;;0;1;22;1;3.00;1;0;+1;+4.09;+5.12;0.4;0.3;+0.2;+0.80;+1.44;Matches
409;Sikou Niakaté\Sikou-Niakate;fr FRA;DF;Metz;22-085;1999;3;204;68;28.3;2.3;2;90;2;1;24;4;1.33;4;4;0;0.00;+1.22;2.2;3.5;-1.3;-0.57;+0.03;Matches
410;Ibrahima Niane\Ibrahima-Niane;sn SEN;FW;Metz;22-206;1999;8;630;79;87.5;7.0;8;79;5;0;;0;0.75;9;13;-4;-0.57;+2.43;6.2;10.7;-4.5;-0.64;-0.34;Matches
411;Cheikh Niasse\Cheikh-Niasse;sn SEN;MF;Lille;21-257;2000;1;6;6;0.8;0.1;0;;0;1;6;6;3.00;0;0;0;0.00;+0.38;0.0;0.1;-0.1;-1.01;-1.25;Matches
412;Casimir Ninga\Casimir-Ninga;td CHA;FW;Angers;28-139;1993;3;25;8;3.5;0.3;0;;0;3;8;3;2.33;0;0;0;0.00;-0.52;0.0;0.1;-0.1;-0.23;-0.35;Matches
413;Arnaud Nordin\Arnaud-Nordin;fr FRA;FWMF;Saint-Étienne;23-108;1998;8;313;39;43.5;3.5;2;47;0;6;37;0;0.38;4;8;-4;-1.15;+0.18;5.0;5.7;-0.7;-0.21;+0.99;Matches
414;Gael Nsombi\Gael-Nsombi;fr FRA;FW;Lyon;18-251;2003;0;;;;;0;;0;0;;2;;;;;;;;;;;;Matches
415;Alexander Nübel\Alexander-Nubel;de GER;GK;Monaco;25-003;1996;8;720;90;100.0;8.0;8;90;8;0;;0;1.38;11;11;0;0.00;;11.5;8.2;+3.3;+0.41;;Matches
416;Gerzino Nyamsi\Gerzino-Nyamsi;fr FRA;DF;Strasbourg;24-254;1997;5;374;75;46.2;4.2;4;90;4;1;14;0;1.40;7;4;+3;+0.72;+1.55;5.1;6.5;-1.3;-0.32;-0.13;Matches
417;Florent Ogier\Florent-Ogier;fr FRA;DF;Clermont Foot;32-196;1989;7;612;87;85.0;6.8;7;87;6;0;;1;1.29;11;13;-2;-0.29;+4.71;12.0;11.1;+0.9;+0.13;+1.84;Matches
418;Warmed Omari\Warmed-Omari;fr FRA;DF;Rennes;21-163;2000;6;319;53;44.3;3.5;3;90;3;3;16;2;0.83;7;5;+2;+0.56;+0.79;6.1;3.3;+2.8;+0.78;+1.33;Matches
419;Jonas Omlin\Jonas-Omlin;ch SUI;GK;Montpellier;27-266;1994;4;360;90;44.4;4.0;4;90;4;0;;0;0.75;5;7;-2;-0.50;-0.90;2.9;4.7;-1.8;-0.46;-0.38;Matches
420;Amadou Onana\Amadou-Onana;be BEL;MFFW;Lille;20-048;2001;5;140;28;19.4;1.6;1;84;0;4;14;3;1.80;2;1;+1;+0.64;+1.26;1.9;2.0;0.0;-0.03;-0.33;Matches
421;Jean Onana\Jean-Onana;cm CMR;MF;Bordeaux;21-268;2000;3;225;75;31.3;2.5;3;75;2;0;;0;1.33;6;5;+1;+0.40;+1.67;3.1;4.6;-1.4;-0.58;+0.73;Matches
422;Jean Onana\Jean-Onana;cm CMR;MF;Lille;21-268;2000;0;;;;;0;;0;0;;1;;;;;;;;;;;;Matches
423;Otávio\Otavio;br BRA;MF;Bordeaux;27-152;1994;8;632;79;87.8;7.0;7;84;5;1;45;0;0.88;9;16;-7;-1.00;-2.02;5.8;13.7;-7.9;-1.12;-0.37;Matches
424;Aboubacar Ouattara\Aboubacar-Ouattara;bf BFA;FW;Lorient;19-234;2002;2;7;4;1.0;0.1;0;;0;2;4;1;1.00;0;0;0;0.00;-0.13;0.3;0.1;+0.2;+3.08;+3.78;Matches
425;Remi Oudin\Remi-Oudin;fr FRA;FWDF;Bordeaux;24-319;1996;8;381;48;52.9;4.2;3;68;1;5;35;0;0.88;5;11;-6;-1.42;-1.42;3.5;9.4;-6.0;-1.41;-0.70;Matches
426;Alexandre Oukidja\Alexandre-Oukidja;dz ALG;GK;Metz;33-076;1988;8;720;90;100.0;8.0;8;90;8;0;;0;0.75;9;16;-7;-0.87;;6.8;11.5;-4.8;-0.60;;Matches
427;Azzedine Ounahi\Azzedine-Ounahi;ma MAR;MF;Angers;21-167;2000;7;263;38;36.5;2.9;2;90;1;5;17;0;1.43;3;2;+1;+0.34;-0.25;2.6;2.8;-0.2;-0.07;-0.29;Matches
428;Vincent Pajot\Vincent-Pajot;fr FRA;MF;Metz;31-045;1990;7;527;75;73.2;5.9;7;75;3;0;;0;0.71;6;11;-5;-0.85;+0.08;5.1;8.5;-3.4;-0.58;+0.07;Matches
429;Nicolas Pallois\Nicolas-Pallois;fr FRA;DF;Nantes;34-014;1987;8;708;89;98.3;7.9;8;89;7;0;;0;1.25;11;10;+1;+0.13;+0.13;9.3;9.9;-0.5;-0.07;-0.61;Matches
430;Emerson Palmieri\Emerson-Palmieri;it ITA;DFMF;Lyon;27-061;1994;6;463;77;64.3;5.1;6;77;5;0;;0;1.83;11;7;+4;+0.78;+1.83;11.6;8.3;+3.3;+0.64;+0.63;Matches
431;Yannick Pandor\Yannick-Pandor;fr FRA;GK;Lens;20-155;2001;0;;;;;0;;0;0;;1;;;;;;;;;;;;Matches
432;Lucas Paquetá\Lucas-Paqueta;br BRA;MFFW;Lyon;24-037;1997;8;520;65;72.2;5.8;6;79;3;2;24;0;1.50;11;6;+5;+0.87;+2.67;10.9;7.9;+3.0;+0.51;+0.33;Matches
433;Rubén Pardo\Ruben-Pardo;es ESP;MF;Bordeaux;28-346;1992;1;6;6;0.8;0.1;0;;0;1;6;1;1.00;0;0;0;0.00;+0.76;0.0;0.0;0.0;0.00;+1.09;Matches
434;Leandro Paredes\Leandro-Paredes;ar ARG;MF;Paris S-G;27-096;1994;2;106;53;14.7;1.2;1;90;1;1;16;2;3.00;2;0;+2;+1.70;-0.21;2.3;0.3;+2.0;+1.71;+0.75;Matches
435;Strahinja Pavlović\Strahinja-Pavlovic;rs SRB;DF;Monaco;20-132;2001;5;284;57;39.4;3.2;3;90;3;2;7;2;1.40;3;4;-1;-0.32;-0.52;2.9;3.7;-0.8;-0.25;-1.09;Matches
436;Dimitri Payet\Dimitri-Payet;fr FRA;FWMF;Marseille;34-188;1987;5;450;90;71.4;5.0;5;90;5;0;;0;2.00;12;8;+4;+0.80;+0.30;9.7;5.4;+4.2;+0.84;+0.49;Matches
437;Timothee Pembele\Timothee-Pembele;fr FRA;DF;Bordeaux;19-024;2002;7;464;66;64.4;5.2;5;75;1;2;45;0;1.00;8;9;-1;-0.19;+1.56;4.5;7.9;-3.4;-0.66;+1.16;Matches
438;Nicolas Penneteau\Nicolas-Penneteau;fr FRA;GK;Reims;40-217;1981;0;;;;;0;;0;0;;1;;;;;;;;;;;;Matches
439;Mathias Pereira Lage\Mathias-Pereira-Lage;pt POR;DF;Angers;24-307;1996;4;39;10;5.4;0.4;0;;0;4;10;4;1.75;1;1;0;0.00;-0.53;0.4;0.9;-0.4;-1.02;-1.20;Matches
440;Danilo Pereira\Danilo-Pereira;pt POR;MF;Paris S-G;30-024;1991;4;301;75;41.8;3.3;3;90;3;1;31;4;3.00;9;3;+6;+1.79;-0.14;6.3;2.8;+3.5;+1.04;-0.07;Matches
441;Luan Peres Petroni\Luan-Peres-Petroni;br BRA;DF;Marseille;27-076;1994;7;572;82;90.8;6.4;6;90;6;1;32;0;2.00;14;8;+6;+0.94;+2.50;12.0;6.5;+5.5;+0.87;+1.03;Matches
442;Lucas Perrin\Lucas-Perrin;fr FRA;DF;Strasbourg;22-318;1998;6;355;59;43.8;3.9;4;87;3;2;5;3;1.33;6;8;-2;-0.51;-0.70;5.0;6.3;-1.3;-0.32;-0.12;Matches
443;Danijel Petković\Danijel-Petkovic;me MNE;GK;Angers;28-131;1993;0;;;;;0;;0;0;;8;;;;;;;;;;;;Matches
444;Denis Petrić\Denis-Petric;rs SRB;GK;Nantes;33-132;1988;0;;;;;0;;0;0;;4;;;;;;;;;;;;Matches
445;Léo Pétrot\Leo-Petrot;fr FRA;DF;Lorient;24-171;1997;2;180;90;25.0;2.0;2;90;2;0;;3;1.00;3;3;0;0.00;-0.17;2.6;3.2;-0.6;-0.28;+0.51;Matches
446;Romain Philippoteaux\Romain-Philippoteaux;fr FRA;MF;Brest;33-215;1988;1;24;24;3.0;0.3;0;;0;1;24;3;0.00;0;1;-1;-3.75;-2.95;0.4;1.1;-0.7;-2.61;-2.15;Matches
447;Jérémy Pied\Jeremy-Pied;fr FRA;DFFW;Lille;32-222;1989;0;;;;;0;;0;0;;7;;;;;;;;;;;;Matches
448;Ronaël Pierre-Gabriel\Ronael-Pierre-Gabriel;fr FRA;DF;Brest;23-112;1998;9;755;84;93.2;8.4;9;84;3;0;;0;0.44;8;16;-8;-0.95;-0.95;8.0;12.2;-4.2;-0.50;+0.35;Matches
449;Julian Pollersbeck\Julian-Pollersbeck;de GER;GK;Lyon;27-048;1994;0;;;;;0;;0;0;;7;;;;;;;;;;;;Matches
450;Gaëtan Poussin\Gaetan-Poussin;fr FRA;GK;Bordeaux;22-263;1999;0;;;;;0;;0;0;;8;;;;;;;;;;;;Matches
451;Sanjin Prcić\Sanjin-Prcic;ba BIH;MF;Strasbourg;27-317;1993;7;471;67;58.1;5.2;6;75;1;1;24;2;1.57;7;8;-1;-0.19;-0.19;5.1;6.0;-0.8;-0.15;+0.23;Matches
452;Nicolas de Préville\Nicolas-de-Preville;fr FRA;MFFW;Metz;30-268;1991;4;195;49;27.1;2.2;2;69;0;2;29;0;0.75;1;6;-5;-2.31;-1.96;0.5;3.5;-3.0;-1.39;-1.08;Matches
453;Nemanja Radonjić\Nemanja-Radonjic;rs SRB;MF;Marseille;25-230;1996;1;18;18;2.9;0.2;0;;0;1;18;1;1.00;0;0;0;0.00;-0.74;0.2;0.0;+0.2;+1.06;+0.41;Matches
454;Rafinha\Rafinha;br BRA;FWMF;Paris S-G;28-233;1993;4;158;40;21.9;1.8;2;77;1;2;2;3;3.00;5;1;+4;+2.28;+0.52;3.7;1.8;+2.0;+1.13;+0.07;Matches
455;Predrag Rajković\Predrag-Rajkovic;rs SRB;GK;Reims;25-337;1995;9;810;90;100.0;9.0;9;90;9;0;;0;1.11;10;11;-1;-0.11;;8.3;9.8;-1.5;-0.17;;Matches
456;Elba Rashani\Elba-Rashani;xk KVX;FW;Clermont Foot;28-147;1993;8;391;49;54.3;4.3;4;76;1;4;22;0;1.13;8;12;-4;-0.92;+0.17;7.0;7.9;-0.9;-0.21;-0.14;Matches
457;Sebastien Renot\Sebastien-Renot;fr FRA;GK;Troyes;31-326;1989;0;;;;;0;;0;0;;2;;;;;;;;;;;;Matches
458;Sergio Rico\Sergio-Rico;es ESP;GK;Paris S-G;28-032;1993;0;;;;;0;;0;0;;2;;;;;;;;;;;;Matches
459;Renaud Ripart\Renaud-Ripart;fr FRA;FWDF;Troyes;28-203;1993;6;458;76;63.6;5.1;5;83;3;1;45;0;0.33;4;9;-5;-0.98;-1.33;4.3;9.9;-5.6;-1.10;-1.43;Matches
460;Mihailo Ristić\Mihailo-Ristic;rs SRB;DF;Montpellier;25-337;1995;8;242;30;29.9;2.7;2;90;2;6;10;1;0.88;5;5;0;0.00;0.00;2.5;4.7;-2.2;-0.81;-0.80;Matches
461;Maxence Rivera\Maxence-Rivera;fr FRA;FW;Saint-Étienne;19-126;2002;1;5;5;0.7;0.1;0;;0;1;5;0;1.00;0;0;0;0.00;+1.26;0.0;0.1;-0.1;-2.59;-1.83;Matches
462;Patrick Roberts\Patrick-Roberts;eng ENG;DF;Troyes;24-240;1997;1;14;14;1.9;0.2;0;;0;1;14;2;0.00;0;1;-1;-6.43;-6.05;0.2;0.4;-0.2;-1.23;-0.66;Matches
463;Stian Rode Gregersen\Stian-Rode-Gregersen;no NOR;DF;Bordeaux;26-139;1995;4;276;69;38.3;3.1;3;77;1;1;45;0;1.25;6;5;+1;+0.33;+1.75;3.3;5.4;-2.1;-0.69;+0.62;Matches
464;Gerson Rodrigues\Gerson-Rodrigues;lu LUX;FW;Troyes;26-105;1995;4;265;66;36.8;2.9;3;78;1;1;31;0;1.25;3;5;-2;-0.68;-0.28;3.1;4.7;-1.6;-0.53;+0.09;Matches
465;Valentin Rongier\Valentin-Rongier;fr FRA;MFDF;Marseille;26-300;1994;6;338;56;53.7;3.8;4;75;2;2;20;1;1.83;8;3;+5;+1.33;+1.33;5.8;2.7;+3.1;+0.83;+0.33;Matches
466;Pablo Rosario\Pablo-Rosario;nl NED;MF;Nice;24-269;1997;8;638;80;88.6;7.1;7;88;5;1;22;0;2.13;15;3;+12;+1.69;-0.50;16.6;6.8;+9.8;+1.38;+0.55;Matches
467;Roli Pereira de Sa\Roli-Pereira-de-Sa;fr FRA;MF;Nantes;24-297;1996;4;144;36;20.0;1.6;1;62;0;3;27;4;1.00;1;2;-1;-0.62;-0.94;1.2;2.6;-1.4;-0.90;-1.05;Matches
468;Mathys Saban\Mathys-Saban;fr FRA;FWMF;Saint-Étienne;19-141;2002;3;73;24;10.1;0.8;0;;0;3;24;0;0.33;1;1;0;0.00;+1.39;0.8;1.8;-1.0;-1.27;-0.55;Matches
469;Rafiki Said Ahamada\Rafiki-Said-Ahamada;fr FRA;MFFW;Brest;21-202;2000;3;19;6;2.3;0.2;0;;0;3;6;2;0.67;0;0;0;0.00;+0.91;0.1;0.3;-0.2;-0.76;-0.24;Matches
470;Wesley Saïd\Wesley-Said;fr FRA;FW;Lens;26-167;1995;5;143;29;17.7;1.6;1;53;0;4;23;1;2.40;3;1;+2;+1.26;+0.72;3.3;0.8;+2.5;+1.60;+1.03;Matches
471;Mamadou Sakho\Mamadou-Sakho;fr FRA;DF;Montpellier;31-232;1990;5;442;88;54.6;4.9;5;88;4;0;;0;1.60;10;7;+3;+0.61;+1.34;7.6;5.6;+1.9;+0.40;+1.41;Matches
472;William Saliba\William-Saliba;fr FRA;DF;Marseille;20-193;2001;6;540;90;85.7;6.0;6;90;6;0;;1;2.17;14;8;+6;+1.00;+2.00;11.4;6.2;+5.3;+0.88;+0.89;Matches
473;Romain Salin\Romain-Salin;fr FRA;GK;Rennes;37-066;1984;1;90;90;12.5;1.0;1;90;1;0;;7;0.00;0;2;-2;-2.00;-2.43;1.0;0.5;+0.5;+0.54;+0.57;Matches
474;Yoann Salmier\Yoann-Salmier;gf GUF;DF;Troyes;28-316;1992;5;435;87;60.4;4.8;5;87;2;0;;0;1.00;5;6;-1;-0.21;+0.74;4.7;8.3;-3.5;-0.73;-0.38;Matches
475;Mama Samba Baldé\Mama-Samba-Balde;gw GNB;FWMF;Troyes;25-331;1995;7;386;55;53.6;4.3;4;75;1;3;29;0;0.71;5;7;-2;-0.47;+0.07;5.1;8.3;-3.2;-0.74;-0.32;Matches
476;Junior Sambia\Junior-Sambia;fr FRA;DF;Montpellier;25-026;1996;7;438;63;54.1;4.9;5;78;1;2;23;1;0.86;10;11;-1;-0.21;-0.45;6.0;7.6;-1.6;-0.32;-0.17;Matches
477;Renato Sanches\Renato-Sanches;pt POR;MF;Lille;24-046;1997;1;90;90;12.5;1.0;1;90;1;0;;0;1.00;3;3;0;0.00;+0.43;1.4;0.7;+0.7;+0.66;+0.48;Matches
478;Philippe Sandler\Philippe-Sandler;nl NED;DF;Troyes;24-235;1997;2;70;35;9.7;0.8;1;57;0;1;13;0;0.50;1;2;-1;-1.29;-0.87;0.5;1.8;-1.3;-1.68;-1.22;Matches
479;Baptiste Santamaria\Baptiste-Santamaria;fr FRA;MF;Rennes;26-208;1995;6;378;63;52.5;4.2;4;85;3;2;20;0;1.17;2;7;-5;-1.19;-2.77;4.7;5.8;-1.1;-0.26;-0.62;Matches
480;Pablo Sarabia\Pablo-Sarabia;es ESP;FW;Paris S-G;29-145;1992;2;22;11;3.1;0.2;0;;0;2;11;0;3.00;1;0;+1;+4.09;+2.29;0.9;0.4;+0.5;+2.03;+0.99;Matches
481;Téji Savanier\Teji-Savanier;fr FRA;MF;Montpellier;29-285;1991;8;711;89;87.8;7.9;8;89;6;0;;0;1.25;14;13;+1;+0.13;+1.04;9.4;10.2;-0.7;-0.09;+1.25;Matches
482;Morgan Schneiderlin\Morgan-Schneiderlin;fr FRA;MF;Nice;31-329;1989;1;9;9;1.3;0.1;0;;0;1;9;3;0.00;0;0;0;0.00;-1.77;0.1;0.0;+0.1;+1.40;+0.14;Matches
483;Paolo Sciortino\Paolo-Sciortino;fr FRA;MF;Marseille;17-332;2003;0;;;;;0;;0;0;;1;;;;;;;;;;;;Matches
484;Alidu Seidu\Alidu-Seidu;ci CIV;FW;Clermont Foot;21-121;2000;2;21;11;2.9;0.2;0;;0;2;11;6;2.00;0;0;0;0.00;+1.03;0.4;0.0;+0.4;+1.60;+1.80;Matches
485;Matz Sels\Matz-Sels;be BEL;GK;Strasbourg;29-219;1992;9;810;90;100.0;9.0;9;90;9;0;;0;1.22;13;14;-1;-0.11;;10.5;12.8;-2.3;-0.25;;Matches
486;Marvin Senaya\Marvin-Senaya;tg TOG;DF;Strasbourg;20-248;2001;0;;;;;0;;0;0;;4;;;;;;;;;;;;Matches
487;Xherdan Shaqiri\Xherdan-Shaqiri;ch SUI;FW;Lyon;29-358;1991;4;284;71;39.4;3.2;4;71;0;0;;1;1.75;6;3;+3;+0.95;+1.36;4.4;3.3;+1.1;+0.34;-0.14;Matches
488;Mahame Siby\Mahame-Siby;ml MLI;MFDF;Strasbourg;25-088;1996;2;17;9;2.1;0.2;0;;0;2;9;7;1.50;0;1;-1;-5.29;-5.29;0.3;1.1;-0.8;-4.20;-4.03;Matches
489;Ahmed Sidibé\Ahmed-Sidibe;fr FRA;DF;Saint-Étienne;19-235;2002;0;;;;;0;;0;0;;1;;;;;;;;;;;;Matches
490;Djibril Sidibé\Djibril-Sidibe;fr FRA;DF;Monaco;29-066;1992;6;331;55;46.0;3.7;4;79;3;2;8;0;1.33;6;6;0;0.00;0.00;5.7;4.7;+1.1;+0.30;-0.22;Matches
491;Kaj Sierhuis\Kaj-Sierhuis;nl NED;FW;Reims;23-159;1998;2;80;40;9.9;0.9;1;59;0;1;21;0;1.00;1;0;+1;+1.13;+1.37;0.9;1.1;-0.1;-0.16;+0.01;Matches
492;Bryan Silva Teixeira\Bryan-Silva-Teixeira;fr FRA;FW;Clermont Foot;21-032;2000;0;;;;;0;;0;0;;2;;;;;;;;;;;;Matches
493;Caio Henrique Oliveira Silva\Caio-Henrique-Oliveira-Silva;br BRA;DF;Monaco;24-064;1997;8;641;80;89.0;7.1;7;87;5;1;34;0;1.38;11;10;+1;+0.14;+1.28;10.3;7.3;+3.0;+0.42;+0.06;Matches
494;Florent da Silva\Florent-da-Silva;fr FRA;MF;Lyon;18-184;2003;0;;;;;0;;0;0;;1;;;;;;;;;;;;Matches
495;Gabriel Silva\Gabriel-Silva;br BRA;DFMF;Saint-Étienne;30-143;1991;0;;;;;0;;0;0;;3;;;;;;;;;;;;Matches
496;Moses Simon\Moses-Simon;ng NGA;FWMF;Nantes;26-083;1995;8;638;80;88.6;7.1;8;80;4;0;;0;1.25;10;9;+1;+0.14;+0.14;8.1;8.6;-0.5;-0.06;-0.06;Matches
497;Issouf Sissokho\Issouf-Sissokho;ml MLI;MF;Bordeaux;19-246;2002;4;309;77;42.9;3.4;4;77;2;0;;0;0.50;3;8;-5;-1.46;-1.24;2.5;7.5;-5.0;-1.47;-0.68;Matches
498;Ibrahima Sissoko\Ibrahima-Sissoko;fr FRA;DFMF;Strasbourg;23-341;1997;6;379;63;46.8;4.2;4;84;3;2;21;0;0.83;5;8;-3;-0.71;-1.13;3.9;6.7;-2.8;-0.66;-0.77;Matches
499;Petar Škuletić\Petar-Skuletic;rs SRB;FW;Montpellier;31-096;1990;0;;;;;0;;0;0;;4;;;;;;;;;;;;Matches
500;Islam Slimani\Islam-Slimani;dz ALG;FW;Lyon;33-107;1988;6;302;50;41.9;3.4;3;74;1;3;26;1;1.33;4;5;-1;-0.30;-0.73;4.7;5.1;-0.4;-0.12;-0.93;Matches
501;Justin Smith\Justin-Smith;fr FRA;MF;Nice;18-241;2003;0;;;;;0;;0;0;;5;;;;;;;;;;;;Matches
502;Florian Sotoca\Florian-Sotoca;fr FRA;FW;Lens;30-343;1990;9;645;72;79.6;7.2;7;86;4;2;22;0;2.00;14;8;+6;+0.84;+0.84;13.1;7.1;+6.0;+0.84;+0.38;Matches
503;Arnaud Souquet\Arnaud-Souquet;fr FRA;DF;Montpellier;29-233;1992;8;366;46;45.2;4.1;4;79;2;4;13;1;1.25;6;5;+1;+0.25;+0.45;4.2;4.8;-0.6;-0.14;+0.19;Matches
504;Noé Sow\Noe-Sow;sn SEN;MF;Brest;22-289;1998;0;;;;;0;;0;0;;7;;;;;;;;;;;;Matches
505;Saidou Sow\Saidou-Sow;gn GUI;DF;Saint-Étienne;19-091;2002;6;405;68;56.3;4.5;5;81;4;1;1;1;0.50;4;10;-6;-1.33;-0.19;3.4;8.9;-5.5;-1.23;-1.04;Matches
506;Calvin Stengs\Calvin-Stengs;nl NED;MF;Nice;22-289;1998;6;441;74;61.3;4.9;4;83;1;2;54;0;2.17;8;3;+5;+1.02;-1.88;11.7;5.2;+6.5;+1.33;+0.15;Matches
507;Mathías Suárez\Mathias-Suarez;uy URU;DF;Montpellier;25-101;1996;0;;;;;0;;0;0;;6;;;;;;;;;;;;Matches
508;Abdoulaye Sylla\Abdoulaye-Sylla;gn GUI;DF;Nantes;21-176;2000;0;;;;;0;;0;0;;4;;;;;;;;;;;;Matches
509;Waniss Taibi\Waniss-Taibi;fr FRA;MF;Angers;19-210;2002;2;84;42;11.7;0.9;1;77;0;1;7;6;2.00;1;0;+1;+1.07;+0.65;0.8;0.3;+0.5;+0.54;+0.48;Matches
510;Flavien Tait\Flavien-Tait;fr FRA;MF;Rennes;28-243;1993;8;682;85;94.7;7.6;8;85;5;0;;0;1.13;9;7;+2;+0.26;+2.63;9.9;9.0;+1.0;+0.13;+1.62;Matches
511;Florian Tardieu\Florian-Tardieu;fr FRA;MF;Troyes;29-164;1992;6;540;90;75.0;6.0;6;90;6;0;;0;0.83;6;8;-2;-0.33;+0.67;5.5;8.8;-3.4;-0.56;+0.11;Matches
512;Oussama Targhalline\Oussama-Targhalline;ma MAR;MF;Marseille;19-136;2002;0;;;;;0;;0;0;;5;;;;;;;;;;;;Matches
513;Loum Tchaouna\Loum-Tchaouna;fr FRA;MF;Rennes;18-025;2003;1;8;8;1.1;0.1;0;;0;1;8;2;1.00;0;1;-1;-11.25;-11.50;0.2;0.1;+0.2;+2.00;+1.98;Matches
514;Warren Tchimbembé\Warren-Tchimbembe;fr FRA;MF;Metz;23-165;1998;3;48;16;6.7;0.5;0;;0;3;16;3;1.33;0;0;0;0.00;+0.94;0.6;0.3;+0.3;+0.64;+1.32;Matches
515;Aurélien Tchouaméni\Aurelien-Tchouameni;fr FRA;MF;Monaco;21-249;2000;8;621;78;86.3;6.9;7;86;6;1;19;0;1.38;9;9;0;0.00;0.00;9.6;7.5;+2.1;+0.30;-0.79;Matches
516;Mathys Tel\Mathys-Tel;fr FRA;FW;Rennes;16-159;2005;3;36;12;5.0;0.4;0;;0;3;12;1;1.33;0;1;-1;-2.50;-2.76;0.1;0.2;-0.1;-0.13;-0.18;Matches
517;Jordan Tell\Jordan-Tell;fr FRA;FW;Clermont Foot;24-115;1997;5;51;10;7.1;0.6;0;;0;5;10;1;1.60;3;0;+3;+5.29;+6.77;1.9;0.8;+1.0;+1.81;+2.11;Matches
518;Martin Terrier\Martin-Terrier;fr FRA;FWMF;Rennes;24-213;1997;7;460;66;63.9;5.1;7;66;0;0;;0;1.29;9;2;+7;+1.37;+3.45;6.8;4.5;+2.3;+0.45;+1.13;Matches
519;Sada Thioub\Sada-Thioub;sn SEN;MF;Angers;26-124;1995;1;3;3;0.4;0.0;0;;0;1;3;2;3.00;0;0;0;0.00;-0.50;0.0;0.1;-0.1;-1.89;-2.01;Matches
520;Romain Thomas\Romain-Thomas;fr FRA;DF;Angers;33-113;1988;8;720;90;100.0;8.0;8;90;8;0;;0;1.63;11;7;+4;+0.50;;9.4;8.5;+0.9;+0.11;;Matches
521;Adrien Thomasson\Adrien-Thomasson;fr FRA;MF;Strasbourg;27-297;1993;8;593;74;73.2;6.6;6;88;5;2;33;0;1.25;11;10;+1;+0.15;+0.98;9.3;10.3;-1.0;-0.15;+0.37;Matches
522;Thuler\Thuler;br BRA;DF;Montpellier;22-207;1999;7;539;77;66.5;6.0;7;77;4;0;;0;1.14;11;11;0;0.00;0.00;7.5;9.7;-2.2;-0.36;-0.36;Matches
523;Khéphren Thuram-Ulie\Khephren-Thuram-Ulie;fr FRA;MF;Nice;20-191;2001;8;287;36;39.9;3.2;3;79;0;5;10;0;2.13;4;2;+2;+0.63;-1.87;6.3;2.6;+3.7;+1.16;-0.16;Matches
524;Cheikh Tidiane Sabaly\Cheikh-Tidiane-Sabaly;sn SEN;FWMF;Metz;22-213;1999;4;124;31;17.2;1.4;2;58;0;2;5;2;0.75;4;2;+2;+1.45;+2.81;1.0;1.9;-0.8;-0.60;-0.01;Matches
525;Jean-Clair Todibo\Jean-Clair-Todibo;fr FRA;DF;Nice;21-277;1999;8;605;76;84.0;6.7;7;86;6;1;2;0;2.13;14;4;+10;+1.49;-1.64;15.6;7.0;+8.6;+1.28;+0.07;Matches
526;Karl Toko Ekambi\Karl-Toko-Ekambi;cm CMR;FW;Lyon;29-019;1992;8;587;73;81.5;6.5;7;80;3;1;25;0;1.50;11;8;+3;+0.46;+1.81;10.8;6.6;+4.2;+0.64;+1.21;Matches
527;Yoann Touzghar\Yoann-Touzghar;tn TUN;FW;Troyes;34-309;1986;8;542;68;75.3;6.0;7;73;1;1;33;0;0.75;6;8;-2;-0.33;+0.68;6.2;8.8;-2.6;-0.43;+0.63;Matches
528;Amadou Traore\Amadou-Traore;fr FRA;FW;Bordeaux;19-210;2002;1;19;19;2.6;0.2;0;;0;1;19;0;0.00;0;2;-2;-9.47;-8.96;0.0;1.7;-1.7;-8.06;-7.18;Matches
529;Boubacar Traoré\Boubacar-Traore;ml MLI;MF;Metz;20-044;2001;7;229;33;31.8;2.5;1;90;1;6;23;1;0.71;3;4;-1;-0.39;+0.71;3.0;3.3;-0.2;-0.09;+0.74;Matches
530;Charles Traore\Charles-Traore;ml MLI;DF;Nantes;29-275;1992;8;384;48;53.3;4.3;4;90;4;4;6;0;1.25;8;6;+2;+0.47;+0.74;5.6;4.4;+1.2;+0.28;+0.72;Matches
531;Hamari Traoré\Hamari-Traore;ml MLI;DF;Rennes;29-249;1992;7;617;88;85.7;6.9;7;88;6;0;;1;0.86;4;9;-5;-0.73;-5.97;7.7;9.6;-1.9;-0.27;-2.20;Matches
532;Ismaël Traoré\Ismael-Traore;ci CIV;DF;Angers;35-046;1986;8;720;90;100.0;8.0;8;90;8;0;;0;1.63;11;7;+4;+0.50;;9.4;8.5;+0.9;+0.11;;Matches
533;Miguel Trauco\Miguel-Trauco;pe PER;DF;Saint-Étienne;29-039;1992;3;205;68;28.5;2.3;2;90;2;1;25;2;0.00;2;7;-5;-2.20;-1.32;1.7;4.9;-3.2;-1.42;-0.90;Matches
534;Alexis Trouillet\Alexis-Trouillet;fr FRA;MF;Nice;20-284;2000;0;;;;;0;;0;0;;1;;;;;;;;;;;;Matches
535;Adrien Truffert\Adrien-Truffert;fr FRA;DF;Rennes;19-317;2001;3;80;27;11.1;0.9;1;68;0;2;6;3;1.00;0;2;-2;-2.25;-2.67;1.0;0.5;+0.4;+0.47;+0.48;Matches
536;Matthieu Udol\Matthieu-Udol;fr FRA;DF;Metz;25-197;1996;8;720;90;100.0;8.0;8;90;8;0;;0;0.75;9;16;-7;-0.87;;6.8;11.5;-4.8;-0.60;;Matches
537;Chimuanya Ugochukwu\Chimuanya-Ugochukwu;fr FRA;MF;Rennes;17-191;2004;6;329;55;45.7;3.7;3;84;1;3;26;2;1.00;2;6;-4;-1.09;-2.25;3.8;5.3;-1.5;-0.42;-0.85;Matches
538;Hwang Ui-jo\Hwang-Ui-jo;kr KOR;FW;Bordeaux;29-036;1992;7;593;85;82.4;6.6;7;85;2;0;;0;1.00;10;14;-4;-0.61;+0.81;5.8;10.6;-4.9;-0.74;+1.92;Matches
539;Cengiz Ünder\Cengiz-Under;tr TUR;FWMF;Marseille;24-081;1997;7;516;74;81.9;5.7;6;81;2;1;32;0;2.00;13;8;+5;+0.87;+0.87;11.5;6.2;+5.3;+0.92;+0.92;Matches
540;Jere Uronen\Jere-Uronen;fi FIN;DF;Brest;27-082;1994;5;370;74;45.7;4.1;5;74;2;0;;0;0.40;4;8;-4;-0.97;-0.15;4.3;4.2;+0.1;+0.02;+0.99;Matches
541;Jonathan Varane\Jonathan-Varane;fr FRA;MF;Lens;20-024;2001;0;;;;;0;;0;0;;3;;;;;;;;;;;;Matches
542;Thibaut Vargas\Thibaut-Vargas;fr FRA;MF;Montpellier;21-134;2000;0;;;;;0;;0;0;;1;;;;;;;;;;;;Matches
543;Marco Verratti\Marco-Verratti;it ITA;MF;Paris S-G;28-332;1992;2;145;73;20.1;1.6;2;73;0;0;;0;3.00;4;1;+3;+1.86;-0.02;2.2;0.9;+1.3;+0.80;-0.34;Matches
544;Kevin Volland\Kevin-Volland;de GER;FWMF;Monaco;29-065;1992;7;439;63;61.0;4.9;5;76;1;2;29;0;1.14;7;8;-1;-0.21;-0.53;7.2;6.1;+1.1;+0.23;-0.46;Matches
545;Timothy Weah\Timothy-Weah;us USA;MFFW;Lille;21-223;2000;6;346;58;48.1;3.8;4;73;1;2;27;0;1.33;7;6;+1;+0.26;+1.22;5.9;4.4;+1.6;+0.41;+0.33;Matches
546;Georginio Wijnaldum\Georginio-Wijnaldum;nl NED;MF;Paris S-G;30-326;1990;7;411;59;57.1;4.6;5;79;2;2;8;1;3.00;15;6;+9;+1.97;+0.22;7.9;3.6;+4.3;+0.93;-0.33;Matches
547;Christopher Wooh\Christopher-Wooh;fr FRA;DF;Lens;20-015;2001;4;302;76;37.3;3.4;3;88;2;1;37;5;1.25;6;6;0;0.00;-1.06;6.1;4.4;+1.7;+0.50;-0.42;Matches
548;Xeka\Xeka;pt POR;MF;Lille;26-327;1994;5;437;87;60.7;4.9;5;87;4;0;;0;1.40;6;6;0;0.00;+0.95;7.8;4.4;+3.3;+0.69;+1.15;Matches
549;Sekou Yansané\Sekou-Yansane;gn GUI;FW;Paris S-G;18-158;2003;0;;;;;0;;0;0;;1;;;;;;;;;;;;Matches
550;Yusuf Yazıcı\Yusuf-Yazici;tr TUR;MF;Lille;24-247;1997;8;341;43;47.4;3.8;4;71;0;4;14;0;1.38;4;11;-7;-1.85;-2.80;4.8;5.4;-0.6;-0.16;-0.75;Matches
551;Burak Yılmaz\Burak-Yilmaz;tr TUR;FW;Lille;36-080;1985;7;629;90;87.4;7.0;7;90;6;0;;1;1.14;9;13;-4;-0.57;-1.56;8.4;8.3;+0.1;+0.02;-1.75;Matches
552;Zaydou Youssouf\Zaydou-Youssouf;fr FRA;MF;Saint-Étienne;22-084;1999;6;292;49;40.6;3.2;3;69;0;3;28;2;0.50;4;6;-2;-0.62;+1.07;4.0;6.0;-2.0;-0.62;+0.26;Matches
553;Akim Zedadka\Akim-Zedadka;fr FRA;DF;Clermont Foot;26-126;1995;8;720;90;100.0;8.0;8;90;8;0;;0;1.13;11;19;-8;-1.00;;12.3;13.5;-1.2;-0.15;;Matches
554;Mehdi Zerkane\Mehdi-Zerkane;dz ALG;DFMF;Bordeaux;22-080;1999;5;61;12;8.5;0.7;0;;0;5;12;1;0.80;2;5;-3;-4.43;-4.02;1.2;3.9;-2.7;-4.00;-3.19;Matches
555;Banhie Zoukrou\Banhie-Zoukrou;fr FRA;DF;Troyes;18-149;2003;4;77;19;10.7;0.9;0;;0;4;19;4;1.00;0;3;-3;-3.51;-3.37;0.8;1.9;-1.1;-1.25;-0.75;Matches