Rk;Player;Nation;Pos;Squad;Age;Born;90s;Att;Pass Types-Live;Pass Types-Dead;Pass Types-FK;Pass Types-TB;Pass Types-Press;Pass Types-Sw;Pass Types-Crs;Pass Types-CK;Corner Kicks-In;Corner Kicks-Out;Corner Kicks-Str;Height-Ground;Height-Low;Height-High;Body Parts-Left;Body Parts-Right;Body Parts-Head;Body Parts-TI;Body Parts-Other;Cmp;Outcomes-Off;Outcomes-Out;Outcomes-Int;Outcomes-Blocks;Matches;
1;Patrick van Aanholt\Patrick-van-Aanholt;nl NED;DF;tr Galatasaray;31-035;1990;2.0;103;86;17;1;0;15;3;1;1;0;1;0;75;15;13;76;11;0;15;0;84;0;1;1;3;Matches
2;Liel Abada\Liel-Abada;il ISR;FWMF;sct Celtic;20-000;2001;1.0;45;43;2;0;0;10;2;6;0;0;0;0;30;9;6;11;32;0;2;0;30;0;1;4;2;Matches
3;Pape Abou Cisse\Pape-Abou-Cisse;sn SEN;DF;gr Olympiacos;26-019;1995;2.0;89;83;6;6;0;8;6;1;0;0;0;0;59;8;22;34;49;3;0;0;72;1;3;2;1;Matches
4;Joel Abu Hanna\Joel-Abu-Hanna;il ISR;DF;pl Legia Warsaw;23-254;1998;0.1;6;5;1;0;0;1;0;0;0;0;0;0;2;0;4;3;1;1;1;0;3;0;0;1;0;Matches
5;Francesco Acerbi\Francesco-Acerbi;it ITA;DF;it Lazio;33-235;1988;2.0;149;142;7;6;1;6;9;0;0;0;0;0;112;13;24;113;28;6;1;0;141;0;2;1;0;Matches
6;Arijan Ademi\Arijan-Ademi;mk MKD;MF;hr Dinamo Zagreb;30-127;1991;1.7;61;59;2;1;0;8;0;0;0;0;0;0;51;5;5;13;43;4;1;0;54;1;1;1;1;Matches
7;Amine Adli\Amine-Adli;fr FRA;FW;de Leverkusen;21-146;2000;0.9;36;36;0;0;0;3;0;0;0;0;0;0;32;4;0;34;2;0;0;0;29;0;0;2;3;Matches
8;David Affengruber\David-Affengruber;at AUT;DF;at Sturm Graz;20-198;2001;2.0;77;73;4;4;0;6;0;0;0;0;0;0;55;4;18;7;59;8;0;0;58;0;4;2;1;Matches
9;Ruben Aguilar\Ruben-Aguilar;fr FRA;DF;fr Monaco;28-160;1993;1.5;158;129;29;6;0;10;4;4;2;0;2;0;109;22;27;4;128;4;21;0;139;0;1;4;1;Matches
10;Cheikh Ahmadou Dieng\Cheikh-Ahmadou-Dieng;sn SEN;FW;fr Marseille;21-194;2000;1.6;35;32;3;0;0;6;1;1;0;0;0;0;24;10;1;1;29;0;1;1;30;0;0;1;2;Matches
11;Emanuel Aiwum\Emanuel-Aiwum;at AUT;DFMF;at Rapid Wien;20-282;2000;2.0;94;82;12;2;0;4;4;0;0;0;0;0;61;15;18;9;67;8;10;0;76;0;3;1;3;Matches
12;Albian Ajeti\Albian-Ajeti;ch SUI;FW;sct Celtic;24-219;1997;1.2;14;9;5;0;0;3;0;0;0;0;0;0;11;3;0;2;11;1;0;0;13;0;0;0;0;Matches
13;Paul Akouokou\Paul-Akouokou;ci CIV;MF;es Betis;23-287;1997;0.6;36;36;0;0;0;2;1;0;0;0;0;0;30;4;2;5;29;2;0;0;32;0;0;0;0;Matches
14;Jean-Daniel Akpa-Akpro\Jean-Daniel-Akpa-Akpro;ci CIV;MF;it Lazio;28-357;1992;0.6;22;21;1;1;0;4;0;0;0;0;0;0;17;3;2;1;21;0;0;0;21;0;0;0;0;Matches
15;Kerem Aktürkoğlu\Kerem-Akturkoglu;tr TUR;FW;tr Galatasaray;22-347;1998;1.8;46;46;0;0;0;8;2;4;0;0;0;0;37;5;4;8;33;4;0;0;32;0;0;1;4;Matches
16;Lucas Alario\Lucas-Alario;ar ARG;FW;de Leverkusen;28-360;1992;1.5;26;24;2;0;0;4;1;1;0;0;0;0;19;5;2;1;22;2;0;0;19;0;1;3;0;Matches
17;Luis Alberto\Luis-Alberto;es ESP;MF;it Lazio;29-005;1992;1.4;90;81;9;3;0;9;3;3;6;2;3;0;76;3;11;2;86;2;0;0;79;1;0;5;0;Matches
18;Almoatasembellah Ali\Almoatasembellah-Ali;ly LBY;MF;pt Braga;25-180;1996;1.8;137;133;4;4;0;10;9;0;0;0;0;0;110;11;16;13;120;2;0;0;120;0;1;3;2;Matches
19;Dinis Almeida\Dinis-Almeida;pt POR;DF;be Antwerp;26-097;1995;2.0;112;106;6;6;0;10;3;0;0;0;0;0;85;8;19;9;94;6;0;0;102;0;1;1;0;Matches
20;Daniel Amartey\Daniel-Amartey;gh GHA;DF;eng Leicester City;26-286;1994;0.9;75;73;2;2;0;1;3;1;0;0;0;0;69;3;3;5;69;1;0;0;72;0;0;0;0;Matches
21;Nadiem Amiri\Nadiem-Amiri;de GER;MF;de Leverkusen;24-341;1996;0.4;26;26;0;0;0;2;0;0;0;0;0;0;24;2;0;7;18;0;0;1;24;0;0;1;0;Matches
22;Felipe Anderson\Felipe-Anderson;br BRA;FW;it Lazio;28-171;1993;1.7;89;86;3;0;0;11;1;10;0;0;0;0;66;14;9;17;67;2;2;1;63;0;1;11;4;Matches
23;Joel Andersson\Joel-Andersson;se SWE;DF;dk Midtjylland;24-326;1996;2.0;72;67;5;1;0;8;3;2;0;0;0;0;44;11;17;8;48;9;4;0;47;0;1;5;2;Matches
24;Komnen Andrić\Komnen-Andric;rs SRB;MF;hr Dinamo Zagreb;26-094;1995;0.1;3;3;0;0;0;1;0;0;0;0;0;0;3;0;0;1;2;0;0;0;3;0;0;0;0;Matches
25;Faustino Anjorin\Faustino-Anjorin;eng ENG;FW;ru Loko Moscow;19-314;2001;1.2;25;25;0;0;1;3;2;1;0;0;0;0;17;4;4;4;21;0;0;0;20;0;0;2;1;Matches
26;Taylan Antalyalı\Taylan-Antalyali;tr TUR;MF;tr Galatasaray;26-268;1995;1.9;105;104;1;1;0;18;3;0;0;0;0;0;87;7;11;16;88;0;0;0;96;0;1;2;2;Matches
27;Michail Antonio\Michail-Antonio;jm JAM;FW;eng West Ham;31-189;1990;1.6;39;39;0;0;0;12;2;3;0;0;0;0;20;12;7;5;27;3;0;1;29;0;1;1;4;Matches
28;Houssem Aouar\Houssem-Aouar;fr FRA;MF;fr Lyon;23-095;1998;2.0;105;103;2;2;0;21;2;1;0;0;0;0;95;4;6;18;86;1;0;0;89;0;2;3;3;Matches
29;Youssef El-Arabi\Youssef-El-Arabi;ma MAR;FW;gr Olympiacos;34-242;1987;1.0;22;20;2;0;0;3;0;0;0;0;0;0;12;4;6;4;17;1;0;0;16;0;0;3;1;Matches
30;Charles Aránguiz\Charles-Aranguiz;cl CHI;MF;de Leverkusen;32-169;1989;1.2;65;65;0;0;1;7;0;0;0;0;0;0;57;2;6;11;54;0;0;0;60;0;1;0;2;Matches
31;Kelvin Arase\Kelvin-Arase;at AUT;FWMF;at Rapid Wien;22-261;1999;1.6;42;40;2;0;0;9;0;0;0;0;0;0;30;9;3;4;33;3;2;0;35;0;0;2;2;Matches
32;Alphonse Areola\Alphonse-Areola;fr FRA;GK;eng West Ham;28-218;1993;1.0;27;23;4;0;0;1;2;0;0;0;0;0;9;0;18;2;22;0;0;1;18;0;2;0;0;Matches
33;Joe Aribo\Joe-Aribo;ng NGA;FWMF;sct Rangers;25-074;1996;1.7;73;72;1;1;0;18;0;0;0;0;0;0;60;10;3;52;16;2;0;1;61;1;0;3;1;Matches
34;Gerardo Arteaga\Gerardo-Arteaga;mx MEX;DF;be Genk;23-026;1998;2.0;101;82;19;2;0;10;0;3;0;0;0;0;61;17;23;78;4;2;17;0;84;0;0;3;2;Matches
35;Jonas Auer\Jonas-Auer;at AUT;DF;at Rapid Wien;21-059;2000;0.4;37;28;9;0;0;2;0;3;0;0;0;0;19;13;5;25;0;3;9;0;29;0;0;3;0;Matches
36;Serdar Aziz\Serdar-Aziz;tr TUR;DF;tr Fenerbahçe;30-345;1990;1.0;33;27;6;3;0;5;3;1;0;0;0;0;17;4;12;2;22;6;3;0;23;0;0;3;0;Matches
37;Ousseynou Ba\Ousseynou-Ba;sn SEN;DF;gr Olympiacos;25-326;1995;0.5;26;19;7;0;0;4;1;1;0;0;0;0;15;8;3;3;16;0;7;0;21;0;1;1;1;Matches
38;Ryan Babel\Ryan-Babel;nl NED;FW;tr Galatasaray;34-288;1986;0.2;13;13;0;0;0;3;1;0;0;0;0;0;10;0;3;2;8;2;0;0;8;0;1;1;0;Matches
39;Juninho Bacuna\Juninho-Bacuna;cw CUW;MF;sct Rangers;24-057;1997;0.4;20;20;0;0;0;4;1;0;0;0;0;0;15;1;4;2;16;1;0;0;13;1;1;1;0;Matches
40;Benoît Badiashile\Benoit-Badiashile;fr FRA;DF;fr Monaco;20-191;2001;1.0;40;39;1;0;0;8;1;0;0;0;0;0;25;2;13;28;7;1;1;0;32;0;1;0;0;Matches
41;Stéphane Badji\Stephane-Badji;sn SEN;MF;bg Ludogorets;31-258;1990;2.0;130;128;2;1;0;18;2;0;0;0;0;0;92;16;22;3;114;8;1;0;114;0;1;1;0;Matches
42;Zelimkhan Bakayev\Zelimkhan-Bakayev;ru RUS;MFDF;ru Spartak Moscow;25-094;1996;1.1;47;40;7;0;0;9;3;5;3;0;2;0;32;4;11;40;2;0;4;0;31;0;3;4;3;Matches
43;Mitchel Bakker\Mitchel-Bakker;nl NED;DF;de Leverkusen;21-105;2000;1.0;64;57;7;0;0;4;1;2;0;0;0;0;51;10;3;45;10;2;7;0;59;1;0;1;0;Matches
44;Leon Balogun\Leon-Balogun;ng NGA;DF;sct Rangers;33-097;1988;2.0;114;113;1;1;0;20;0;0;0;0;0;0;80;9;25;19;81;8;0;0;92;1;0;3;3;Matches
45;Dmitri Barinov\Dmitri-Barinov;ru RUS;DFMF;ru Loko Moscow;25-022;1996;2.0;98;93;5;5;0;1;1;0;0;0;0;0;80;5;13;10;84;4;0;0;88;1;2;0;1;Matches
46;Borna Barišić\Borna-Barisic;hr CRO;DF;sct Rangers;28-327;1992;2.0;106;75;31;4;0;16;6;11;5;2;3;0;52;26;28;78;5;0;22;0;82;0;3;3;3;Matches
47;Harvey Barnes\Harvey-Barnes;eng ENG;FW;eng Leicester City;23-298;1997;1.3;43;42;1;0;0;9;4;4;0;0;0;0;33;3;7;9;34;0;0;0;34;0;4;0;2;Matches
48;Ander Barrenetxea\Ander-Barrenetxea;es ESP;FW;es Real Sociedad;19-280;2001;0.2;7;7;0;0;0;0;0;1;0;0;0;0;6;0;1;1;6;0;0;0;7;0;0;0;0;Matches
49;Marc Bartra\Marc-Bartra;es ESP;DF;es Betis;30-261;1991;1.0;93;91;2;2;0;4;1;0;0;0;0;0;79;8;6;9;81;2;0;1;83;0;1;2;1;Matches
50;Toma Bašić\Toma-Basic;hr CRO;MF;it Lazio;24-312;1996;1.3;56;56;0;0;0;3;0;5;0;0;0;0;42;5;9;48;6;1;0;0;48;0;1;0;0;Matches
51;Calvin Bassey\Calvin-Bassey;it ITA;DF;sct Rangers;21-276;1999;1.0;61;61;0;0;0;3;3;0;0;0;0;0;45;3;13;46;8;6;0;0;53;0;2;1;0;Matches
52;Jelle Bataille\Jelle-Bataille;be BEL;DF;be Antwerp;22-136;1999;1.0;50;35;15;3;0;3;4;3;0;0;0;0;27;9;14;4;32;2;12;0;35;0;2;2;2;Matches
53;Martin Baturina\Martin-Baturina;hr CRO;MF;hr Dinamo Zagreb;18-229;2003;0.1;7;7;0;0;0;0;0;0;0;0;0;0;7;0;0;0;7;0;0;0;6;0;0;1;0;Matches
54;Altay Bayındır\Altay-Bayindir;tr TUR;GK;tr Fenerbahçe;23-172;1998;2.0;42;24;18;10;0;0;0;0;0;0;0;0;22;0;20;4;31;0;0;6;23;1;1;0;0;Matches
55;Alexis Beka Beka\Alexis-Beka-Beka;fr FRA;MF;ru Loko Moscow;20-188;2001;1.7;56;55;1;1;0;3;4;0;0;0;0;0;44;3;9;8;47;1;0;0;47;0;3;1;0;Matches
56;Karim Bellarabi\Karim-Bellarabi;de GER;FW;de Leverkusen;31-178;1990;0.6;17;17;0;0;0;0;0;2;0;0;0;0;11;4;2;2;14;1;0;0;13;0;1;0;1;Matches
57;Anis Ben Slimane\Anis-Ben-Slimane;tn TUN;MFFW;dk Brøndby;20-201;2001;1.1;38;37;1;1;1;3;1;1;0;0;0;0;30;5;3;9;27;1;0;1;24;1;0;3;4;Matches
58;Wissam Ben Yedder\Wissam-Ben-Yedder;fr FRA;FW;fr Monaco;31-052;1990;0.3;11;11;0;0;0;2;0;0;0;0;0;0;5;3;3;8;2;1;0;0;9;0;0;0;1;Matches
59;Saïd Benrahma\Said-Benrahma;dz ALG;FWMF;eng West Ham;26-054;1995;1.4;53;50;3;0;0;11;2;3;2;1;0;0;40;8;5;10;43;0;0;0;44;0;0;0;4;Matches
60;Mergim Berisha\Mergim-Berisha;de GER;MFFW;tr Fenerbahçe;23-145;1998;0.4;5;5;0;0;0;1;0;1;0;0;0;0;4;1;0;2;3;0;0;0;3;0;0;0;0;Matches
61;Ryan Bertrand\Ryan-Bertrand;eng ENG;DF;eng Leicester City;32-059;1989;1.0;53;38;15;0;0;10;2;0;2;1;1;0;31;13;9;34;4;2;13;0;39;0;3;3;2;Matches
62;Nir Bitton\Nir-Bitton;il ISR;DFMF;sct Celtic;29-338;1991;0.3;39;39;0;0;0;3;1;0;0;0;0;0;36;3;0;10;29;0;0;0;36;0;1;1;1;Matches
63;Miha Blažič\Miha-Blazic;si SVN;DF;hu Ferencváros;28-148;1993;2.0;87;83;4;3;0;6;2;0;0;0;0;0;64;4;19;1;82;3;1;0;70;0;0;2;1;Matches
64;Myron Boadu\Myron-Boadu;nl NED;FW;fr Monaco;20-262;2001;0.7;15;13;2;0;0;7;0;0;0;0;0;0;8;3;4;1;8;1;0;2;13;1;0;0;0;Matches
65;Jérôme Boateng\Jerome-Boateng;de GER;DF;fr Lyon;33-030;1988;0.7;55;55;0;0;0;0;1;0;0;0;0;0;40;6;9;12;40;2;0;1;47;0;1;1;0;Matches
66;Sacha Boey\Sacha-Boey;fr FRA;DF;tr Galatasaray;21-020;2000;0.7;25;19;6;0;0;3;0;0;0;0;0;0;17;6;2;4;15;0;6;0;22;0;0;1;1;Matches
67;Theo Bongonda\Theo-Bongonda;be BEL;FWMF;be Genk;25-317;1995;0.8;32;32;0;0;0;6;0;1;0;0;0;0;28;2;2;27;4;1;0;0;27;0;1;0;2;Matches
68;Milan Borjan\Milan-Borjan;ca CAN;GK;rs Red Star;33-345;1987;1.0;32;18;14;1;0;3;2;0;0;0;0;0;10;0;22;2;26;0;0;2;16;0;2;0;0;Matches
69;Rafael Borré\Rafael-Borre;co COL;FW;de Eint Frankfurt;26-018;1995;1.7;64;61;3;1;0;7;0;3;0;0;0;0;39;19;6;3;55;3;0;2;46;2;0;4;1;Matches
70;Artur Boruc\Artur-Boruc;pl POL;GK;pl Legia Warsaw;41-225;1980;1.0;40;24;16;5;0;1;2;0;0;0;0;0;17;3;20;7;24;0;0;8;26;0;2;1;0;Matches
71;Olivier Boscagli\Olivier-Boscagli;fr FRA;MFDF;nl PSV Eindhoven;23-319;1997;2.0;153;146;7;7;0;23;7;2;0;0;0;0;104;17;32;104;40;5;0;1;123;0;4;7;0;Matches
72;Endre Botka\Endre-Botka;hu HUN;DF;hu Ferencváros;27-039;1994;0.9;50;45;5;3;0;4;1;0;0;0;0;0;43;3;4;15;31;2;2;0;45;1;1;0;1;Matches
73;Andreas Bouchalakis\Andreas-Bouchalakis;gr GRE;MF;gr Olympiacos;28-181;1993;2.0;87;85;2;2;1;5;3;1;0;0;0;0;57;13;17;70;12;3;0;1;79;0;1;2;0;Matches
74;Jarrod Bowen\Jarrod-Bowen;eng ENG;FW;eng West Ham;24-287;1996;0.6;22;21;1;0;0;2;0;0;1;0;0;0;16;2;4;18;1;2;0;1;14;0;1;0;2;Matches
75;Claudio Bravo\Claudio-Bravo;cl CHI;GK;es Betis;38-173;1983;1.0;33;23;10;6;0;3;3;0;0;0;0;0;12;1;20;3;23;0;0;5;18;1;2;0;0;Matches
76;Bruma\Bruma;pt POR;FW;nl PSV Eindhoven;26-344;1994;0.0;9;9;0;0;0;5;0;0;0;0;0;0;5;2;2;1;7;0;0;0;6;0;0;1;1;Matches
77;Júnior Brumado\Junior-Brumado;br BRA;FW;dk Midtjylland;22-141;1999;1.8;33;32;1;1;0;8;1;4;0;0;0;0;20;8;5;11;18;1;0;0;26;0;0;1;0;Matches
78;Andreas Bruus\Andreas-Bruus;dk DEN;DF;dk Brøndby;22-260;1999;2.0;97;78;19;1;0;3;5;10;0;0;0;0;47;21;29;6;67;6;18;0;62;1;3;8;3;Matches
79;Aurélio Buta\Aurelio-Buta;pt POR;DF;be Antwerp;24-235;1997;2.0;125;99;26;2;0;13;1;4;0;0;0;0;72;33;20;8;87;5;24;0;101;0;4;4;3;Matches
80;Jean Butez\Jean-Butez;fr FRA;GK;be Antwerp;26-117;1995;2.0;81;62;19;6;0;6;3;0;0;0;0;0;28;5;48;7;59;0;0;8;55;0;1;1;0;Matches
81;Tobias Børkeeiet\Tobias-Borkeeiet;no NOR;DFMF;dk Brøndby;22-168;1999;0.3;14;14;0;0;0;2;0;0;0;0;0;0;9;4;1;1;10;3;0;0;13;0;0;0;0;Matches
82;Marijan Čabraja\Marijan-Cabraja;hr CRO;DF;hu Ferencváros;24-220;1997;0.1;4;4;0;0;0;1;0;0;0;0;0;0;2;2;0;3;1;0;0;0;2;0;1;0;1;Matches
83;Jens Cajuste\Jens-Cajuste;se SWE;MF;dk Midtjylland;22-054;1999;0.2;7;6;1;1;0;2;0;0;0;0;0;0;6;1;0;0;6;0;0;0;5;0;0;1;0;Matches
84;Aguibou Camara\Aguibou-Camara;gn GUI;MF;gr Olympiacos;20-136;2001;1.9;63;58;5;2;0;8;3;3;3;1;2;0;49;5;9;6;52;3;0;2;51;0;1;4;1;Matches
85;Mohamed Camara\Mohamed-Camara;gn GUI;MFFW;gr Olympiacos;24-217;1997;1.9;84;82;2;1;0;9;1;7;1;0;0;0;56;10;18;14;62;6;0;1;65;2;2;3;1;Matches
86;Sergio Canales\Sergio-Canales;es ESP;MF;es Betis;30-229;1991;0.9;48;46;2;2;0;9;3;1;0;0;0;0;30;5;13;43;4;1;0;0;41;0;0;0;1;Matches
87;Christian Cappis\Christian-Cappis;us USA;FWMF;dk Brøndby;22-051;1999;0.4;8;8;0;0;0;1;0;0;0;0;0;0;6;0;2;3;5;0;0;0;7;0;0;0;0;Matches
88;Maxence Caqueret\Maxence-Caqueret;fr FRA;MF;fr Lyon;21-230;2000;1.9;132;128;4;3;0;14;2;1;0;0;0;0;106;11;15;20;105;4;1;0;114;2;2;5;0;Matches
89;Cameron Carter-Vickers\Cameron-Carter-Vickers;us USA;DF;sct Celtic;23-276;1997;2.0;139;137;2;1;0;18;1;0;0;0;0;0;111;11;17;8;118;9;1;0;124;1;1;1;2;Matches
90;William Carvalho\William-Carvalho;pt POR;MF;es Betis;29-179;1992;0.2;18;18;0;0;0;5;0;0;0;0;0;0;16;1;1;3;15;0;0;0;17;0;0;0;0;Matches
91;Timothy Castagne\Timothy-Castagne;be BEL;DF;eng Leicester City;25-302;1995;2.0;120;106;14;0;0;13;0;4;0;0;0;0;84;23;13;7;90;8;14;0;101;0;1;3;5;Matches
92;André Castro\Andre-Castro;pt POR;MF;pt Braga;33-184;1988;0.5;26;26;0;0;0;2;0;1;0;0;0;0;19;4;3;1;22;1;0;1;22;0;0;2;0;Matches
93;Danilo Cataldi\Danilo-Cataldi;it ITA;MF;it Lazio;27-058;1994;0.7;58;55;3;2;0;6;1;0;1;1;0;0;49;4;5;12;46;0;0;0;48;0;2;2;0;Matches
94;Maximiliano Caufriez\Maximiliano-Caufriez;be BEL;DF;ru Spartak Moscow;24-229;1997;0.9;37;34;3;3;0;1;1;0;0;0;0;0;31;1;5;3;33;0;0;0;33;0;0;0;0;Matches
95;Ondřej Čelůstka\Ondrej-Celustka;cz CZE;DF;cz Sparta Prague;32-107;1989;2.0;95;88;7;7;0;10;6;0;0;0;0;0;65;8;22;18;72;3;0;0;77;0;0;1;0;Matches
96;Murilo Cerqueira\Murilo-Cerqueira;br BRA;DF;ru Loko Moscow;24-190;1997;1.0;41;36;5;5;0;1;0;0;0;0;0;0;38;3;0;0;40;0;0;0;39;0;0;1;0;Matches
97;Timothy Chandler\Timothy-Chandler;us USA;DF;de Eint Frankfurt;31-188;1990;1.0;47;42;5;1;0;3;2;5;0;0;0;0;22;14;11;7;33;2;4;0;37;0;1;1;3;Matches
98;Rayan Cherki\Rayan-Cherki;fr FRA;FW;fr Lyon;18-047;2003;0.3;19;17;2;0;0;2;1;1;2;0;0;0;16;3;0;7;11;0;0;1;16;0;0;1;0;Matches
99;Chiquinho\Chiquinho;pt POR;MFFW;pt Braga;26-076;1995;1.0;40;38;2;0;0;2;0;1;0;0;0;0;34;4;2;3;34;1;0;0;33;0;0;2;1;Matches
100;Alexandru Cicâldău\Alexandru-Cicaldau;ro ROU;MF;tr Galatasaray;24-087;1997;2.0;68;63;5;1;0;12;3;2;4;1;0;2;46;7;15;8;57;3;0;0;53;0;1;2;1;Matches
101;Cicinho\Cicinho;bg BUL;DF;bg Ludogorets;32-281;1988;1.8;68;53;15;1;0;7;1;2;0;0;0;0;36;11;21;5;48;1;14;0;51;0;0;2;2;Matches
102;Eldar Ćivić\Eldar-Civic;ba BIH;DF;hu Ferencváros;25-128;1996;2.0;95;79;16;4;0;17;4;3;4;2;2;0;61;15;19;74;5;6;8;0;76;1;1;3;1;Matches
103;Dion Cools\Dion-Cools;my MAS;DF;dk Midtjylland;25-121;1996;0.1;4;4;0;0;0;1;0;0;0;0;0;0;2;2;0;0;3;1;0;0;4;0;0;0;0;Matches
104;Duje Čop\Duje-Cop;hr CRO;FW;hr Dinamo Zagreb;31-244;1990;0.8;18;17;1;0;0;2;0;0;0;0;0;0;14;2;2;3;13;1;0;1;14;0;1;2;0;Matches
105;Danny da Costa\Danny-da-Costa;de GER;DF;de Eint Frankfurt;28-082;1993;1.0;84;63;21;0;0;11;0;1;0;0;0;0;38;24;22;9;43;7;21;0;57;0;2;7;4;Matches
106;Yan Couto\Yan-Couto;br BRA;DF;pt Braga;19-122;2002;1.1;76;61;15;2;0;4;1;2;0;0;0;0;51;13;12;7;56;0;13;0;58;0;1;6;2;Matches
107;Aaron Cresswell\Aaron-Cresswell;eng ENG;DF;eng West Ham;31-292;1989;2.0;174;133;41;3;0;27;6;3;11;5;2;2;105;33;36;136;8;1;27;0;146;0;6;4;2;Matches
108;Cristo\Cristo;es ESP;DF;es Real Sociedad;21-156;2000;0.1;8;5;3;0;0;1;0;0;0;0;0;0;4;0;4;5;0;0;3;0;6;0;0;1;1;Matches
109;Carlos Cuesta\Carlos-Cuesta;co COL;DF;be Genk;22-208;1999;2.0;117;111;6;4;0;7;0;0;0;0;0;0;98;11;8;5;105;4;2;1;103;0;2;3;0;Matches
110;Damien Da Silva\Damien-Da-Silva;fr FRA;DF;fr Lyon;33-139;1988;1.0;102;101;1;1;0;9;3;0;0;0;0;0;86;5;11;0;95;3;0;0;96;1;1;0;0;Matches
111;Patson Daka\Patson-Daka;zm ZAM;FW;eng Leicester City;22-359;1998;1.7;22;21;1;0;0;5;0;0;0;0;0;0;17;3;2;3;16;3;0;0;19;0;1;0;1;Matches
112;Henrik Dalsgaard\Henrik-Dalsgaard;dk DEN;DF;dk Midtjylland;32-068;1989;2.0;111;89;22;6;0;10;6;2;0;0;0;0;66;11;34;5;80;7;16;0;89;0;4;3;0;Matches
113;Amadou Dante\Amadou-Dante;ml MLI;DF;at Sturm Graz;20-361;2000;2.0;76;59;17;3;0;9;3;2;0;0;0;0;40;12;24;51;9;2;14;0;56;0;1;8;0;Matches
114;Steven Davis\Steven-Davis;nir NIR;MF;sct Rangers;36-275;1985;1.6;102;98;4;3;0;14;2;2;0;0;0;0;68;13;21;11;81;6;1;1;89;0;1;1;2;Matches
115;Craig Dawson\Craig-Dawson;eng ENG;DF;eng West Ham;31-150;1990;1.0;44;43;1;1;0;6;3;0;0;0;0;0;35;2;7;2;42;0;0;0;40;0;0;0;0;Matches
116;Konrad De La Fuente\Konrad-De-La-Fuente;us USA;FW;fr Marseille;20-079;2001;0.5;28;27;1;0;0;5;0;3;0;0;0;0;21;4;3;6;18;3;1;0;22;0;1;1;1;Matches
117;Ritchie De Laet\Ritchie-De-Laet;be BEL;DF;be Antwerp;32-309;1988;2.0;97;85;12;2;0;7;2;1;0;0;0;0;63;15;19;20;62;4;10;1;76;0;2;4;0;Matches
118;Miloš Degenek\Milos-Degenek;au AUS;DF;rs Red Star;27-158;1994;1.0;45;44;1;1;0;2;2;0;0;0;0;0;29;1;15;8;31;6;0;0;31;0;2;0;0;Matches
119;Kerem Demirbay\Kerem-Demirbay;de GER;MF;de Leverkusen;28-092;1993;2.0;154;140;14;3;0;13;10;1;9;4;5;0;111;16;27;111;33;5;2;0;124;0;2;7;2;Matches
120;Jason Denayer\Jason-Denayer;be BEL;DF;fr Lyon;26-097;1995;1.0;63;61;2;2;0;4;0;0;0;0;0;0;57;4;2;2;59;0;0;0;60;0;0;0;1;Matches
121;Halil Dervişoğlu\Halil-Dervisoglu;tr TUR;FW;tr Galatasaray;21-299;1999;1.8;23;21;2;0;1;8;0;0;0;0;0;0;19;4;0;3;16;1;0;1;16;0;1;0;3;Matches
122;Kiril Despodov\Kiril-Despodov;bg BUL;FW;bg Ludogorets;24-326;1996;0.9;13;10;3;1;0;1;0;0;2;1;1;0;10;1;2;0;13;0;0;0;7;0;0;2;0;Matches
123;Dorian Dessoleil\Dorian-Dessoleil;be BEL;DF;be Antwerp;29-057;1992;1.0;29;26;3;2;0;3;0;0;0;0;0;0;21;4;4;23;3;2;1;0;24;0;0;0;1;Matches
124;Kiernan Dewsbury Hall\Kiernan-Dewsbury-Hall;eng ENG;MF;eng Leicester City;23-027;1998;0.7;48;42;6;2;0;2;2;1;4;3;0;1;31;7;10;39;4;3;0;1;35;0;2;0;2;Matches
125;Giovanni Di Lorenzo\Giovanni-Di-Lorenzo;it ITA;DF;it Napoli;28-060;1993;2.0;122;103;19;4;1;11;2;3;0;0;0;0;87;23;12;26;75;5;15;0;106;0;1;4;4;Matches
126;Moussa Diaby\Moussa-Diaby;fr FRA;FW;de Leverkusen;22-088;1999;1.7;104;100;4;0;1;5;4;10;0;0;0;0;76;17;11;73;25;2;4;0;84;0;5;3;1;Matches
127;Mbaye Diagne\Mbaye-Diagne;sn SEN;FW;tr Galatasaray;29-340;1991;0.2;6;6;0;0;0;1;0;0;0;0;0;0;4;1;1;2;2;1;0;0;4;0;0;0;0;Matches
128;Krepin Diatta\Krepin-Diatta;sn SEN;MFFW;fr Monaco;22-220;1999;2.0;77;76;1;0;0;18;1;5;0;0;0;0;50;15;12;13;54;6;1;1;60;0;3;2;3;Matches
129;Dénes Dibusz\Denes-Dibusz;hu HUN;GK;hu Ferencváros;30-321;1990;2.0;66;40;26;5;0;2;2;0;0;0;0;0;42;0;24;4;50;0;0;12;56;1;1;0;0;Matches
130;Sinaly Diomande\Sinaly-Diomande;ci CIV;DF;fr Lyon;20-177;2001;1.3;90;89;1;0;0;5;5;0;0;0;0;0;79;4;7;6;77;3;1;0;88;0;1;0;0;Matches
131;Lois Diony\Lois-Diony;fr FRA;FW;rs Red Star;28-287;1992;1.2;27;26;1;0;0;7;0;1;0;0;0;0;15;9;3;3;19;3;0;0;18;0;2;1;2;Matches
132;Issa Diop\Issa-Diop;fr FRA;DF;eng West Ham;24-267;1997;2.0;99;96;3;1;0;10;1;0;0;0;0;0;78;13;8;22;68;4;1;1;89;0;1;1;1;Matches
133;Sofiane Diop\Sofiane-Diop;fr FRA;MF;fr Monaco;21-116;2000;0.8;18;16;2;0;0;6;2;0;2;0;2;0;14;0;4;3;15;0;0;0;14;0;1;0;0;Matches
134;Axel Disasi\Axel-Disasi;fr FRA;DF;fr Monaco;23-206;1998;1.0;29;29;0;0;0;12;2;0;0;0;0;0;15;3;11;2;24;1;0;0;20;0;4;0;0;Matches
135;Marko Divkovic\Marko-Divkovic;hr CRO;FW;dk Brøndby;22-114;1999;0.2;5;5;0;0;0;2;0;0;0;0;0;0;5;0;0;4;1;0;0;0;3;0;1;0;0;Matches
136;Ritsu Doan\Ritsu-Doan;jp JPN;FW;nl PSV Eindhoven;23-109;1998;0.7;26;23;3;0;0;3;3;0;3;0;3;0;17;2;7;17;9;0;0;0;15;0;0;0;3;Matches
137;Bořek Dočkal\Borek-Dockal;cz CZE;MF;cz Sparta Prague;33-003;1988;0.0;1;1;0;0;0;0;0;0;0;0;0;0;1;0;0;0;1;0;0;0;1;0;0;0;0;Matches
138;Aleksandar Dragović\Aleksandar-Dragovic;at AUT;DF;rs Red Star;30-211;1991;1.0;34;34;0;0;0;3;0;0;0;0;0;0;26;4;4;6;22;4;0;0;32;0;2;0;0;Matches
139;Václav Drchal\Vaclav-Drchal;cz CZE;FWMF;cz Sparta Prague;22-070;1999;0.3;3;2;1;0;0;1;0;0;0;0;0;0;1;1;1;0;1;0;1;0;2;0;0;0;0;Matches
140;Joel Drommel\Joel-Drommel;nl NED;GK;nl PSV Eindhoven;24-321;1996;2.0;67;54;13;1;0;3;0;0;0;0;0;0;39;8;20;14;42;0;0;10;46;0;2;0;0;Matches
141;Leo Dubois\Leo-Dubois;fr FRA;DF;fr Lyon;27-019;1994;0.9;75;63;12;1;0;16;3;3;0;0;0;0;47;20;8;9;54;1;11;0;70;0;1;1;1;Matches
142;Erik Durm\Erik-Durm;de GER;DF;de Eint Frankfurt;29-144;1992;1.0;51;43;8;0;0;1;2;1;0;0;0;0;25;11;15;11;28;3;8;0;37;3;1;2;2;Matches
143;Georgi Dzhikiya\Georgi-Dzhikiya;ru RUS;DF;ru Spartak Moscow;27-316;1993;2.0;110;107;3;3;0;17;7;1;0;0;0;0;71;14;25;61;41;3;0;2;96;0;1;1;1;Matches
144;Johannes Eggestein\Johannes-Eggestein;de GER;FW;be Antwerp;23-148;1998;0.6;12;12;0;0;0;6;0;1;0;0;0;0;4;4;4;1;9;0;0;0;6;0;0;0;0;Matches
145;Carel Eiting\Carel-Eiting;nl NED;MF;be Genk;23-234;1998;1.2;79;72;7;4;0;16;1;0;2;1;1;0;65;7;7;57;19;1;1;1;68;1;1;0;4;Matches
146;Elif Elmas\Elif-Elmas;mk MKD;MF;it Napoli;22-009;1999;1.2;38;35;3;1;0;6;0;0;0;0;0;0;26;5;7;4;29;3;2;0;32;1;1;1;0;Matches
147;Aritz Elustondo\Aritz-Elustondo;es ESP;DF;es Real Sociedad;27-189;1994;2.0;139;136;3;3;0;9;3;0;0;0;0;0;111;8;20;14;116;7;0;0;120;0;0;5;1;Matches
148;Strahinja Eraković\Strahinja-Erakovic;rs SRB;DF;rs Red Star;20-254;2001;1.0;27;24;3;2;0;3;0;0;0;0;0;0;14;5;8;3;20;1;1;0;20;0;4;0;0;Matches
149;Evander\Evander;br BRA;MF;dk Midtjylland;23-116;1998;2.0;127;105;22;6;0;20;14;8;14;7;7;0;78;10;39;8;116;1;0;0;92;0;2;4;2;Matches
150;Jonny Evans\Jonny-Evans;nir NIR;DF;eng Leicester City;33-273;1988;0.5;26;25;1;1;0;5;0;0;0;0;0;0;23;0;3;2;24;0;0;0;23;0;0;2;0;Matches
151;Fabiano\Fabiano;br BRA;DF;pt Braga;21-203;2000;0.9;59;46;13;0;0;5;4;0;0;0;0;0;32;8;19;1;45;0;13;0;45;0;2;4;0;Matches
152;Łukasz Fabiański\Lukasz-Fabianski;pl POL;GK;eng West Ham;36-168;1985;1.0;25;16;9;0;0;1;0;0;0;0;0;0;13;1;11;0;21;0;0;3;19;0;1;0;0;Matches
153;Cesc Fàbregas\Cesc-Fabregas;es ESP;MF;fr Monaco;34-152;1987;0.5;40;33;7;3;0;4;3;3;3;0;1;0;25;7;8;6;31;1;1;1;34;0;0;1;0;Matches
154;Sofiane Feghouli\Sofiane-Feghouli;dz ALG;MF;tr Galatasaray;31-281;1989;0.1;4;3;1;1;0;2;0;0;0;0;0;0;3;0;1;0;4;0;0;0;3;0;0;0;0;Matches
155;Nabil Fekir\Nabil-Fekir;fr FRA;MF;es Betis;28-077;1993;1.8;76;67;9;1;0;22;4;4;8;0;6;0;60;7;9;65;9;0;0;0;66;0;0;1;3;Matches
156;Luiz Felipe\Luiz-Felipe;br BRA;DF;it Lazio;24-195;1997;1.0;69;69;0;0;1;6;0;0;0;0;0;0;64;2;3;8;60;1;0;0;65;0;0;2;0;Matches
157;Viktor Fischer\Viktor-Fischer;dk DEN;MFFW;be Antwerp;27-116;1994;2.0;62;52;10;4;0;9;1;3;6;1;2;2;41;7;14;4;56;1;0;0;43;0;1;3;0;Matches
158;Youssouf Fofana\Youssouf-Fofana;fr FRA;MF;fr Monaco;22-266;1999;0.9;31;30;1;0;0;10;0;1;0;0;0;0;14;8;9;5;22;0;1;0;22;1;0;1;1;Matches
159;Pablo Fornals\Pablo-Fornals;es ESP;FW;eng West Ham;25-223;1996;1.1;57;55;2;0;1;8;0;0;0;0;0;0;40;14;3;5;48;1;2;1;49;0;0;0;4;Matches
160;Taxiarchis Fountas\Taxiarchis-Fountas;gr GRE;FW;at Rapid Wien;26-029;1995;1.5;40;38;2;0;0;1;2;0;0;0;0;0;21;11;8;8;26;3;1;2;28;0;1;6;4;Matches
161;Bartol Franjić\Bartol-Franjic;hr CRO;DFMF;hr Dinamo Zagreb;21-262;2000;1.8;93;88;5;1;0;12;0;0;0;0;0;0;72;9;12;54;29;3;4;0;81;0;0;5;2;Matches
162;Ryan Fredericks\Ryan-Fredericks;eng ENG;DF;eng West Ham;28-358;1992;1.0;46;36;10;0;0;6;0;0;0;0;0;0;27;12;7;4;30;1;10;0;37;1;0;0;2;Matches
163;Morten Frendrup\Morten-Frendrup;dk DEN;MF;dk Brøndby;20-179;2001;2.0;47;47;0;0;0;15;0;1;0;0;0;0;37;5;5;9;35;2;0;1;37;0;2;1;2;Matches
164;Michael Frey\Michael-Frey;ch SUI;FW;be Antwerp;27-076;1994;1.4;35;32;3;0;0;10;0;1;0;0;0;0;13;16;6;4;23;4;0;1;21;0;0;4;2;Matches
165;Jeremie Frimpong\Jeremie-Frimpong;nl NED;DF;de Leverkusen;20-297;2000;2.0;115;108;7;0;0;14;0;10;0;0;0;0;90;12;13;12;92;1;7;0;92;0;4;3;3;Matches
166;Kyogo Furuhashi\Kyogo-Furuhashi;jp JPN;FW;sct Celtic;26-256;1995;0.8;6;3;3;0;0;1;0;0;0;0;0;0;5;1;0;1;4;0;1;0;6;0;0;0;0;Matches
167;Cody Gakpo\Cody-Gakpo;nl NED;FW;nl PSV Eindhoven;22-149;1999;2.0;72;63;9;1;2;18;4;5;8;1;6;0;50;9;13;8;61;2;0;0;53;0;1;2;5;Matches
168;Galeno\Galeno;br BRA;DFFW;pt Braga;23-346;1997;2.0;62;56;6;0;0;4;3;3;0;0;0;0;39;11;12;10;42;2;6;1;44;1;1;4;4;Matches
169;Paul Gartler\Paul-Gartler;at AUT;GK;at Rapid Wien;24-207;1997;2.0;65;39;26;7;0;5;1;0;0;0;0;0;33;2;30;15;40;0;0;8;44;0;2;0;0;Matches
170;Željko Gavrić\Zeljko-Gavric;rs SRB;MF;hu Ferencváros;20-302;2000;0.2;3;3;0;0;0;0;0;0;0;0;0;0;3;0;0;1;2;0;0;0;3;0;0;0;0;Matches
171;Jusuf Gazibegović\Jusuf-Gazibegovic;ba BIH;DF;at Sturm Graz;21-206;2000;1.8;58;39;19;0;0;12;0;5;1;0;1;0;22;10;26;7;31;2;18;0;41;0;1;1;2;Matches
172;Pieter Gerkens\Pieter-Gerkens;be BEL;MFFW;be Antwerp;26-051;1995;0.5;22;22;0;0;0;3;2;0;0;0;0;0;13;4;5;3;15;2;0;0;19;0;0;0;0;Matches
173;Gerson\Gerson;br BRA;MF;fr Marseille;24-136;1997;0.9;55;53;2;2;0;16;0;2;0;0;0;0;48;3;4;46;9;0;0;0;51;0;0;0;1;Matches
174;Niklas Geyrhofer\Niklas-Geyrhofer;at AUT;DF;at Sturm Graz;21-234;2000;0.1;7;7;0;0;0;1;0;0;0;0;0;0;3;2;2;0;5;2;0;0;5;0;0;0;0;Matches
175;Giorgos Giakoumakis\Giorgos-Giakoumakis;gr GRE;MF;sct Celtic;26-298;1994;0.2;9;9;0;0;0;7;0;0;0;0;0;0;7;2;0;0;8;0;0;0;7;0;0;1;0;Matches
176;Samuel Gigot\Samuel-Gigot;fr FRA;DF;ru Spartak Moscow;27-356;1993;2.0;76;72;4;4;0;3;1;0;0;0;0;0;66;3;7;14;58;2;0;0;69;0;0;2;0;Matches
177;Marco van Ginkel\Marco-van-Ginkel;nl NED;MF;nl PSV Eindhoven;28-306;1992;1.6;87;85;2;2;0;14;2;0;0;0;0;0;71;7;9;26;55;4;0;0;79;0;1;2;1;Matches
178;Anderson Gniangbo\Anderson-Gniangbo;ci CIV;FW;at Sturm Graz;21-362;1999;0.4;7;6;1;0;0;3;0;0;0;0;0;0;4;1;2;1;4;1;0;1;5;0;0;0;1;Matches
179;Marko Gobeljić\Marko-Gobeljic;rs SRB;DF;rs Red Star;29-020;1992;2.0;71;53;18;3;0;12;1;4;0;0;0;0;28;18;25;4;43;6;15;0;50;1;3;1;3;Matches
180;Amer Gojak\Amer-Gojak;ba BIH;MF;hr Dinamo Zagreb;24-232;1997;0.4;22;21;1;0;0;0;0;2;0;0;0;0;15;3;4;2;19;0;1;0;18;0;0;0;1;Matches
181;Connor Goldson\Connor-Goldson;eng ENG;DF;sct Rangers;28-289;1992;1.0;61;59;2;2;1;4;1;0;0;0;0;0;45;5;11;5;53;2;0;0;52;0;0;1;1;Matches
182;Aleksandr Golovin\Aleksandr-Golovin;ru RUS;FWMF;fr Monaco;25-126;1996;0.8;40;39;1;0;0;11;0;4;1;0;1;0;24;8;8;6;33;0;0;0;29;0;0;3;3;Matches
183;Claude Gonçalves\Claude-Goncalves;pt POR;MF;bg Ludogorets;27-177;1994;2.0;52;52;0;0;0;10;0;0;0;0;0;0;35;11;6;13;38;1;0;0;36;0;2;2;3;Matches
184;Álvaro González\Alvaro-Gonzalez;es ESP;DF;fr Marseille;31-268;1990;2.0;174;171;3;2;0;13;5;0;0;0;0;0;149;14;11;28;141;2;1;1;170;0;0;1;1;Matches
185;Édgar González\Edgar-Gonzalez;es ESP;DF;es Betis;24-185;1997;1.0;35;35;0;0;0;10;0;0;0;0;0;0;29;2;4;5;30;0;0;0;30;0;0;2;0;Matches
186;Mario González\Mario-Gonzalez;es ESP;FW;pt Braga;25-220;1996;0.7;16;14;2;0;0;4;0;0;0;0;0;0;9;3;4;0;13;0;0;0;11;0;0;2;1;Matches
187;Roberto González\Roberto-Gonzalez;es ESP;FWMF;es Betis;20-270;2001;0.2;6;6;0;0;0;0;0;0;0;0;0;0;5;1;0;4;1;1;0;0;6;0;0;0;0;Matches
188;Jon Gorenc Stanković\Jon-Gorenc-Stankovic;si SVN;MF;at Sturm Graz;25-262;1996;2.0;86;79;7;4;0;13;1;0;0;0;0;0;50;7;29;14;65;4;0;0;63;0;2;5;1;Matches
189;Andoni Gorosabel\Andoni-Gorosabel;es ESP;DFFW;es Real Sociedad;25-060;1996;0.4;28;24;4;0;0;5;0;0;0;0;0;0;20;3;5;2;21;0;4;0;22;0;0;3;2;Matches
190;Mario Götze\Mario-Gotze;de GER;MF;nl PSV Eindhoven;29-122;1992;1.9;124;121;3;1;1;24;3;5;0;0;0;0;80;24;20;14;100;3;2;4;100;0;3;1;4;Matches
191;Srđan Grahovac\Srdjan-Grahovac;ba BIH;MF;at Rapid Wien;29-014;1992;1.6;86;83;3;3;0;6;0;0;0;0;0;0;66;11;9;11;70;4;0;0;74;0;2;1;2;Matches
192;Leo Greiml\Leo-Greiml;at AUT;DF;at Rapid Wien;20-092;2001;1.6;66;65;1;1;0;3;2;0;0;0;0;0;44;3;19;11;52;3;0;0;52;0;0;0;0;Matches
193;Mathias Greve\Mathias-Greve;dk DEN;FW;dk Brøndby;26-234;1995;0.7;16;16;0;0;0;5;0;0;0;0;0;0;11;2;3;1;13;0;0;0;7;1;0;1;1;Matches
194;Marco Grüll\Marco-Grull;at AUT;MFFW;at Rapid Wien;23-089;1998;1.3;32;25;7;1;0;2;2;1;4;2;2;0;21;5;6;5;25;0;2;0;21;0;0;4;0;Matches
195;Andrés Guardado\Andres-Guardado;mx MEX;MF;es Betis;35-005;1986;1.8;93;89;4;4;0;8;7;0;0;0;0;0;62;12;19;74;12;5;0;0;79;2;1;0;1;Matches
196;Mattéo Guendouzi\Matteo-Guendouzi;fr FRA;MFDF;fr Marseille;22-172;1999;1.9;145;137;8;3;0;15;4;4;0;0;0;0;115;18;12;10;125;4;5;1;126;0;1;1;6;Matches
197;Ander Guevara\Ander-Guevara;es ESP;MF;es Real Sociedad;24-088;1997;1.7;68;68;0;0;0;18;2;0;0;0;0;0;43;13;12;13;43;8;0;0;53;2;0;6;2;Matches
198;Pape Gueye\Pape-Gueye;fr FRA;MF;fr Marseille;22-252;1999;1.1;92;92;0;0;0;10;1;0;0;0;0;0;71;12;9;80;9;2;0;0;80;0;3;2;1;Matches
199;Bruno Guimarães\Bruno-Guimaraes;br BRA;MF;fr Lyon;23-321;1997;1.0;72;69;3;3;0;12;6;2;0;0;0;0;53;10;9;6;64;1;0;1;62;0;3;2;1;Matches
200;Muhammed Gümüskaya\Muhammed-Gumuskaya;tr TUR;FWDF;tr Fenerbahçe;20-275;2001;0.3;13;10;3;0;0;0;2;1;0;0;0;0;6;3;4;8;1;1;3;0;11;0;0;0;1;Matches
201;Luiz Gustavo\Luiz-Gustavo;br BRA;MF;tr Fenerbahçe;34-072;1987;1.8;85;85;0;0;1;12;3;2;0;0;0;0;71;7;7;62;22;1;0;0;74;0;2;3;3;Matches
202;Malo Gusto\Malo-Gusto;fr FRA;DF;fr Lyon;18-137;2003;1.1;75;63;12;3;0;6;1;3;0;0;0;0;50;16;9;10;55;1;9;0;57;2;2;3;2;Matches
203;Erick Gutiérrez\Erick-Gutierrez;mx MEX;MF;nl PSV Eindhoven;26-110;1995;0.1;7;7;0;0;0;3;0;0;0;0;0;0;5;1;1;5;1;0;0;0;6;0;0;0;0;Matches
204;Ianis Hagi\Ianis-Hagi;ro ROU;FW;sct Rangers;22-346;1998;0.6;21;21;0;0;0;4;0;0;0;0;0;0;13;5;3;7;13;0;0;0;17;0;0;0;1;Matches
205;Dávid Hancko\David-Hancko;sk SVK;DF;cz Sparta Prague;23-294;1997;2.0;122;100;22;3;1;16;3;3;0;0;0;0;58;25;39;79;12;9;19;0;95;0;3;2;1;Matches
206;Lukáš Haraslín\Lukas-Haraslin;sk SVK;FW;cz Sparta Prague;25-130;1996;1.5;57;56;1;0;1;12;0;3;1;0;1;0;26;16;15;8;45;2;0;0;41;0;0;1;4;Matches
207;Amine Harit\Amine-Harit;ma MAR;FWMF;fr Marseille;24-107;1997;1.5;71;65;6;2;0;12;3;3;3;1;2;0;54;10;7;3;66;1;1;0;56;0;1;2;3;Matches
208;Joe Hart\Joe-Hart;eng ENG;GK;sct Celtic;34-167;1987;2.0;85;69;16;6;0;4;0;0;0;0;0;0;68;5;12;5;61;0;0;18;77;0;0;0;0;Matches
209;Makoto Hasebe\Makoto-Hasebe;jp JPN;DF;de Eint Frankfurt;37-258;1984;0.8;45;43;2;2;0;2;0;0;0;0;0;0;26;5;14;5;32;8;0;0;40;1;0;2;0;Matches
210;Simon Hedlund\Simon-Hedlund;se SWE;FW;dk Brøndby;28-206;1993;1.6;37;30;7;3;0;5;2;1;2;1;1;0;21;11;5;2;33;2;0;0;26;0;1;3;2;Matches
211;Henrik Heggheim\Henrik-Heggheim;no NOR;DF;dk Brøndby;20-164;2001;0.7;24;24;0;0;0;2;0;0;0;0;0;0;14;2;8;3;20;0;0;0;18;1;0;1;0;Matches
212;Jorrit Hendrix\Jorrit-Hendrix;nl NED;MF;ru Spartak Moscow;26-239;1995;0.8;34;34;0;0;0;6;0;0;0;0;0;0;28;3;3;26;7;1;0;0;28;0;0;3;0;Matches
213;Luis Henrique\Luis-Henrique;br BRA;FW;fr Marseille;19-293;2001;0.1;10;10;0;0;0;1;1;1;0;0;0;0;8;1;1;1;9;0;0;0;7;1;0;0;1;Matches
214;Mads Hermansen\Mads-Hermansen;dk DEN;GK;dk Brøndby;21-084;2000;2.0;87;58;29;6;0;4;2;0;0;0;0;0;36;4;47;5;70;0;0;10;58;0;3;2;0;Matches
215;Bryan Heynen\Bryan-Heynen;be BEL;MF;be Genk;24-239;1997;2.0;143;142;1;1;0;21;0;0;0;0;0;0;111;12;20;24;113;4;0;0;119;1;4;2;5;Matches
216;Stefan Hierländer\Stefan-Hierlander;at AUT;MF;at Sturm Graz;30-242;1991;1.9;46;46;0;0;0;13;1;4;0;0;0;0;28;5;13;1;41;2;0;0;24;0;2;3;3;Matches
217;Piero Hincapié\Piero-Hincapie;ec ECU;DF;de Leverkusen;19-267;2002;1.3;101;93;8;1;1;4;0;1;0;0;0;0;78;5;18;77;13;5;4;1;87;0;2;1;2;Matches
218;Martin Hinteregger\Martin-Hinteregger;at AUT;DF;de Eint Frankfurt;29-026;1992;2.0;91;85;6;4;0;8;4;0;0;0;0;0;59;10;22;67;15;4;2;1;74;2;3;2;1;Matches
219;Adam Hložek\Adam-Hlozek;cz CZE;FWMF;cz Sparta Prague;19-070;2002;2.0;50;50;0;0;1;22;1;0;0;0;0;0;28;13;9;11;31;3;0;3;32;1;1;3;3;Matches
220;Maximilian Hofmann\Maximilian-Hofmann;at AUT;DF;at Rapid Wien;28-057;1993;1.0;42;41;1;1;0;0;2;0;0;0;0;0;26;5;11;9;30;3;0;0;34;0;1;1;2;Matches
221;André Horta\Andre-Horta;pt POR;MF;pt Braga;24-330;1996;0.2;26;24;2;2;1;1;2;0;0;0;0;0;21;3;2;0;26;0;0;0;24;0;0;0;0;Matches
222;Ricardo Horta\Ricardo-Horta;pt POR;FWMF;pt Braga;27-018;1994;1.9;89;76;13;3;1;9;0;4;8;5;1;0;64;10;15;14;71;1;2;1;72;0;0;4;0;Matches
223;Lukáš Hrádecký\Lukas-Hradecky;fi FIN;GK;de Leverkusen;31-313;1989;2.0;88;73;15;5;0;6;1;0;0;0;0;0;57;3;28;16;54;0;0;17;70;0;0;1;0;Matches
224;Ajdin Hrustic\Ajdin-Hrustic;au AUS;MF;de Eint Frankfurt;25-090;1996;0.5;34;33;1;0;0;4;1;1;1;0;0;0;26;6;2;29;4;1;0;0;27;0;1;1;3;Matches
225;Elseid Hysaj\Elseid-Hysaj;al ALB;DF;it Lazio;27-225;1994;2.0;137;118;19;2;0;11;1;0;0;0;0;0;92;22;23;51;63;5;17;1;124;0;2;3;3;Matches
226;Borja Iglesias\Borja-Iglesias;es ESP;FW;es Betis;28-259;1993;1.6;36;30;6;0;0;6;1;0;0;0;0;0;26;5;5;6;24;4;0;1;32;0;0;0;0;Matches
227;Mikhail Ignatov\Mikhail-Ignatov;ru RUS;MF;ru Spartak Moscow;21-152;2000;0.2;11;10;1;1;0;0;0;0;0;0;0;0;10;1;0;1;10;0;0;0;9;0;0;0;1;Matches
228;Kelechi Iheanacho\Kelechi-Iheanacho;ng NGA;FW;eng Leicester City;25-000;1996;1.0;33;31;2;0;0;14;0;0;0;0;0;0;30;3;0;27;4;0;0;2;29;1;0;1;1;Matches
229;Jordan Ikoko\Jordan-Ikoko;cd COD;DF;bg Ludogorets;27-242;1994;0.2;21;16;5;0;0;0;0;1;0;0;0;0;8;6;7;1;15;0;5;0;14;0;0;1;1;Matches
230;Stefan Ilsanker\Stefan-Ilsanker;at AUT;DF;de Eint Frankfurt;32-138;1989;0.2;7;6;1;0;0;0;0;0;0;0;0;0;5;1;1;1;5;0;1;0;6;0;0;0;0;Matches
231;Ciro Immobile\Ciro-Immobile;it ITA;FW;it Lazio;31-225;1990;1.1;25;24;1;0;1;1;0;0;0;0;0;0;18;4;3;3;21;1;0;0;18;1;1;1;1;Matches
232;Lorenzo Insigne\Lorenzo-Insigne;it ITA;FW;it Napoli;30-121;1991;1.3;74;66;8;2;1;11;4;3;4;2;1;0;42;14;18;0;70;1;2;1;57;1;3;1;3;Matches
233;Alexander Isak\Alexander-Isak;se SWE;FW;es Real Sociedad;22-012;1999;0.9;15;12;3;0;0;6;1;1;0;0;0;0;11;1;3;4;10;0;0;1;13;0;0;0;0;Matches
234;Gustav Isaksen\Gustav-Isaksen;dk DEN;FW;dk Midtjylland;20-167;2001;1.6;25;24;1;0;0;2;2;4;1;0;1;0;15;4;6;17;6;2;0;0;21;0;0;1;0;Matches
235;Wilson Isidor\Wilson-Isidor;fr FRA;FW;fr Monaco;21-037;2000;0.5;7;7;0;0;0;2;0;0;0;0;0;0;2;3;2;0;4;3;0;0;5;0;0;0;0;Matches
236;Junya Ito\Junya-Ito;jp JPN;FW;be Genk;28-208;1993;1.8;75;72;3;0;0;14;2;8;1;0;0;0;44;16;15;5;64;2;2;0;50;0;2;1;8;Matches
237;Mirko Ivanić\Mirko-Ivanic;me MNE;MF;rs Red Star;28-020;1993;2.0;63;62;1;1;1;21;1;0;0;0;0;0;45;8;10;6;52;5;0;0;47;0;4;3;5;Matches
238;Luka Ivanušec\Luka-Ivanusec;hr CRO;MF;hr Dinamo Zagreb;22-311;1998;1.8;75;74;1;0;0;16;0;1;0;0;0;0;64;9;2;6;66;2;0;0;64;1;2;1;2;Matches
239;Lukas Jäger\Lukas-Jager;at AUT;DF;at Sturm Graz;27-233;1994;0.2;18;14;4;0;0;3;0;0;0;0;0;0;8;8;2;0;13;1;4;0;13;0;0;2;1;Matches
240;Kristijan Jakić\Kristijan-Jakic;hr CRO;MF;de Eint Frankfurt;24-142;1997;2.0;80;77;3;2;1;19;0;0;0;0;0;0;51;16;13;3;64;7;1;1;68;1;0;4;0;Matches
241;Ismail Jakobs\Ismail-Jakobs;de GER;DF;fr Monaco;22-047;1999;0.5;52;42;10;0;0;5;1;1;2;0;2;0;36;8;8;40;3;0;8;0;44;0;2;1;1;Matches
242;Jakob Jantscher\Jakob-Jantscher;at AUT;FW;at Sturm Graz;32-268;1989;1.4;30;25;5;2;0;4;1;2;1;0;0;1;21;3;6;4;23;3;0;0;22;0;0;1;0;Matches
243;Adnan Januzaj\Adnan-Januzaj;be BEL;FW;es Real Sociedad;26-240;1995;1.9;68;54;14;7;0;11;2;2;6;1;2;2;44;8;16;60;6;1;1;0;46;1;3;4;1;Matches
244;Artur Jędrzejczyk\Artur-Jedrzejczyk;pl POL;DF;pl Legia Warsaw;33-333;1987;2.0;86;83;3;1;0;12;2;1;0;0;0;0;60;7;19;10;70;3;2;0;71;0;2;1;2;Matches
245;Tin Jedvaj\Tin-Jedvaj;hr CRO;DF;ru Loko Moscow;25-309;1995;1.0;38;30;8;1;0;0;0;0;0;0;0;0;24;7;7;7;20;4;7;0;29;0;0;2;1;Matches
246;Juan Jesus\Juan-Jesus;br BRA;DF;it Napoli;30-115;1991;0.1;8;6;2;0;0;1;0;0;0;0;0;0;4;1;3;6;0;0;2;0;6;0;0;0;0;Matches
247;Joaquín\Joaquin;es ESP;FW;es Betis;40-074;1981;1.2;51;47;4;1;1;11;0;1;2;1;0;0;43;3;5;4;46;0;1;0;45;0;1;0;3;Matches
248;Mattias Johansson\Mattias-Johansson;se SWE;DF;pl Legia Warsaw;29-229;1992;1.9;84;66;18;1;0;13;1;2;0;0;0;0;50;20;14;18;43;3;17;0;62;0;0;7;7;Matches
249;Ben Johnson\Ben-Johnson;eng ENG;DF;eng West Ham;21-252;2000;1.0;64;53;11;1;0;11;1;0;0;0;0;0;26;15;23;6;45;1;10;0;47;2;1;1;5;Matches
250;Willian José\Willian-Jose;br BRA;FW;es Betis;29-314;1991;0.4;20;20;0;0;0;3;0;1;0;0;0;0;16;4;0;2;17;0;0;1;19;0;0;0;0;Matches
251;Jota\Jota;pt POR;FW;sct Celtic;22-187;1999;2.0;85;77;8;3;0;16;4;10;1;0;0;0;61;9;15;17;62;1;4;0;66;0;0;3;2;Matches
252;Juanmi\Juanmi;es ESP;FW;es Betis;28-136;1993;1.0;18;16;2;0;0;4;1;0;0;0;0;0;9;7;2;1;13;1;2;0;15;0;0;1;1;Matches
253;Juninho\Juninho;br BRA;DF;dk Midtjylland;25-281;1995;1.9;100;97;3;3;0;6;3;0;0;0;0;0;72;9;19;78;13;7;0;0;80;0;0;3;3;Matches
254;Mauro Júnior\Mauro-Junior;br BRA;MF;nl PSV Eindhoven;22-150;1999;0.0;3;3;0;0;0;1;0;0;0;0;0;0;2;1;0;3;0;0;0;0;2;0;1;0;0;Matches
255;Josip Juranović\Josip-Juranovic;hr CRO;DF;sct Celtic;26-048;1995;1.0;54;49;5;1;0;9;1;1;0;0;0;0;35;12;7;3;46;1;4;0;41;0;0;0;4;Matches
256;Deni Jurić\Deni-Juric;au AUS;FW;hr Dinamo Zagreb;24-030;1997;0.5;11;10;1;0;0;0;0;1;0;0;0;0;5;5;1;3;7;1;0;0;8;0;0;0;0;Matches
257;Tino Kadewere\Tino-Kadewere;zw ZIM;FW;fr Lyon;25-271;1996;0.1;0;0;0;0;0;0;0;0;0;0;0;0;0;0;0;0;0;0;0;0;0;0;0;0;0;Matches
258;Ferdi Kadioglu\Ferdi-Kadioglu;nl NED;DF;tr Fenerbahçe;21-361;1999;1.8;96;73;23;1;0;17;0;5;0;0;0;0;55;27;14;7;62;2;22;1;69;0;4;6;4;Matches
259;Kristijan Kahlina\Kristijan-Kahlina;hr CRO;GK;bg Ludogorets;29-071;1992;2.0;93;70;23;3;0;6;2;0;0;0;0;0;46;5;42;5;70;0;0;12;57;4;5;1;0;Matches
260;Daichi Kamada\Daichi-Kamada;jp JPN;MFFW;de Eint Frankfurt;25-059;1996;1.5;55;50;5;0;0;5;4;1;2;1;0;0;36;9;10;7;41;4;2;1;45;1;1;0;4;Matches
261;François Kamano\Francois-Kamano;gn GUI;FW;ru Loko Moscow;25-155;1996;0.8;9;9;0;0;0;1;0;1;0;0;0;0;7;0;2;2;7;0;0;0;6;0;1;1;0;Matches
262;Boubacar Kamara\Boubacar-Kamara;fr FRA;MF;fr Marseille;21-314;1999;1.0;117;113;4;4;0;21;3;0;0;0;0;0;99;5;13;13;102;1;0;0;110;0;0;3;2;Matches
263;Glen Kamara\Glen-Kamara;fi FIN;MF;sct Rangers;25-340;1995;1.8;87;84;3;2;0;14;2;0;0;0;0;0;73;5;9;12;68;4;1;1;79;0;0;2;1;Matches
264;Guélor Kanga\Guelor-Kanga;ga GAB;MF;rs Red Star;31-032;1990;1.8;102;90;12;4;0;26;9;0;8;6;1;0;66;11;25;5;93;3;0;0;81;1;2;5;1;Matches
265;Ercan Kara\Ercan-Kara;at AUT;FW;at Rapid Wien;25-273;1996;1.7;33;30;3;0;0;9;0;1;0;0;0;0;16;5;12;2;20;6;0;1;20;0;0;2;2;Matches
266;Michał Karbownik\Michal-Karbownik;pl POL;DF;gr Olympiacos;20-204;2001;1.0;44;34;10;0;0;3;0;0;0;0;0;0;20;16;8;3;30;1;10;0;35;0;2;3;2;Matches
267;Jon Karrikaburu\Jon-Karrikaburu;es ESP;FW;es Real Sociedad;19-014;2002;0.0;1;1;0;0;0;1;0;0;0;0;0;0;0;0;1;0;1;0;0;0;1;0;0;0;0;Matches
268;Lirim Kastrati\Lirim-Kastrati;xk KVX;MF;pl Legia Warsaw;22-260;1999;0.6;12;12;0;0;0;2;0;1;0;0;0;0;9;1;2;2;10;0;0;0;7;0;1;0;2;Matches
269;Aleksandar Katai\Aleksandar-Katai;rs SRB;FW;rs Red Star;30-239;1991;0.9;37;35;2;0;0;11;2;5;0;0;0;0;25;7;5;7;27;1;1;0;27;0;1;0;2;Matches
270;Habib Keita\Habib-Keita;ml MLI;MF;fr Lyon;19-240;2002;0.1;16;16;0;0;0;0;0;0;0;0;0;0;15;1;0;14;2;0;0;0;15;0;0;1;0;Matches
271;Ryan Kent\Ryan-Kent;eng ENG;FW;sct Rangers;24-326;1996;0.8;31;28;3;0;0;2;0;2;0;0;0;0;24;4;3;6;23;2;0;0;25;0;1;2;0;Matches
272;Gyrano Kerk\Gyrano-Kerk;nl NED;FWMF;ru Loko Moscow;25-305;1995;0.4;9;9;0;0;0;0;0;0;0;0;0;0;5;4;0;0;8;1;0;0;5;0;0;0;0;Matches
273;Ihor Kharatin\Ihor-Kharatin;ua UKR;MF;pl Legia Warsaw;26-243;1995;1.6;56;52;4;4;0;10;4;0;0;0;0;0;28;10;18;7;42;5;0;1;44;0;0;2;1;Matches
274;Emre Kılınç\Emre-Kilinc;tr TUR;FWMF;tr Galatasaray;27-041;1994;0.4;9;9;0;0;0;2;0;0;0;0;0;0;9;0;0;9;0;0;0;0;7;0;0;1;1;Matches
275;Koya Kitagawa\Koya-Kitagawa;jp JPN;FW;at Rapid Wien;25-069;1996;0.3;5;4;1;0;0;1;0;0;0;0;0;0;4;0;1;0;5;0;0;0;5;0;0;0;0;Matches
276;Otar Kiteishvili\Otar-Kiteishvili;ge GEO;MF;at Sturm Graz;25-191;1996;1.7;68;66;2;1;0;17;1;0;0;0;0;0;57;5;6;15;48;1;1;1;53;0;2;4;2;Matches
277;Christoph Knasmüllner\Christoph-Knasmullner;at AUT;MFFW;at Rapid Wien;29-156;1992;1.2;62;61;1;0;0;4;1;0;1;1;0;0;48;6;8;7;51;2;0;1;57;0;0;1;0;Matches
278;Odilon Kossonou\Odilon-Kossonou;ci CIV;DF;de Leverkusen;20-272;2001;1.0;80;79;1;0;0;3;0;0;0;0;0;0;72;6;2;9;66;3;1;0;80;0;0;0;0;Matches
279;Filip Kostić\Filip-Kostic;rs SRB;DFMF;de Eint Frankfurt;28-336;1992;2.0;95;71;24;2;0;10;5;16;10;3;2;2;38;31;26;74;5;3;12;0;52;1;2;4;9;Matches
280;Kalidou Koulibaly\Kalidou-Koulibaly;sn SEN;DF;it Napoli;30-105;1991;2.0;124;119;5;5;0;14;3;0;0;0;0;0;95;13;16;42;76;3;0;2;105;1;2;0;2;Matches
281;Nenad Krstičić\Nenad-Krsticic;rs SRB;MFFW;rs Red Star;31-092;1990;0.3;6;6;0;0;0;1;0;0;0;0;0;0;3;1;2;2;1;2;0;1;6;0;0;0;0;Matches
282;Andreas Kuen\Andreas-Kuen;at AUT;MF;at Sturm Graz;26-193;1995;0.5;11;10;1;0;0;5;0;1;0;0;0;0;8;2;1;9;1;0;1;0;9;0;1;1;0;Matches
283;Daniil Kulikov\Daniil-Kulikov;ru RUS;MF;ru Loko Moscow;23-101;1998;1.6;65;59;6;3;0;6;5;3;3;2;1;0;39;8;18;9;54;2;0;0;55;0;1;4;0;Matches
284;Pierre Kunde\Pierre-Kunde;cm CMR;MF;gr Olympiacos;26-069;1995;0.4;32;31;1;1;0;3;3;2;0;0;0;0;26;3;3;3;28;1;0;0;28;0;0;3;0;Matches
285;Berkan Kutlu\Berkan-Kutlu;tr TUR;MF;tr Galatasaray;23-251;1998;2.0;70;67;3;2;0;10;2;0;0;0;0;0;57;5;8;48;18;2;1;1;60;0;0;2;1;Matches
286;Aïssa Laïdouni\Aissa-Laidouni;tn TUN;MF;hu Ferencváros;24-294;1996;1.0;30;29;1;1;0;3;1;0;0;0;0;0;23;3;4;6;22;2;0;0;29;0;0;0;0;Matches
287;Kenny Lala\Kenny-Lala;fr FRA;DF;gr Olympiacos;30-000;1991;0.5;30;26;4;0;0;2;0;0;0;0;0;0;18;7;5;4;21;1;4;0;26;0;0;0;1;Matches
288;Sam Lammers\Sam-Lammers;nl NED;FW;de Eint Frankfurt;24-156;1997;1.8;50;50;0;0;0;15;0;0;0;0;0;0;24;13;13;16;19;4;0;1;28;0;0;3;2;Matches
289;Christoph Lang\Christoph-Lang;at AUT;MF;at Sturm Graz;19-269;2002;0.1;5;5;0;0;0;0;0;0;0;0;0;0;2;2;1;1;3;1;0;0;4;0;0;1;0;Matches
290;Manuel Lanzini\Manuel-Lanzini;ar ARG;MF;eng West Ham;28-230;1993;0.9;33;31;2;1;0;2;0;1;0;0;0;0;26;4;3;3;30;0;0;0;30;0;0;0;1;Matches
291;Jordan Larsson\Jordan-Larsson;se SWE;FW;ru Spartak Moscow;24-105;1997;0.9;24;21;3;0;0;3;0;1;3;2;0;1;19;1;4;23;1;0;0;0;19;0;0;0;0;Matches
292;Rasmus Lauritsen\Rasmus-Lauritsen;dk DEN;DF;hr Dinamo Zagreb;25-218;1996;2.0;98;95;3;0;0;3;1;0;0;0;0;0;76;2;20;26;69;1;0;0;85;1;1;0;1;Matches
293;Manuel Lazzari\Manuel-Lazzari;it ITA;DF;it Lazio;27-308;1993;1.8;106;77;29;1;0;11;2;5;0;0;0;0;58;36;12;10;67;1;28;0;92;0;2;4;0;Matches
294;Robin Le Normand\Robin-Le-Normand;fr FRA;DF;es Real Sociedad;24-326;1996;0.7;23;22;1;1;0;3;1;0;0;0;0;0;17;2;4;4;16;1;0;0;19;0;1;2;0;Matches
295;Diogo Leite\Diogo-Leite;pt POR;DF;pt Braga;22-253;1999;2.0;138;131;7;5;0;5;3;0;0;0;0;0;102;10;26;110;14;9;2;0;119;0;1;4;0;Matches
296;Lucas Leiva\Lucas-Leiva;br BRA;MF;it Lazio;34-267;1987;1.3;80;78;2;2;1;10;0;0;0;0;0;0;64;10;6;7;69;4;0;0;77;0;0;0;0;Matches
297;Marin Leovac\Marin-Leovac;hr CRO;DF;hr Dinamo Zagreb;33-057;1988;0.2;26;24;2;0;0;5;1;1;0;0;0;0;19;1;6;17;7;0;2;0;21;0;0;1;0;Matches
298;Victor Lind\Victor-Lind;dk DEN;FW;dk Midtjylland;18-113;2003;0.3;4;4;0;0;0;3;0;0;0;0;0;0;4;0;0;1;3;0;0;0;3;0;0;0;1;Matches
299;Jesper Lindstrøm\Jesper-Lindstrom;dk DEN;FW;de Eint Frankfurt;21-216;2000;0.2;6;6;0;0;0;0;0;1;0;0;0;0;3;2;1;0;6;0;0;0;3;0;0;0;1;Matches
300;Pol Lirola\Pol-Lirola;es ESP;DF;fr Marseille;24-051;1997;1.1;63;52;11;0;0;7;3;5;0;0;0;0;31;20;12;3;48;0;11;0;49;2;0;1;3;Matches
301;Vitaly Lisakovich\Vitaly-Lisakovich;by BLR;FW;ru Loko Moscow;23-237;1998;0.3;6;6;0;0;0;1;0;0;0;0;0;0;5;0;1;1;4;1;0;0;4;0;0;0;0;Matches
302;Ruslan Litvinov\Ruslan-Litvinov;ru RUS;MF;ru Spartak Moscow;20-046;2001;0.8;49;49;0;0;0;3;2;0;0;0;0;0;38;8;3;5;41;2;0;0;45;0;1;1;0;Matches
303;Dominik Livaković\Dominik-Livakovic;hr CRO;GK;hr Dinamo Zagreb;26-267;1995;2.0;49;32;17;4;0;0;0;0;0;0;0;0;29;2;18;1;38;0;0;7;38;0;2;0;0;Matches
304;Ivan Ljubic\Ivan-Ljubic;at AUT;MF;at Sturm Graz;25-088;1996;1.5;40;40;0;0;0;9;1;0;0;0;0;0;31;5;4;5;31;3;0;1;32;0;0;3;1;Matches
305;Robert Ljubicic\Robert-Ljubicic;at AUT;MF;at Rapid Wien;22-081;1999;0.1;9;9;0;0;0;3;0;0;0;0;0;0;5;3;1;8;1;0;0;0;7;0;0;1;1;Matches
306;Aleksandr Lomovitskiy\Aleksandr-Lomovitskiy;ru RUS;DFMF;ru Spartak Moscow;23-249;1998;0.3;15;13;2;0;0;1;0;1;0;0;0;0;7;5;3;10;0;3;2;0;11;0;0;1;0;Matches
307;Stjepan Lončar\Stjepan-Loncar;ba BIH;MF;hu Ferencváros;24-327;1996;0.9;29;29;0;0;0;11;1;2;0;0;0;0;17;5;7;24;5;0;0;0;22;0;0;2;0;Matches
308;Ademola Lookman\Ademola-Lookman;eng ENG;FW;eng Leicester City;23-348;1997;0.4;15;15;0;0;0;2;0;0;0;0;0;0;12;1;2;2;12;1;0;0;13;0;0;1;0;Matches
309;Anthony Lopes\Anthony-Lopes;pt POR;GK;fr Lyon;31-002;1990;2.0;60;40;20;3;0;4;3;0;0;0;0;0;39;4;17;40;16;1;0;3;53;0;1;0;0;Matches
310;Rafael Lopes\Rafael-Lopes;pt POR;MF;pl Legia Warsaw;30-067;1991;0.1;6;6;0;0;2;1;0;0;0;0;0;0;4;0;2;0;5;1;0;0;5;1;0;0;0;Matches
311;Pau López\Pau-Lopez;es ESP;GK;fr Marseille;26-294;1994;2.0;52;43;9;2;0;3;1;0;0;0;0;0;43;1;8;24;17;0;0;11;46;0;3;0;0;Matches
312;Hirving Lozano\Hirving-Lozano;mx MEX;FWMF;it Napoli;26-065;1995;0.9;16;16;0;0;0;5;0;1;0;0;0;0;13;3;0;0;15;0;0;0;10;0;0;0;2;Matches
313;Ayrton Lucas\Ayrton-Lucas;br BRA;DF;ru Spartak Moscow;24-106;1997;1.8;80;70;10;0;0;11;1;3;0;0;0;0;57;18;5;55;12;3;10;0;67;0;1;2;3;Matches
314;Jean Lucas\Jean-Lucas;br BRA;MF;fr Monaco;23-103;1998;1.0;39;37;2;2;0;15;1;0;0;0;0;0;31;3;5;4;32;0;0;0;33;0;0;3;1;Matches
315;Jhon Lucumí\Jhon-Lucumi;co COL;DF;be Genk;23-099;1998;2.0;129;118;11;10;0;16;3;0;0;0;0;0;102;12;15;87;32;5;0;2;118;0;2;1;1;Matches
316;John Lundstram\John-Lundstram;eng ENG;MF;sct Rangers;27-227;1994;1.2;70;68;2;2;0;4;1;0;0;0;0;0;55;3;12;25;41;3;0;0;60;0;2;3;1;Matches
317;Luquinhas\Luquinhas;br BRA;MF;pl Legia Warsaw;25-005;1996;0.9;21;21;0;0;0;4;1;0;0;0;0;0;15;3;3;4;17;0;0;0;16;0;0;2;1;Matches
318;Christian Luyindama\Christian-Luyindama;cd COD;DFMF;tr Galatasaray;27-268;1994;0.1;4;4;0;0;0;0;0;0;0;0;0;0;2;1;1;0;3;1;0;0;3;0;0;0;0;Matches
319;Yann M'Vila\Yann-MVila;fr FRA;MF;gr Olympiacos;31-096;1990;0.8;39;39;0;0;0;2;0;1;0;0;0;0;26;3;10;1;36;2;0;0;29;0;2;1;1;Matches
320;Awer Mabil\Awer-Mabil;au AUS;FW;dk Midtjylland;26-018;1995;0.2;12;12;0;0;0;1;0;1;0;0;0;0;6;3;3;1;9;1;0;1;8;0;0;1;1;Matches
321;Mahir Madatov\Mahir-Madatov;az AZE;FW;pl Legia Warsaw;24-094;1997;1.8;33;31;2;0;0;5;0;1;0;0;0;0;24;4;5;21;7;4;0;0;27;0;0;1;1;Matches
322;James Maddison\James-Maddison;eng ENG;MF;eng Leicester City;24-314;1996;0.4;22;19;3;2;1;1;0;2;1;0;0;1;16;0;6;3;19;0;0;0;18;1;0;0;1;Matches
323;Chukwunonso Madueke\Chukwunonso-Madueke;eng ENG;FW;nl PSV Eindhoven;19-207;2002;0.7;27;27;0;0;0;2;0;1;0;0;0;0;22;3;2;22;3;1;0;1;21;0;0;1;0;Matches
324;Stanislav Magkeev\Stanislav-Magkeev;ru RUS;DF;ru Loko Moscow;22-190;1999;1.0;58;54;4;3;0;2;0;0;0;0;0;0;45;6;7;4;52;0;1;1;54;0;0;0;0;Matches
325;Aleksandr Maksimenko\Aleksandr-Maksimenko;ru RUS;GK;ru Spartak Moscow;23-198;1998;2.0;59;40;19;6;0;3;2;0;0;0;0;0;26;2;31;35;17;0;0;7;40;0;4;0;0;Matches
326;Kévin Malcuit\Kevin-Malcuit;ma MAR;DF;it Napoli;30-064;1991;1.5;74;53;21;1;0;11;2;4;0;0;0;0;39;20;15;3;48;1;20;1;58;2;2;1;1;Matches
327;Kostas Manolas\Kostas-Manolas;gr GRE;DF;it Napoli;30-111;1991;1.0;46;42;4;3;0;1;0;0;0;0;0;0;41;3;2;6;39;1;0;0;43;0;0;1;1;Matches
328;Elvis Manu\Elvis-Manu;nl NED;FW;bg Ludogorets;28-051;1993;0.6;4;2;2;0;0;0;0;0;0;0;0;0;4;0;0;1;3;0;0;0;4;0;0;0;0;Matches
329;Benson Manuel\Benson-Manuel;be BEL;MF;be Antwerp;24-189;1997;1.1;27;25;2;0;0;7;0;4;0;0;0;0;18;6;3;17;8;0;1;0;24;0;0;1;0;Matches
330;Konstantin Maradishvili\Konstantin-Maradishvili;ru RUS;MF;ru Loko Moscow;21-238;2000;1.2;41;35;6;2;0;1;0;0;1;0;0;0;28;7;6;5;31;1;3;0;30;0;0;2;3;Matches
331;Marcão\Marcao;br BRA;DF;tr Galatasaray;25-120;1996;2.0;120;115;5;5;0;9;6;0;0;0;0;0;96;5;19;105;12;3;0;0;105;0;5;2;1;Matches
332;Guilherme Marinato\Guilherme-Marinato;ru RUS;GK;ru Loko Moscow;35-295;1985;2.0;67;46;21;3;0;1;1;0;0;0;0;0;41;3;23;4;50;0;0;11;56;0;1;1;0;Matches
333;Guillermo Maripán\Guillermo-Maripan;cl CHI;DF;fr Monaco;27-150;1994;1.2;87;85;2;2;0;9;7;0;0;0;0;0;76;3;8;11;75;0;0;0;77;0;1;2;2;Matches
334;Marrony\Marrony;br BRA;FW;dk Midtjylland;22-240;1999;0.2;4;4;0;0;0;0;0;0;0;0;0;0;3;1;0;3;1;0;0;0;3;0;0;0;1;Matches
335;Jens Martin Gammelby\Jens-Martin-Gammelby;dk DEN;DF;dk Brøndby;26-240;1995;0.7;23;16;7;0;0;6;1;1;0;0;0;0;9;9;5;4;12;0;7;0;16;0;2;4;0;Matches
336;André Martins\Andre-Martins;pt POR;MF;pl Legia Warsaw;31-255;1990;0.8;26;26;0;0;0;6;0;0;0;0;0;0;17;4;5;0;24;0;0;0;23;0;0;0;1;Matches
337;Fábio Martins\Fabio-Martins;pt POR;MF;pt Braga;28-071;1993;0.1;3;2;1;0;0;0;0;1;1;0;1;0;1;0;2;0;3;0;0;0;1;0;0;0;0;Matches
338;Gelson Martins\Gelson-Martins;pt POR;MF;fr Monaco;26-145;1995;0.5;25;25;0;0;0;4;0;0;0;0;0;0;21;3;1;1;23;1;0;0;23;0;0;0;0;Matches
339;Adam Marušić\Adam-Marusic;me MNE;DF;it Lazio;28-351;1992;0.2;9;7;2;0;0;0;0;0;0;0;0;0;7;1;1;1;6;0;2;0;9;0;0;0;0;Matches
340;Giorgos Masouras\Giorgos-Masouras;gr GRE;MFFW;gr Olympiacos;27-275;1994;1.0;29;25;4;0;1;5;1;2;4;1;1;1;18;4;7;5;21;1;0;1;17;0;0;2;2;Matches
341;Arthur Masuaku\Arthur-Masuaku;cd COD;FW;eng West Ham;27-330;1993;0.1;10;9;1;0;0;3;0;0;0;0;0;0;8;2;0;7;1;1;1;0;9;0;0;0;0;Matches
342;Eliot Matazo\Eliot-Matazo;be BEL;MF;fr Monaco;19-230;2002;0.8;54;52;2;2;0;7;4;0;0;0;0;0;41;4;9;6;47;1;0;0;50;0;1;1;0;Matches
343;Matheus\Matheus;br BRA;GK;pt Braga;29-076;1992;2.0;78;55;23;3;0;2;2;0;0;0;0;0;43;6;29;1;63;0;0;13;64;0;1;0;0;Matches
344;Philipp Max\Philipp-Max;de GER;DF;nl PSV Eindhoven;28-003;1993;2.0;140;106;34;4;0;14;3;6;3;0;1;0;88;32;20;89;22;1;27;0;121;1;2;3;0;Matches
345;Andreas Maxsø\Andreas-Maxso;dk DEN;DF;dk Brøndby;27-199;1994;2.0;70;69;1;1;0;4;0;0;0;0;0;0;49;11;10;9;49;10;0;0;59;0;2;2;0;Matches
346;James McCarthy\James-McCarthy;ie IRL;MF;sct Celtic;30-325;1990;0.7;60;57;3;3;0;7;0;0;0;0;0;0;45;7;8;20;36;3;0;1;52;0;0;1;1;Matches
347;Allan McGregor\Allan-McGregor;sct SCO;GK;sct Rangers;39-245;1982;2.0;70;52;18;5;0;1;8;0;0;0;0;0;42;3;25;4;56;0;0;9;56;0;3;0;0;Matches
348;Callum McGregor\Callum-McGregor;sct SCO;MF;sct Celtic;28-111;1993;0.7;51;49;2;2;0;7;1;0;0;0;0;0;46;3;2;39;9;2;0;0;47;0;1;2;0;Matches
349;Mark McKenzie\Mark-McKenzie;us USA;MF;be Genk;22-220;1999;0.0;0;0;0;0;0;0;0;0;0;0;0;0;0;0;0;0;0;0;0;0;0;0;0;0;0;Matches
350;Iuri Medeiros\Iuri-Medeiros;pt POR;FW;pt Braga;27-085;1994;0.3;11;11;0;0;0;0;2;0;0;0;0;0;5;3;3;11;0;0;0;0;8;0;0;1;0;Matches
351;Luka Menalo\Luka-Menalo;ba BIH;FWDF;hr Dinamo Zagreb;25-073;1996;0.3;7;7;0;0;0;3;1;1;0;0;0;0;6;0;1;1;6;0;0;0;5;0;0;0;1;Matches
352;Thiago Mendes\Thiago-Mendes;br BRA;MF;fr Lyon;29-202;1992;1.0;113;109;4;3;0;18;6;1;0;0;0;0;93;2;18;9;100;1;1;1;96;1;0;8;1;Matches
353;Kevin Mensah\Kevin-Mensah;dk DEN;DF;dk Brøndby;30-141;1991;1.3;51;42;9;0;0;2;1;2;0;0;0;0;30;14;7;12;29;0;9;0;41;1;1;3;0;Matches
354;Alex Meret\Alex-Meret;it ITA;GK;it Napoli;24-195;1997;1.0;26;17;9;2;0;2;0;0;0;0;0;0;16;1;9;17;6;0;0;1;20;0;0;0;0;Matches
355;Mikel Merino\Mikel-Merino;es ESP;MF;es Real Sociedad;25-103;1996;2.0;105;104;1;1;0;29;0;1;0;0;0;0;64;21;20;79;9;6;0;1;79;1;1;3;3;Matches
356;Max Meyer\Max-Meyer;de GER;MF;tr Fenerbahçe;26-015;1995;0.3;23;23;0;0;0;3;0;0;0;0;0;0;16;4;3;8;12;2;0;0;21;0;0;0;0;Matches
357;Arkadiusz Milik\Arkadiusz-Milik;pl POL;FW;fr Marseille;27-217;1994;0.3;8;8;0;0;0;1;1;0;0;0;0;0;3;4;1;6;2;0;0;0;7;0;0;1;0;Matches
358;Sergej Milinković-Savić\Sergej-Milinkovic-Savic;rs SRB;MF;it Lazio;26-218;1995;0.7;60;57;3;2;0;5;2;1;0;0;0;0;42;12;6;7;48;3;1;1;50;1;2;3;0;Matches
359;Kim Min-jae\Kim-Min-jae;kr KOR;DF;tr Fenerbahçe;24-322;1996;2.0;108;104;4;3;0;10;3;0;0;0;0;0;78;14;16;27;68;9;1;0;94;0;1;2;1;Matches
360;Martin Minchev\Martin-Minchev;bg BUL;FW;cz Sparta Prague;20-164;2001;0.8;12;11;1;0;0;6;0;1;0;0;0;0;6;4;2;2;7;1;0;1;9;0;1;0;1;Matches
361;Lucas Mineiro\Lucas-Mineiro;br BRA;MF;pt Braga;25-221;1996;1.1;50;45;5;5;0;5;3;0;0;0;0;0;43;2;5;38;10;1;0;0;45;0;0;2;1;Matches
362;Juan Miranda\Juan-Miranda;es ESP;DF;es Betis;21-257;2000;0.8;27;24;3;1;0;7;1;4;0;0;0;0;15;7;5;22;1;1;2;0;18;0;1;0;0;Matches
363;Josip Mišić\Josip-Misic;hr CRO;MF;hr Dinamo Zagreb;27-097;1994;1.8;106;101;5;2;0;18;3;2;3;0;1;0;81;11;14;25;77;3;0;0;92;0;1;2;1;Matches
364;Cezary Miszta\Cezary-Miszta;pl POL;GK;pl Legia Warsaw;19-338;2001;1.0;34;18;16;5;0;1;0;0;0;0;0;0;9;2;23;6;23;0;0;3;14;0;1;0;0;Matches
365;Koji Miyoshi\Koji-Miyoshi;jp JPN;MFFW;be Antwerp;24-191;1997;0.9;31;28;3;1;0;4;1;2;2;2;0;0;16;5;10;21;7;1;0;1;23;0;0;1;1;Matches
366;Filip Mladenović\Filip-Mladenovic;rs SRB;DF;pl Legia Warsaw;30-049;1991;2.0;79;53;26;3;0;6;5;5;4;0;3;0;30;23;26;50;10;0;19;0;56;0;0;2;1;Matches
367;Ryan Mmaee\Ryan-Mmaee;ma MAR;FW;hu Ferencváros;23-336;1997;2.0;43;39;4;0;0;10;0;0;0;0;0;0;28;12;3;3;35;2;0;0;35;0;0;3;1;Matches
368;Samy Mmaee\Samy-Mmaee;ma MAR;DF;hu Ferencváros;25-025;1996;2.0;93;91;2;1;0;3;3;0;0;0;0;0;77;1;15;5;85;2;0;1;80;0;1;4;0;Matches
369;David Moberg Karlsson\David-Moberg-Karlsson;se SWE;FW;cz Sparta Prague;27-197;1994;0.5;13;7;6;0;0;2;0;0;2;1;1;0;4;6;3;7;2;0;4;0;10;0;0;0;1;Matches
370;Mostafa Mohamed\Mostafa-Mohamed;eg EGY;FW;tr Galatasaray;23-309;1997;0.0;0;0;0;0;0;0;0;0;0;0;0;0;0;0;0;0;0;0;0;0;0;0;0;0;0;Matches
371;Sadegh Moharrami\Sadegh-Moharrami;ir IRN;DF;hr Dinamo Zagreb;25-216;1996;0.3;12;11;1;0;0;3;0;1;0;0;0;0;4;7;1;0;11;0;1;0;9;0;1;1;0;Matches
372;Adam Montgomery\Adam-Montgomery;sct SCO;DFFW;sct Celtic;19-077;2002;2.0;92;87;5;0;0;15;0;2;0;0;0;0;78;8;6;73;12;2;5;0;78;0;1;4;3;Matches
373;Martín Montoya\Martin-Montoya;es ESP;DF;es Betis;30-172;1991;2.0;96;81;15;1;0;13;1;3;0;0;0;0;58;21;17;12;64;4;14;0;80;0;2;2;0;Matches
374;Alfredo Morelos\Alfredo-Morelos;co COL;FW;sct Rangers;25-104;1996;1.3;32;32;0;0;0;14;1;0;0;0;0;0;24;3;5;6;22;1;0;3;26;0;0;2;0;Matches
375;Álex Moreno\Alex-Moreno;es ESP;DF;es Betis;28-117;1993;1.2;81;70;11;0;0;10;0;3;0;0;0;0;50;17;14;63;2;3;11;0;65;0;1;2;2;Matches
376;Raúl Moro\Raul-Moro;es ESP;FW;it Lazio;18-302;2002;0.2;8;8;0;0;0;0;0;0;0;0;0;0;6;2;0;0;8;0;0;0;8;0;0;0;0;Matches
377;Olimpiu Moruțan\Olimpiu-Morutan;ro ROU;FW;tr Galatasaray;22-161;1999;1.7;64;61;3;1;1;12;7;2;2;2;0;0;40;6;18;55;8;1;0;0;41;0;4;5;4;Matches
378;Victor Moses\Victor-Moses;ng NGA;DF;ru Spartak Moscow;30-295;1990;1.9;106;86;20;0;0;8;2;7;0;0;0;0;63;21;22;9;74;2;20;0;83;1;1;4;6;Matches
379;Moura\Moura;pt POR;DF;pt Braga;22-048;1999;0.5;31;28;3;0;0;2;0;0;0;0;0;0;22;4;5;25;2;1;3;0;24;0;0;1;1;Matches
380;Ernest Muçi\Ernest-Muci;al ALB;MF;pl Legia Warsaw;20-198;2001;0.1;5;5;0;0;0;0;0;1;0;0;0;0;5;0;0;1;4;0;0;0;5;0;0;0;0;Matches
381;Aihen Muñoz\Aihen-Munoz;es ESP;DF;es Real Sociedad;24-048;1997;1.7;104;82;22;0;0;5;4;5;0;0;0;0;55;20;29;60;10;9;22;0;78;0;5;1;3;Matches
382;Daniel Muñoz\Daniel-Munoz;co COL;DFMF;be Genk;25-130;1996;1.7;129;105;24;2;0;13;1;5;0;0;0;0;86;27;16;14;90;0;22;0;112;0;0;1;4;Matches
383;Vedat Muriqi\Vedat-Muriqi;xk KVX;FW;it Lazio;27-162;1994;0.9;34;33;1;0;0;8;0;1;0;0;0;0;21;9;4;22;7;1;0;0;24;0;1;4;1;Matches
384;Fernando Muslera\Fernando-Muslera;uy URU;GK;tr Galatasaray;35-109;1986;2.0;103;79;24;4;0;2;4;0;0;0;0;0;65;0;38;5;79;0;0;10;80;0;2;0;0;Matches
385;Phillipp Mwene\Phillipp-Mwene;at AUT;DF;nl PSV Eindhoven;27-247;1994;1.7;123;95;28;1;0;14;1;3;0;0;0;0;77;32;14;20;74;2;27;0;105;0;1;3;2;Matches
386;Obite N'Dicka\Obite-NDicka;fr FRA;DF;de Eint Frankfurt;22-044;1999;1.0;68;66;2;2;0;5;1;0;0;0;0;0;51;8;9;48;15;3;0;0;64;0;1;0;0;Matches
387;Ben Nabouhane\Ben-Nabouhane;km COM;FW;rs Red Star;32-115;1989;1.4;28;21;7;4;0;7;1;3;2;1;1;0;13;5;10;22;2;3;0;0;17;0;3;2;1;Matches
388;Radja Nainggolan\Radja-Nainggolan;be BEL;MF;be Antwerp;33-152;1988;1.7;77;77;0;0;0;14;1;1;0;0;0;0;42;12;23;7;65;3;0;0;54;0;3;4;2;Matches
389;Maik Nawrocki\Maik-Nawrocki;pl POL;DF;pl Legia Warsaw;20-238;2001;2.0;67;67;0;0;0;8;2;0;0;0;0;0;51;6;10;16;43;2;0;2;60;0;1;2;0;Matches
390;Mike Ndayishimiye\Mike-Ndayishimiye;be BEL;FW;be Genk;22-128;1999;0.8;48;39;9;1;0;11;5;1;8;3;4;1;34;3;11;12;35;1;0;0;35;0;0;2;1;Matches
391;Wilfred Ndidi\Wilfred-Ndidi;ng NGA;MF;eng Leicester City;24-291;1996;1.0;58;57;1;1;0;9;0;0;0;0;0;0;47;5;6;12;46;0;0;0;53;0;0;0;0;Matches
392;Anton Nedyalkov\Anton-Nedyalkov;bg BUL;DF;bg Ludogorets;28-156;1993;0.6;24;21;3;2;0;4;0;0;0;0;0;0;14;8;2;10;8;3;1;1;19;1;1;1;0;Matches
393;Victor Nelsson\Victor-Nelsson;dk DEN;DF;tr Galatasaray;22-354;1998;2.0;135;124;11;9;0;9;2;0;0;0;0;0;115;3;17;17;112;4;0;0;123;0;1;0;1;Matches
394;Tokmac Nguen\Tokmac-Nguen;no NOR;FWMF;hu Ferencváros;27-348;1993;1.3;27;22;5;0;0;6;1;1;1;1;0;0;22;3;2;1;25;0;1;0;22;0;0;2;1;Matches
395;Florin Niță\Florin-Nita;ro ROU;GK;cz Sparta Prague;34-092;1987;2.0;77;52;25;15;0;11;9;0;0;0;0;0;27;5;45;5;58;0;0;10;47;1;7;0;0;Matches
396;Mark Noble\Mark-Noble;eng ENG;MF;eng West Ham;34-148;1987;0.8;67;58;9;8;0;15;1;4;1;0;0;0;47;6;14;1;64;2;0;0;60;0;0;0;0;Matches
397;Filip Novák\Filip-Novak;cz CZE;DF;tr Fenerbahçe;31-099;1990;1.0;70;61;9;1;0;5;7;0;0;0;0;0;46;7;17;49;5;3;8;1;60;0;0;3;1;Matches
398;Alexander Nübel\Alexander-Nubel;de GER;GK;fr Monaco;25-003;1996;2.0;84;60;24;6;0;4;2;0;0;0;0;0;41;4;39;17;58;1;0;2;52;1;2;1;0;Matches
399;Raphael Nwadike\Raphael-Nwadike;ng NGA;MF;dk Midtjylland;20-167;2001;1.8;63;63;0;0;0;8;1;1;0;0;0;0;51;7;5;13;45;1;0;0;57;0;0;0;0;Matches
400;Armando Obispo\Armando-Obispo;nl NED;DF;nl PSV Eindhoven;22-212;1999;1.1;75;74;1;0;0;4;0;0;0;0;0;0;57;6;12;61;6;7;1;0;63;0;0;4;0;Matches
401;Paulo Oliveira\Paulo-Oliveira;pt POR;DF;pt Braga;29-268;1992;1.9;107;103;4;4;0;3;5;0;0;0;0;0;84;5;18;3;98;4;0;0;96;0;2;0;3;Matches
402;Paul Onuachu\Paul-Onuachu;ng NGA;FW;be Genk;27-128;1994;1.8;42;40;2;0;0;13;5;0;0;0;0;0;23;9;10;4;29;5;0;3;29;0;1;1;1;Matches
403;Henry Onyekuru\Henry-Onyekuru;ng NGA;MFFW;gr Olympiacos;24-120;1997;1.6;22;21;1;1;0;4;0;0;0;0;0;0;15;3;4;2;18;1;0;0;19;0;1;0;1;Matches
404;Mislav Oršić\Mislav-Orsic;hr CRO;MFDF;hr Dinamo Zagreb;28-278;1992;1.9;81;73;8;2;0;9;0;1;1;0;0;0;52;19;10;15;54;7;5;0;64;0;1;5;1;Matches
405;Bright Osayi-Samuel\Bright-Osayi-Samuel;eng ENG;DF;tr Fenerbahçe;23-276;1997;2.0;74;53;21;3;0;15;1;2;0;0;0;0;49;18;7;9;46;0;18;0;58;0;3;7;2;Matches
406;Victor Osimhen\Victor-Osimhen;ng NGA;FW;it Napoli;22-278;1998;1.5;20;16;4;0;0;1;0;2;0;0;0;0;14;3;3;0;17;3;0;0;18;0;0;1;0;Matches
407;David Ospina\David-Ospina;co COL;GK;it Napoli;33-033;1988;1.0;28;22;6;3;0;2;2;0;0;0;0;0;21;2;5;6;19;0;0;2;25;0;1;1;0;Matches
408;Adam Ounas\Adam-Ounas;dz ALG;MFFW;it Napoli;24-326;1996;0.3;16;14;2;2;0;1;0;1;0;0;0;0;11;0;5;14;1;0;0;0;13;0;0;0;0;Matches
409;Mikel Oyarzabal\Mikel-Oyarzabal;es ESP;FW;es Real Sociedad;24-165;1997;2.0;50;48;2;0;0;9;1;2;0;0;0;0;30;15;5;36;7;3;2;1;41;0;1;0;2;Matches
410;Mesut Özil\Mesut-Ozil;de GER;FW;tr Fenerbahçe;32-353;1988;0.8;27;24;3;0;0;6;0;1;2;2;0;0;15;4;8;22;3;1;1;0;20;1;0;2;0;Matches
411;Pablo\Pablo;br BRA;DF;ru Loko Moscow;30-104;1991;1.0;48;45;3;3;0;2;1;0;0;0;0;0;38;2;8;14;32;1;0;0;42;0;0;2;0;Matches
412;Jon Pacheco\Jon-Pacheco;es ESP;DF;es Real Sociedad;20-268;2001;0.3;11;10;1;1;0;2;1;0;0;0;0;0;7;2;2;9;1;1;0;0;8;0;0;0;0;Matches
413;Gonçalo Paciência\Goncalo-Paciencia;pt POR;FW;de Eint Frankfurt;27-063;1994;0.1;2;2;0;0;0;0;0;1;0;0;0;0;0;0;2;2;0;0;0;0;0;0;0;1;0;Matches
414;Joseph Paintsil\Joseph-Paintsil;gh GHA;FW;be Genk;23-244;1998;0.7;25;25;0;0;0;3;1;2;0;0;0;0;18;4;3;5;19;1;0;0;16;0;1;0;5;Matches
415;Exequiel Palacios\Exequiel-Palacios;ar ARG;MF;de Leverkusen;22-363;1998;0.5;40;38;2;2;0;4;1;0;0;0;0;0;34;2;4;5;35;0;0;0;38;0;0;0;1;Matches
416;Emerson Palmieri\Emerson-Palmieri;it ITA;DF;fr Lyon;27-061;1994;2.0;159;143;16;2;0;17;1;2;2;2;0;0;118;25;16;123;18;5;12;0;143;1;1;1;4;Matches
417;Filip Panák\Filip-Panak;cz CZE;DF;cz Sparta Prague;25-335;1995;1.0;49;47;2;2;0;4;5;0;0;0;0;0;32;5;12;11;31;6;0;0;45;0;0;2;0;Matches
418;Radovan Pankov\Radovan-Pankov;rs SRB;DF;rs Red Star;26-059;1995;1.1;30;26;4;2;0;4;2;0;0;0;0;0;16;5;9;5;20;3;2;0;24;0;4;0;0;Matches
419;Sokratis Papastathopoulos\Sokratis-Papastathopoulos;gr GRE;DF;gr Olympiacos;33-116;1988;2.0;81;75;6;6;1;8;5;0;0;0;0;0;63;6;12;2;74;2;0;1;69;0;2;3;0;Matches
420;Lucas Paquetá\Lucas-Paqueta;br BRA;FW;fr Lyon;24-037;1997;1.9;73;71;2;0;1;16;2;2;1;1;0;0;58;4;11;60;10;1;0;1;52;0;2;3;5;Matches
421;Patric\Patric;es ESP;DF;it Lazio;28-169;1993;1.0;69;69;0;0;0;3;1;0;0;0;0;0;61;5;3;10;57;1;0;0;67;0;0;0;0;Matches
422;Paulinho\Paulinho;br BRA;DF;dk Midtjylland;26-273;1995;1.9;92;67;25;0;0;9;4;6;3;2;0;0;46;28;18;53;6;7;22;2;66;0;3;3;8;Matches
423;Paulinho\Paulinho;br BRA;FW;de Leverkusen;21-080;2000;0.9;35;35;0;0;1;10;1;0;0;0;0;0;27;4;4;3;30;0;0;0;30;0;0;1;2;Matches
424;David Pavelka\David-Pavelka;cz CZE;MF;cz Sparta Prague;30-138;1991;2.0;96;92;4;3;0;16;2;0;0;0;0;0;61;15;20;8;72;10;0;0;77;0;1;0;1;Matches
425;Milan Pavkov\Milan-Pavkov;rs SRB;FW;rs Red Star;27-236;1994;0.4;9;9;0;0;0;3;0;0;0;0;0;0;1;5;3;1;4;2;0;1;4;0;0;0;1;Matches
426;Andrija Pavlović\Andrija-Pavlovic;rs SRB;FW;dk Brøndby;27-321;1993;1.2;24;21;3;0;0;9;0;0;0;0;0;0;11;11;2;12;5;1;0;4;19;0;0;1;0;Matches
427;Strahinja Pavlović\Strahinja-Pavlovic;rs SRB;DF;fr Monaco;20-132;2001;1.0;95;94;1;1;0;9;3;0;0;0;0;0;75;5;15;68;23;4;0;0;80;0;2;5;0;Matches
428;Dimitri Payet\Dimitri-Payet;fr FRA;MFFW;fr Marseille;34-188;1987;1.0;50;42;8;2;0;6;10;7;5;4;1;0;28;6;16;9;37;2;1;1;36;0;0;4;0;Matches
429;Pedro\Pedro;es ESP;FW;it Lazio;34-067;1987;1.1;43;41;2;0;1;7;1;4;0;0;0;0;30;9;4;8;31;1;2;0;34;1;1;2;2;Matches
430;Tomáš Pekhart\Tomas-Pekhart;cz CZE;FW;pl Legia Warsaw;32-130;1989;0.2;4;4;0;0;0;1;0;0;0;0;0;0;1;1;2;0;2;0;0;1;3;0;0;0;0;Matches
431;Dimitris Pelkas\Dimitris-Pelkas;gr GRE;MFFW;tr Fenerbahçe;27-342;1993;1.2;32;32;0;0;0;4;0;1;0;0;0;0;29;0;3;2;30;0;0;0;25;0;0;1;1;Matches
432;Luan Peres Petroni\Luan-Peres-Petroni;br BRA;DF;fr Marseille;27-076;1994;2.0;173;157;16;2;0;18;1;3;0;0;0;0;136;19;18;137;19;2;14;0;154;0;4;1;2;Matches
433;Ayoze Pérez\Ayoze-Perez;es ESP;FWMF;eng Leicester City;28-072;1993;1.2;49;48;1;0;1;10;0;0;0;0;0;0;39;7;3;6;42;1;0;0;39;0;1;4;3;Matches
434;Jakub Pesek\Jakub-Pesek;cz CZE;FW;cz Sparta Prague;28-101;1993;2.0;68;63;5;1;0;15;2;4;3;1;1;0;39;15;14;8;52;5;1;0;46;0;1;1;5;Matches
435;Josué Pesqueira\Josue-Pesqueira;pt POR;MF;pl Legia Warsaw;31-016;1990;1.9;107;97;10;7;0;12;8;2;3;2;0;0;63;20;24;99;5;3;0;0;85;1;2;5;0;Matches
436;Andrea Petagna\Andrea-Petagna;it ITA;FW;it Napoli;26-095;1995;0.6;20;20;0;0;0;7;0;1;0;0;0;0;14;2;4;15;4;1;0;0;16;0;0;0;0;Matches
437;Bruno Petković\Bruno-Petkovic;hr CRO;MFFW;hr Dinamo Zagreb;27-017;1994;1.9;62;60;2;1;0;24;3;1;0;0;0;0;40;13;9;14;39;1;0;1;48;0;1;3;4;Matches
438;Maksim Petrov\Maksim-Petrov;ru RUS;MF;ru Loko Moscow;20-258;2001;0.1;0;0;0;0;0;0;0;0;0;0;0;0;0;0;0;0;0;0;0;0;0;0;0;0;0;Matches
439;Dejan Petrovič\Dejan-Petrovic;si SVN;MF;at Rapid Wien;23-264;1998;1.3;63;62;1;1;0;7;1;0;0;0;0;0;48;6;9;2;60;1;0;0;51;0;3;3;0;Matches
440;Jens Petter Hauge\Jens-Petter-Hauge;no NOR;MF;de Eint Frankfurt;21-356;1999;0.2;6;6;0;0;0;1;0;0;0;0;0;0;6;0;0;3;3;0;0;0;5;0;0;0;1;Matches
441;Germán Pezzella\German-Pezzella;ar ARG;DF;es Betis;30-098;1991;1.0;83;83;0;0;0;5;0;0;0;0;0;0;73;4;6;9;70;2;0;0;78;0;1;0;0;Matches
442;Lucas Piazon\Lucas-Piazon;br BRA;MFFW;pt Braga;27-256;1994;1.5;71;69;2;1;1;11;1;1;0;0;0;0;47;19;5;7;55;6;1;1;57;0;0;1;2;Matches
443;Shaquille Pinas\Shaquille-Pinas;sr SUR;DF;bg Ludogorets;23-198;1998;1.2;61;41;20;3;0;5;1;0;1;1;0;0;27;21;13;29;12;3;16;0;41;0;0;4;0;Matches
444;Ihor Plastun\Ihor-Plastun;ua UKR;DF;bg Ludogorets;31-044;1990;2.0;117;113;4;3;0;5;4;0;0;0;0;0;92;10;15;13;96;3;1;0;100;0;1;3;1;Matches
445;Matěj Polidar\Matej-Polidar;cz CZE;DF;cz Sparta Prague;21-287;1999;0.4;24;19;5;0;0;3;0;0;0;0;0;0;9;8;7;12;3;3;5;0;16;0;2;0;0;Matches
446;Matteo Politano\Matteo-Politano;it ITA;FWMF;it Napoli;28-061;1993;1.1;35;26;9;3;0;7;5;4;6;3;3;0;17;3;15;32;3;0;0;0;20;0;0;0;3;Matches
447;Ezequiel Ponce\Ezequiel-Ponce;ar ARG;FW;ru Spartak Moscow;24-188;1997;1.5;52;48;4;1;0;12;1;1;0;0;0;0;36;10;6;6;35;2;1;4;39;0;2;4;1;Matches
448;Zoran Popović\Zoran-Popovic;rs SRB;GK;rs Red Star;33-128;1988;1.0;29;22;7;3;0;3;0;0;0;0;0;0;8;0;21;1;22;0;0;0;14;0;0;0;0;Matches
449;Portu\Portu;es ESP;FW;es Real Sociedad;29-135;1992;0.8;13;11;2;0;1;3;0;0;0;0;0;0;6;5;2;0;13;0;0;0;10;0;0;2;0;Matches
450;Alexander Prass\Alexander-Prass;at AUT;MF;at Sturm Graz;20-130;2001;0.3;9;9;0;0;0;0;2;1;0;0;0;0;4;1;4;6;2;1;0;0;7;0;0;0;0;Matches
451;Ángelo Preciado\Angelo-Preciado;ec ECU;DF;be Genk;23-227;1998;0.2;19;17;2;0;0;2;0;0;0;0;0;0;14;4;1;0;17;0;2;0;18;0;0;0;1;Matches
452;Quincy Promes\Quincy-Promes;nl NED;FW;ru Spartak Moscow;29-272;1992;2.0;110;91;19;6;0;13;5;6;9;4;4;0;76;16;18;14;89;2;3;1;93;0;1;3;1;Matches
453;Josip Radošević\Josip-Radosevic;hr CRO;MF;dk Brøndby;27-183;1994;1.9;89;82;7;6;1;10;5;0;0;0;0;0;55;17;17;16;63;6;1;1;73;0;2;3;0;Matches
454;Elías Rafn Ólafsson\Elias-Rafn-Olafsson;is ISL;GK;dk Midtjylland;21-206;2000;2.0;67;55;12;3;0;2;0;0;0;0;0;0;31;3;33;1;50;0;0;12;46;0;3;1;0;Matches
455;Anthony Ralston\Anthony-Ralston;sct SCO;DF;sct Celtic;22-321;1998;2.0;143;116;27;2;0;20;6;8;0;0;0;0;86;25;32;10;103;3;25;0;121;0;3;5;3;Matches
456;André Ramalho\Andre-Ramalho;br BRA;DF;nl PSV Eindhoven;29-229;1992;2.0;116;109;7;5;0;15;2;0;0;0;0;0;91;11;14;19;87;5;2;0;99;0;3;2;2;Matches
457;Nikolai Rasskazov\Nikolai-Rasskazov;ru RUS;DF;ru Spartak Moscow;23-272;1998;1.0;58;58;0;0;1;3;1;0;0;0;0;0;48;3;7;10;46;2;0;0;50;0;1;2;1;Matches
458;Oleg Reabciuk\Oleg-Reabciuk;md MDA;DF;gr Olympiacos;23-260;1998;2.0;85;68;17;1;0;11;1;4;0;0;0;0;46;18;21;60;3;1;16;2;62;0;4;3;3;Matches
459;Álex Remiro\Alex-Remiro;es ESP;GK;es Real Sociedad;26-193;1995;2.0;61;41;20;7;0;4;2;0;0;0;0;0;35;4;22;6;46;0;0;8;50;0;1;1;0;Matches
460;Panagiotis Retsos\Panagiotis-Retsos;gr GRE;DF;de Leverkusen;23-055;1998;0.1;9;8;1;1;0;1;0;0;0;0;0;0;7;1;1;1;8;0;0;0;8;0;0;0;0;Matches
461;Declan Rice\Declan-Rice;eng ENG;MF;eng West Ham;22-262;1999;1.9;110;108;2;1;0;23;3;0;0;0;0;0;93;6;11;16;88;3;1;0;97;0;0;1;1;Matches
462;Charles Rigon Matos\Charles-Rigon-Matos;br BRA;MFFW;dk Midtjylland;25-106;1996;0.1;5;5;0;0;0;1;0;0;0;0;0;0;4;0;1;0;4;1;0;0;5;0;0;0;0;Matches
463;Stefan Ristovski\Stefan-Ristovski;mk MKD;DF;hr Dinamo Zagreb;29-233;1992;1.7;62;46;16;0;0;7;0;0;0;0;0;0;37;18;7;1;43;1;16;0;52;0;0;3;3;Matches
464;Milan Rodić\Milan-Rodic;rs SRB;DF;rs Red Star;30-184;1991;2.0;98;77;21;1;1;13;3;8;0;0;0;0;42;28;28;60;7;7;20;0;75;0;0;3;1;Matches
465;Rodrigo\Rodrigo;es ESP;FW;es Betis;21-140;2000;0.9;39;39;0;0;0;6;1;2;0;0;0;0;33;2;4;37;2;0;0;0;35;0;1;0;0;Matches
466;Guido Rodríguez\Guido-Rodriguez;ar ARG;MF;es Betis;27-174;1994;0.6;39;36;3;3;1;3;0;0;0;0;0;0;26;5;8;3;33;3;0;0;34;0;1;1;0;Matches
467;Tom Rogić\Tom-Rogic;au AUS;MF;sct Celtic;28-291;1992;1.7;73;69;4;2;0;15;1;2;0;0;0;0;56;9;8;52;19;1;0;0;58;2;0;2;3;Matches
468;Valentin Rongier\Valentin-Rongier;fr FRA;MF;fr Marseille;26-300;1994;1.0;123;112;11;1;0;19;4;3;0;0;0;0;90;18;15;21;86;4;10;0;111;1;0;1;4;Matches
469;Kemar Roofe\Kemar-Roofe;jm JAM;FW;sct Rangers;28-270;1993;1.0;30;28;2;0;0;6;1;3;0;0;0;0;16;7;7;7;18;2;1;1;19;0;1;1;0;Matches
470;Diego Rossi\Diego-Rossi;uy URU;FWMF;tr Fenerbahçe;23-212;1998;1.8;43;41;2;1;1;10;0;2;0;0;0;0;30;5;8;4;35;4;0;0;31;0;1;2;3;Matches
471;Sigurd Rosted\Sigurd-Rosted;no NOR;DF;dk Brøndby;27-073;1994;1.8;88;86;2;1;0;4;2;2;0;0;0;0;52;8;28;14;68;5;1;0;62;1;1;6;2;Matches
472;Amir Rrahmani\Amir-Rrahmani;xk KVX;DF;it Napoli;27-221;1994;1.0;62;61;1;1;0;7;1;0;0;0;0;0;53;4;5;4;57;0;0;0;60;0;0;1;0;Matches
473;Mário Rui\Mario-Rui;pt POR;MFDF;it Napoli;30-129;1991;0.3;31;28;3;0;0;0;2;1;0;0;0;0;23;4;4;25;2;1;3;0;30;1;0;0;0;Matches
474;Aitor Ruibal\Aitor-Ruibal;es ESP;FW;es Betis;25-195;1996;0.4;6;6;0;0;1;1;0;0;0;0;0;0;4;1;1;1;5;0;0;0;4;0;0;1;0;Matches
475;Fabián Ruiz Peña\Fabian-Ruiz-Pena;es ESP;MF;it Napoli;25-183;1996;2.0;132;128;4;2;0;21;3;1;0;0;0;0;101;20;11;101;26;4;0;1;113;0;1;3;8;Matches
476;Abel Ruiz\Abel-Ruiz;es ESP;FW;pt Braga;21-248;2000;0.8;20;19;1;0;0;2;0;0;0;0;0;0;13;7;0;2;17;1;0;0;17;0;1;0;1;Matches
477;Víctor Ruiz\Victor-Ruiz;es ESP;DF;es Betis;32-251;1989;1.0;48;47;1;1;0;9;1;0;0;0;0;0;35;2;11;36;9;1;0;0;38;0;1;2;0;Matches
478;Dmitrii Rybchinskii\Dmitrii-Rybchinskii;ru RUS;DF;ru Loko Moscow;23-045;1998;1.0;44;31;13;3;0;0;0;0;0;0;0;0;29;14;1;3;30;1;10;0;38;0;0;2;1;Matches
479;Josué Sá\Josue-Sa;pt POR;DF;bg Ludogorets;29-108;1992;1.8;95;90;5;3;0;4;4;0;0;0;0;0;71;10;14;5;84;3;2;0;80;0;2;1;0;Matches
480;Michal Sáček\Michal-Sacek;cz CZE;MF;cz Sparta Prague;25-014;1996;2.0;68;65;3;3;0;17;1;1;0;0;0;0;43;12;13;8;52;4;0;2;54;0;2;0;2;Matches
481;Fashion Sakala\Fashion-Sakala;zm ZAM;FWMF;sct Rangers;24-203;1997;1.2;28;27;1;0;0;13;0;0;0;0;0;0;19;5;4;2;19;1;0;1;19;0;1;1;0;Matches
482;William Saliba\William-Saliba;fr FRA;DF;fr Marseille;20-193;2001;2.0;204;198;6;5;0;19;2;0;0;0;0;0;184;9;11;14;186;2;1;0;197;1;0;3;1;Matches
483;Mbwana Samatta\Mbwana-Samatta;tz TAN;FW;be Antwerp;28-284;1992;1.7;35;31;4;1;0;5;1;0;0;0;0;0;23;7;5;5;23;3;2;0;29;0;1;2;0;Matches
484;Ibrahim Sangaré\Ibrahim-Sangare;ci CIV;MF;nl PSV Eindhoven;23-305;1997;1.0;72;68;4;4;0;7;1;0;0;0;0;0;58;6;8;5;64;3;0;0;65;0;1;2;0;Matches
485;Sékou Sanogo\Sekou-Sanogo;ci CIV;DFMF;rs Red Star;32-151;1989;1.9;81;79;2;2;0;16;2;0;0;0;0;0;58;12;11;64;9;5;0;3;68;0;0;1;0;Matches
486;Alex Santana\Alex-Santana;br BRA;MF;bg Ludogorets;26-143;1995;1.7;61;58;3;2;0;6;1;0;0;0;0;0;42;12;7;6;46;5;1;2;50;0;0;2;3;Matches
487;Manprit Sarkaria\Manprit-Sarkaria;at AUT;FW;at Sturm Graz;25-038;1996;0.6;23;19;4;1;0;8;4;0;1;0;1;0;14;3;6;18;3;0;0;0;19;0;1;0;1;Matches
488;Patrik Schick\Patrik-Schick;cz CZE;FW;de Leverkusen;25-252;1996;0.5;8;8;0;0;0;0;0;1;0;0;0;0;5;2;1;8;0;0;0;0;5;0;0;0;1;Matches
489;Thorsten Schick\Thorsten-Schick;at AUT;MF;at Rapid Wien;31-137;1990;0.4;12;12;0;0;0;0;2;4;0;0;0;0;7;2;3;3;9;0;0;0;7;0;0;1;0;Matches
490;Kasper Schmeichel\Kasper-Schmeichel;dk DEN;GK;eng Leicester City;34-332;1986;2.0;66;41;25;5;0;4;1;0;0;0;0;0;40;1;25;5;52;0;0;4;49;0;4;1;0;Matches
491;Nuno Sequeira\Nuno-Sequeira;pt POR;DF;pt Braga;31-045;1990;0.6;54;48;6;3;1;2;1;0;0;0;0;0;38;7;9;45;4;1;3;1;44;0;1;1;0;Matches
492;Xherdan Shaqiri\Xherdan-Shaqiri;ch SUI;FW;fr Lyon;29-358;1991;0.9;54;49;5;2;0;5;2;2;3;1;1;0;42;4;8;42;12;0;0;0;39;0;1;7;2;Matches
493;Show\Show;ao ANG;MF;bg Ludogorets;22-211;1999;0.0;4;4;0;0;0;0;0;0;0;0;0;0;1;0;3;0;3;1;0;0;2;0;0;0;0;Matches
494;Djibril Sidibé\Djibril-Sidibe;fr FRA;DF;fr Monaco;29-066;1992;0.5;31;23;8;0;0;7;2;0;0;0;0;0;10;8;13;5;15;2;8;0;20;0;1;0;1;Matches
495;Jörg Siebenhandl\Jorg-Siebenhandl;at AUT;GK;at Sturm Graz;31-258;1990;2.0;57;39;18;3;0;2;2;0;0;0;0;0;30;3;24;25;20;0;0;11;44;1;0;0;0;Matches
496;Caio Henrique Oliveira Silva\Caio-Henrique-Oliveira-Silva;br BRA;DF;fr Monaco;24-064;1997;1.5;86;70;16;0;0;8;2;4;0;0;0;0;45;16;25;58;8;3;16;0;66;0;0;3;4;Matches
497;Rui Silva\Rui-Silva;pt POR;GK;es Betis;27-238;1994;1.0;26;12;14;4;0;2;1;0;0;0;0;0;12;1;13;15;10;0;0;1;17;0;1;0;0;Matches
498;Aleksandr Silyanov\Aleksandr-Silyanov;ru RUS;DF;ru Loko Moscow;20-228;2001;0.3;8;8;0;0;0;0;0;0;0;0;0;0;6;1;1;0;7;1;0;0;5;0;0;0;0;Matches
499;Daley Sinkgraven\Daley-Sinkgraven;nl NED;DF;de Leverkusen;26-091;1995;0.7;55;54;1;0;0;1;1;3;0;0;0;0;44;5;6;47;5;1;1;0;45;1;3;2;1;Matches
500;Pione Sisto\Pione-Sisto;dk DEN;FW;dk Midtjylland;26-241;1995;1.8;90;85;5;1;0;11;3;2;0;0;0;0;72;9;9;4;84;2;0;0;76;0;0;5;2;Matches
501;Islam Slimani\Islam-Slimani;dz ALG;FW;fr Lyon;33-107;1988;1.0;24;23;1;0;0;4;0;0;0;0;0;0;16;7;1;7;14;2;0;1;19;0;1;1;0;Matches
502;Bartosz Slisz\Bartosz-Slisz;pl POL;MF;pl Legia Warsaw;22-188;1999;2.0;81;79;2;2;1;11;5;3;0;0;0;0;51;12;18;10;59;10;0;0;66;0;3;3;1;Matches
503;Fyodor Smolov\Fyodor-Smolov;ru RUS;FW;ru Loko Moscow;31-236;1990;1.8;30;28;2;0;0;6;0;0;0;0;0;0;18;7;5;3;23;1;0;1;14;0;2;3;3;Matches
504;Tiquinho Soares\Tiquinho-Soares;br BRA;FW;gr Olympiacos;30-259;1991;1.1;25;24;1;0;0;5;0;0;0;0;0;0;11;10;4;4;15;4;0;0;19;0;0;4;0;Matches
505;Aleksandr Sobolev\Aleksandr-Sobolev;ru RUS;FW;ru Spartak Moscow;24-210;1997;0.6;14;11;3;0;0;0;1;0;0;0;0;0;10;4;0;2;10;1;1;0;12;0;0;1;0;Matches
506;Ismaila Soro\Ismaila-Soro;ci CIV;MF;sct Celtic;23-149;1998;0.6;43;42;1;1;1;7;0;0;0;0;0;0;33;5;5;0;38;2;0;2;36;1;1;2;1;Matches
507;Pieros Sotiriou\Pieros-Sotiriou;cy CYP;FW;bg Ludogorets;28-263;1993;1.4;19;16;3;1;0;5;2;0;0;0;0;0;11;5;3;4;12;1;0;0;16;0;1;0;1;Matches
508;Filip Souček\Filip-Soucek;cz CZE;MF;cz Sparta Prague;21-015;2000;1.0;41;41;0;0;0;12;3;1;0;0;0;0;27;6;8;12;25;2;0;0;32;0;0;0;2;Matches
509;Tomáš Souček\Tomas-Soucek;cz CZE;MF;eng West Ham;26-218;1995;1.3;73;72;1;1;0;13;1;0;0;0;0;0;46;19;8;7;52;8;0;0;60;0;2;0;1;Matches
510;Boubakary Soumaré\Boubakary-Soumare;fr FRA;MF;eng Leicester City;22-218;1999;1.9;101;100;1;1;0;10;0;3;0;0;0;0;81;9;11;15;83;3;0;0;82;0;5;2;1;Matches
511;Djibril Sow\Djibril-Sow;ch SUI;MF;de Eint Frankfurt;24-239;1997;2.0;100;98;2;2;0;19;3;1;0;0;0;0;73;19;8;9;79;5;0;0;84;0;1;3;3;Matches
512;Çağlar Söyüncü\Caglar-Soyuncu;tr TUR;DF;eng Leicester City;25-133;1996;1.5;91;86;5;3;0;9;0;1;0;0;0;0;62;14;15;16;60;5;2;1;76;0;1;2;1;Matches
513;Slavoljub Srnić\Slavoljub-Srnic;rs SRB;MF;rs Red Star;29-264;1992;1.1;25;25;0;0;0;5;0;0;0;0;0;0;12;7;6;4;15;5;0;0;20;0;0;0;2;Matches
514;Petar Stanic\Petar-Stanic;rs SRB;MF;rs Red Star;20-050;2001;0.2;2;2;0;0;0;0;0;0;0;0;0;0;1;0;1;0;2;0;0;0;2;0;0;0;0;Matches
515;Carl Starfelt\Carl-Starfelt;se SWE;DF;sct Celtic;26-124;1995;2.0;155;153;2;2;0;19;0;0;0;0;0;0;132;11;12;21;122;7;0;0;145;0;4;1;0;Matches
516;Filip Stojković\Filip-Stojkovic;me MNE;DF;at Rapid Wien;28-254;1993;1.3;74;60;14;3;0;7;2;4;0;0;0;0;35;19;20;6;50;4;11;0;54;0;6;0;4;Matches
517;Thomas Strakosha\Thomas-Strakosha;al ALB;GK;it Lazio;26-198;1995;2.0;49;36;13;0;0;8;0;0;0;0;0;0;37;2;10;4;42;0;0;3;40;0;4;0;0;Matches
518;Josip Šutalo\Josip-Sutalo;hr CRO;DF;hr Dinamo Zagreb;21-217;2000;1.0;57;54;3;3;0;6;0;0;0;0;0;0;48;6;3;9;46;2;0;0;52;0;1;1;0;Matches
519;Erik Sviatchenko\Erik-Sviatchenko;dk DEN;DF;dk Midtjylland;29-364;1991;2.0;88;87;1;1;1;11;4;1;0;0;0;0;52;6;30;18;54;9;0;0;71;0;6;2;0;Matches
520;Attila Szalai\Attila-Szalai;hu HUN;DF;tr Fenerbahçe;23-256;1998;2.0;135;132;3;3;0;16;6;3;0;0;0;0;89;4;42;111;15;5;0;1;100;2;3;6;1;Matches
521;Alexander Sørloth\Alexander-Sorloth;no NOR;FW;es Real Sociedad;25-302;1995;0.1;4;4;0;0;0;1;0;0;0;0;0;0;2;2;0;1;1;2;0;0;3;0;0;0;0;Matches
522;Jonathan Tah\Jonathan-Tah;de GER;DF;de Leverkusen;25-234;1996;2.0;128;126;2;2;0;12;1;0;0;0;0;0;109;8;11;15;106;7;0;0;121;0;2;1;0;Matches
523;James Tavernier\James-Tavernier;eng ENG;DF;sct Rangers;29-337;1991;2.0;148;102;46;6;1;19;4;14;3;1;2;0;58;39;51;4;97;5;37;1;98;3;2;5;5;Matches
524;Mavis Tchibota\Mavis-Tchibota;cg CGO;FW;bg Ludogorets;25-149;1996;0.5;16;12;4;2;0;1;1;2;2;0;1;0;7;2;7;2;13;1;0;0;8;0;1;0;2;Matches
525;Aurélien Tchouaméni\Aurelien-Tchouameni;fr FRA;MF;fr Monaco;21-249;2000;2.0;102;96;6;5;0;20;9;0;0;0;0;0;81;8;13;12;84;2;1;1;88;1;3;3;2;Matches
526;Bernard Tekpetey\Bernard-Tekpetey;gh GHA;FWDF;bg Ludogorets;24-030;1997;1.8;36;33;3;0;0;6;1;6;0;0;0;0;15;7;14;1;28;1;3;2;17;0;1;5;1;Matches
527;Cristian Tello\Cristian-Tello;es ESP;FW;es Betis;30-053;1991;0.4;20;20;0;0;0;3;0;2;0;0;0;0;16;4;0;4;15;1;0;0;16;0;0;1;0;Matches
528;Jordan Teze\Jordan-Teze;nl NED;DF;nl PSV Eindhoven;22-003;1999;0.3;22;19;3;0;0;2;0;3;0;0;0;0;10;4;8;1;17;0;3;0;14;0;0;0;1;Matches
529;Kévin Théophile-Catherine\Kevin-Theophile-Catherine;fr FRA;DF;hr Dinamo Zagreb;31-340;1989;1.5;75;68;7;6;0;6;3;1;0;0;0;0;51;3;21;7;64;2;0;1;54;0;5;2;1;Matches
530;Luke Thomas\Luke-Thomas;eng ENG;DF;eng Leicester City;20-115;2001;1.0;66;58;8;1;0;10;0;3;0;0;0;0;49;13;4;47;8;3;7;0;53;0;3;0;5;Matches
531;Ryan Thomas\Ryan-Thomas;nz NZL;MF;nl PSV Eindhoven;26-287;1994;0.3;25;25;0;0;0;7;0;0;0;0;0;0;21;1;3;4;16;0;0;3;21;0;1;0;0;Matches
532;Kristian Thorstvedt\Kristian-Thorstvedt;no NOR;MF;be Genk;22-204;1999;1.7;83;81;2;1;0;25;1;1;0;0;0;0;65;13;5;67;14;1;0;0;64;2;4;8;0;Matches
533;Youri Tielemans\Youri-Tielemans;be BEL;MF;eng Leicester City;24-149;1997;1.5;99;91;8;5;0;16;3;0;3;0;0;3;77;8;14;8;86;4;0;0;76;1;2;4;3;Matches
534;Nair Tiknizyan\Nair-Tiknizyan;ru RUS;DFMF;ru Loko Moscow;22-144;1999;0.6;14;12;2;0;0;2;0;0;0;0;0;0;10;2;2;10;2;0;2;0;11;0;1;0;0;Matches
535;Karl Toko Ekambi\Karl-Toko-Ekambi;cm CMR;FW;fr Lyon;29-019;1992;1.8;96;92;4;1;0;22;5;4;0;0;0;0;68;17;11;6;80;3;3;1;81;0;1;1;0;Matches
536;Marko Tolić\Marko-Tolic;hr CRO;MF;hr Dinamo Zagreb;25-090;1996;0.2;4;4;0;0;0;1;0;0;0;0;0;0;3;1;0;1;3;0;0;0;3;0;0;0;0;Matches
537;Bastien Toma\Bastien-Toma;ch SUI;MF;be Genk;22-101;1999;0.8;66;60;6;2;0;7;2;2;3;2;1;0;58;2;6;2;64;0;0;0;62;0;0;0;0;Matches
538;Vítor Tormena\Vitor-Tormena;br BRA;DF;pt Braga;25-272;1996;1.0;73;71;2;1;0;3;0;0;0;0;0;0;57;4;12;8;57;6;1;0;64;0;1;0;1;Matches
539;Almamy Touré\Almamy-Toure;ml MLI;DF;de Eint Frankfurt;25-158;1996;1.0;55;52;3;2;0;5;1;0;0;0;0;0;41;9;5;5;45;2;1;0;52;0;0;0;1;Matches
540;Kevin Trapp\Kevin-Trapp;de GER;GK;de Eint Frankfurt;31-087;1990;2.0;72;56;16;5;0;6;1;0;0;0;0;0;37;1;34;13;46;0;0;13;53;0;2;0;0;Matches
541;Kevin Tshiembe\Kevin-Tshiembe;dk DEN;DF;dk Brøndby;24-186;1997;1.3;69;67;2;2;0;3;2;0;0;0;0;0;54;4;11;14;51;3;0;0;56;1;2;1;0;Matches
542;David Turnbull\David-Turnbull;sct SCO;MF;sct Celtic;22-085;1999;1.8;108;92;16;4;2;15;5;2;11;2;3;1;79;10;19;7;98;2;1;0;89;0;0;3;2;Matches
543;Beñat Turrientes\Benat-Turrientes;es ESP;MF;es Real Sociedad;19-245;2002;0.3;15;15;0;0;0;2;2;0;0;0;0;0;9;3;3;4;9;2;0;0;11;0;0;1;1;Matches
544;Tuta\Tuta;br BRA;MF;de Eint Frankfurt;22-091;1999;0.0;2;2;0;0;0;0;0;0;0;0;0;0;1;1;0;0;2;0;0;0;0;1;1;0;0;Matches
545;Ike Ugbo\Ike-Ugbo;eng ENG;FW;be Genk;23-012;1998;0.2;9;9;0;0;0;1;0;1;0;0;0;0;7;1;1;1;6;1;0;0;9;0;0;0;0;Matches
546;Mikael Uhre\Mikael-Uhre;dk DEN;FW;dk Brøndby;27-003;1994;0.8;11;11;0;0;0;6;0;0;0;0;0;0;2;3;6;0;3;2;0;0;4;0;0;0;1;Matches
547;Maximilian Ullmann\Maximilian-Ullmann;at AUT;DF;at Rapid Wien;25-108;1996;1.6;68;60;8;0;0;7;2;3;0;0;0;0;39;9;20;45;10;4;8;0;48;0;2;3;2;Matches
548;Nail Umyarov\Nail-Umyarov;ru RUS;MF;ru Spartak Moscow;21-098;2000;2.0;94;91;3;1;1;10;3;2;0;0;0;0;75;12;7;18;71;3;2;0;81;0;2;4;1;Matches
549;Cengiz Ünder\Cengiz-Under;tr TUR;FW;fr Marseille;24-081;1997;2.0;97;87;10;2;1;10;4;8;7;3;2;0;69;9;19;69;27;0;0;0;75;0;2;2;7;Matches
550;Myrto Uzuni\Myrto-Uzuni;al ALB;MF;hu Ferencváros;26-125;1995;1.3;36;32;4;2;0;6;2;1;2;0;2;0;22;6;8;9;26;1;0;0;28;1;0;3;2;Matches
551;Tomáš Vaclík\Tomas-Vaclik;cz CZE;GK;gr Olympiacos;32-188;1989;2.0;61;28;33;2;0;1;0;0;0;0;0;0;29;2;30;5;42;0;0;9;40;0;3;0;0;Matches
552;Mathieu Valbuena\Mathieu-Valbuena;fr FRA;FWMF;gr Olympiacos;37-005;1984;0.2;14;12;2;1;0;4;1;2;0;0;0;0;8;2;4;0;13;0;1;0;9;0;1;1;2;Matches
553;Enner Valencia\Enner-Valencia;ec ECU;FW;tr Fenerbahçe;31-333;1989;1.7;34;28;6;1;0;17;0;3;0;0;0;0;20;8;6;6;24;1;0;0;23;0;1;3;1;Matches
554;Maarten Vandevoordt\Maarten-Vandevoordt;be BEL;GK;be Genk;19-219;2002;2.0;69;53;16;1;0;3;1;0;0;0;0;0;46;3;20;5;52;0;0;10;57;0;0;0;0;Matches
555;Jamie Vardy\Jamie-Vardy;eng ENG;FW;eng Leicester City;34-265;1987;0.1;2;2;0;0;0;1;0;0;0;0;0;0;1;0;1;1;0;0;0;0;2;0;0;0;0;Matches
556;Bálint Vécsei\Balint-Vecsei;hu HUN;MF;hu Ferencváros;28-082;1993;1.7;87;87;0;0;0;18;2;0;0;0;0;0;58;12;17;69;10;6;0;0;72;0;1;2;3;Matches
557;Olivier Verdon\Olivier-Verdon;bj BEN;DF;bg Ludogorets;25-363;1995;1.2;89;86;3;3;0;8;1;0;0;0;0;0;72;3;14;8;71;6;0;0;79;0;0;2;0;Matches
558;Birger Verstraete\Birger-Verstraete;be BEL;MF;be Antwerp;27-170;1994;2.0;88;86;2;2;0;9;2;0;0;0;0;0;60;9;19;7;76;4;0;0;69;0;3;5;1;Matches
559;Yorbe Vertessen\Yorbe-Vertessen;be BEL;FW;nl PSV Eindhoven;20-268;2001;0.6;17;16;1;0;0;5;1;2;0;0;0;0;14;2;1;2;14;0;1;0;11;0;0;2;1;Matches
560;Jannik Vestergaard\Jannik-Vestergaard;dk DEN;DF;eng Leicester City;29-061;1992;2.0;119;117;2;2;0;14;5;1;0;0;0;0;95;6;18;27;84;6;0;0;105;0;3;1;2;Matches
561;Andreas Vindheim\Andreas-Vindheim;no NOR;DF;cz Sparta Prague;26-060;1995;0.6;54;45;9;1;0;5;3;3;0;0;0;0;32;10;12;2;42;1;8;1;41;0;1;1;4;Matches
562;Carlos Vinícius\Carlos-Vinicius;br BRA;FW;nl PSV Eindhoven;26-192;1995;0.6;9;9;0;0;0;4;1;1;0;0;0;0;5;3;1;5;2;0;0;1;8;0;0;0;1;Matches
563;Nikola Vlašić\Nikola-Vlasic;hr CRO;FWMF;eng West Ham;23-364;1997;1.4;29;29;0;0;0;6;1;0;0;0;0;0;21;7;1;6;22;0;0;1;22;0;0;0;3;Matches
564;Kevin Volland\Kevin-Volland;de GER;FW;fr Monaco;29-065;1992;1.0;32;31;1;0;0;15;1;0;0;0;0;0;24;6;2;16;12;1;0;0;23;0;0;0;3;Matches
565;Marious Vrousai\Marious-Vrousai;gr GRE;FWMF;gr Olympiacos;23-093;1998;0.1;8;7;1;0;0;3;0;0;0;0;0;0;7;1;0;0;7;0;1;0;8;0;0;0;0;Matches
566;Tomáš Wiesner\Tomas-Wiesner;cz CZE;DF;cz Sparta Prague;24-078;1997;2.0;118;98;20;0;0;14;2;2;0;0;0;0;76;25;17;18;69;9;20;0;94;0;1;2;2;Matches
567;Mateusz Wieteska\Mateusz-Wieteska;pl POL;DF;pl Legia Warsaw;24-234;1997;2.0;81;81;0;0;0;11;0;0;0;0;0;0;57;10;14;11;62;6;0;0;68;2;1;1;1;Matches
568;Kevin Wimmer\Kevin-Wimmer;at AUT;DF;at Rapid Wien;28-322;1992;1.1;81;74;7;1;0;1;3;0;0;0;0;0;55;12;14;55;14;6;6;0;71;0;2;2;0;Matches
569;Henry Wingo\Henry-Wingo;us USA;DF;hu Ferencváros;25-364;1995;2.0;73;60;13;1;0;9;3;3;0;0;0;0;42;20;11;6;50;3;12;0;63;0;1;1;4;Matches
570;Florian Wirtz\Florian-Wirtz;de GER;MF;de Leverkusen;18-153;2003;1.7;79;72;7;0;1;12;3;1;4;3;0;0;60;7;12;2;73;1;2;0;62;1;2;3;1;Matches
571;Scott Wright\Scott-Wright;sct SCO;FWMF;sct Rangers;24-056;1997;0.4;13;12;1;0;0;4;1;1;0;0;0;0;7;1;5;0;12;0;1;0;10;0;1;0;0;Matches
572;Gregory Wüthrich\Gregory-Wuthrich;ch SUI;DF;at Sturm Graz;26-303;1994;1.9;64;60;4;4;0;4;1;0;0;0;0;0;47;3;14;18;45;1;0;0;54;2;4;0;0;Matches
573;Mert Yandaş\Mert-Yandas;tr TUR;MF;tr Fenerbahçe;27-045;1994;1.7;117;105;12;5;0;26;11;3;6;2;3;0;75;13;29;14;98;3;1;0;91;0;6;3;2;Matches
574;Dominik Yankov\Dominik-Yankov;bg BUL;MF;bg Ludogorets;21-067;2000;0.2;1;1;0;0;0;0;0;0;0;0;0;0;1;0;0;0;1;0;0;0;1;0;0;0;0;Matches
575;Andriy Yarmolenko\Andriy-Yarmolenko;ua UKR;FW;eng West Ham;31-345;1989;0.9;31;30;1;0;0;12;4;2;0;0;0;0;16;8;7;17;11;1;1;0;26;0;0;1;1;Matches
576;Kelvin Yeboah\Kelvin-Yeboah;it ITA;FW;at Sturm Graz;21-150;2000;1.6;25;23;2;0;0;9;0;0;0;0;0;0;13;8;4;1;14;5;0;1;14;0;1;1;0;Matches
577;DeAndre Yedlin\DeAndre-Yedlin;us USA;DF;tr Galatasaray;28-086;1993;1.3;74;64;10;0;0;7;1;0;0;0;0;0;55;13;6;3;58;3;10;0;63;0;1;2;2;Matches
578;Fatih Yiğit Şanlitürk\Fatih-Yigit-Sanliturk;tr TUR;DF;tr Fenerbahçe;18-275;2003;0.1;6;6;0;0;0;1;0;0;0;0;0;0;5;1;0;1;4;0;0;1;5;0;0;0;0;Matches
579;Mattia Zaccagni\Mattia-Zaccagni;it ITA;FW;it Lazio;26-109;1995;1.0;31;30;1;0;0;3;0;2;0;0;0;0;26;4;1;8;22;0;1;0;27;0;0;1;0;Matches
580;Kristoffer Zachariassen\Kristoffer-Zachariassen;no NOR;MF;hu Ferencváros;26-341;1994;1.7;28;28;0;0;0;12;0;1;0;0;0;0;19;3;6;4;22;1;0;0;24;0;1;1;1;Matches
581;Eran Zahavi\Eran-Zahavi;il ISR;FW;nl PSV Eindhoven;34-070;1987;1.4;34;29;5;0;0;6;1;1;0;0;0;0;29;2;3;2;29;1;0;1;30;0;0;1;0;Matches
582;Miha Zajc\Miha-Zajc;si SVN;MF;tr Fenerbahçe;27-094;1994;0.2;19;17;2;0;0;1;2;0;1;0;0;0;14;2;3;1;17;0;1;0;18;0;0;0;0;Matches
583;Joseba Zaldúa\Joseba-Zaldua;es ESP;DF;es Real Sociedad;29-101;1992;1.6;102;83;19;5;0;9;1;3;0;0;0;0;57;22;23;6;73;6;14;1;82;0;3;1;4;Matches
584;Andre-Frank Zambo Anguissa\Andre-Frank-Zambo-Anguissa;cm CMR;MF;it Napoli;25-321;1995;1.4;71;68;3;3;0;18;2;1;0;0;0;0;60;5;6;7;63;0;0;1;60;0;1;4;0;Matches
585;Rifat Zhemaletdinov\Rifat-Zhemaletdinov;ru RUS;FW;ru Loko Moscow;25-013;1996;1.6;35;32;3;0;1;5;4;1;0;0;0;0;23;4;8;6;24;4;0;0;27;0;1;0;0;Matches
586;Dmitri Zhivoglyadov\Dmitri-Zhivoglyadov;ru RUS;DF;ru Loko Moscow;27-127;1994;1.0;49;37;12;0;0;2;0;2;0;0;0;0;30;14;5;1;34;1;12;0;40;0;1;1;0;Matches
587;Piotr Zieliński\Piotr-Zielinski;pl POL;MF;it Napoli;27-136;1994;1.2;62;56;6;1;0;10;2;3;4;0;4;0;49;7;6;14;47;1;0;0;48;2;0;0;1;Matches
588;Richairo Živković\Richairo-Zivkovic;nl NED;FW;rs Red Star;25-028;1996;0.8;8;8;0;0;0;5;0;0;0;0;0;0;4;3;1;2;5;0;0;0;6;0;1;0;1;Matches
589;Roman Zobnin\Roman-Zobnin;ru RUS;MF;ru Spartak Moscow;27-234;1994;0.2;10;10;0;0;0;2;0;1;0;0;0;0;8;2;0;0;9;0;0;0;9;0;0;0;0;Matches
590;Kurt Zouma\Kurt-Zouma;fr FRA;DF;eng West Ham;26-341;1994;1.0;42;41;1;1;0;1;0;0;0;0;0;0;34;4;4;15;24;2;0;0;38;0;0;0;0;Matches
591;Igor Zubeldia\Igor-Zubeldia;es ESP;DF;es Real Sociedad;24-187;1997;1.3;104;104;0;0;0;5;2;0;0;0;0;0;89;6;9;5;95;4;0;0;97;0;2;1;0;Matches
592;Martín Zubimendi\Martin-Zubimendi;es ESP;MF;es Real Sociedad;22-243;1999;2.0;101;100;1;1;0;10;6;1;0;0;0;0;67;11;23;17;70;10;0;0;83;0;2;2;1;Matches
593;Oleksandr Zubkov\Oleksandr-Zubkov;ua UKR;DFFW;hu Ferencváros;25-061;1996;1.0;52;37;15;2;0;13;1;0;0;0;0;0;28;15;9;28;10;1;13;0;35;1;1;7;1;Matches