Rk;Player;Nation;Pos;Squad;Age;Born;90s;Total-Cmp;Total-Att;Total-Cmp%;Total-TotDist;Total-PrgDist;Short-Cmp;Short-Att;Short-Cmp%;Medium-Cmp;Medium-Att;Medium-Cmp%;Long-Cmp;Long-Att;Long-Cmp%;Ast;xA;A-xA;KP;1/3;PPA;CrsPA;Prog;Matches;
1;Dickson Abiama\Dickson-Abiama;ng NGA;FW;Greuther Fürth;22-298;1998;1.3;18;22;81.8;239;86;12;15;80.0;5;5;100.0;0;0;;1;0.6;+0.4;3;0;2;0;2;Matches
2;Ragnar Ache\Ragnar-Ache;de GER;MFFW;Eint Frankfurt;23-031;1998;0.2;1;2;50.0;6;0;1;1;100.0;0;1;0.0;0;0;;1;0.0;+1.0;0;0;0;0;0;Matches
3;Tyler Adams\Tyler-Adams;us USA;MF;RB Leipzig;22-195;1999;1.7;89;107;83.2;1592;369;39;44;88.6;34;41;82.9;12;17;70.6;0;0.0;0.0;1;17;2;0;8;Matches
4;Sargis Adamyan\Sargis-Adamyan;am ARM;FWMF;Hoffenheim;28-097;1993;0.9;20;28;71.4;306;72;11;13;84.6;7;11;63.6;2;2;100.0;0;0.1;-0.1;1;1;0;0;4;Matches
5;Manuel Akanji\Manuel-Akanji;ch SUI;DF;Dortmund;26-040;1995;3.0;270;286;94.4;6319;2095;51;53;96.2;160;164;97.6;58;68;85.3;0;0.0;0.0;1;27;0;0;24;Matches
6;Kevin Akpoguma\Kevin-Akpoguma;ng NGA;DF;Hoffenheim;26-131;1995;2.8;113;141;80.1;1990;992;57;67;85.1;44;56;78.6;11;16;68.8;1;0.1;+0.9;2;11;0;0;12;Matches
7;Nadiem Amiri\Nadiem-Amiri;de GER;FW;Leverkusen;24-305;1996;1.1;58;69;84.1;1018;130;29;31;93.5;20;24;83.3;8;12;66.7;0;0.0;0.0;1;2;2;0;2;Matches
8;Sebastian Andersson\Sebastian-Andersson;se SWE;FW;Köln;30-044;1991;0.4;6;8;75.0;82;11;3;3;100.0;2;2;100.0;0;1;0.0;0;0.0;0.0;0;1;0;0;0;Matches
9;Robert Andrich\Robert-Andrich;de GER;MF;Leverkusen;26-340;1994;0.3;13;14;92.9;170;49;7;7;100.0;5;6;83.3;0;0;;0;0.0;0.0;0;1;1;0;2;Matches
10;Angeliño\Angelino;es ESP;DF;RB Leipzig;24-236;1997;1.0;65;90;72.2;1090;279;37;40;92.5;18;25;72.0;8;23;34.8;0;0.0;0.0;1;1;3;2;5;Matches
11;Waldemar Anton\Waldemar-Anton;de GER;DF;Stuttgart;25-039;1996;2.0;126;136;92.6;2363;946;54;55;98.2;60;63;95.2;12;17;70.6;0;0.0;0.0;1;7;0;0;2;Matches
12;Christopher Antwi-Adjei\Christopher-Antwi-Adjei;gh GHA;MFFW;Bochum;27-202;1994;1.0;22;27;81.5;263;53;18;21;85.7;4;6;66.7;0;0;;0;0.0;0.0;0;0;0;0;0;Matches
13;Charles Aránguiz\Charles-Aranguiz;cl CHI;MF;Leverkusen;32-133;1989;1.9;91;105;86.7;1785;399;28;30;93.3;49;54;90.7;11;17;64.7;0;0.0;0.0;2;6;2;0;5;Matches
14;Maximilian Arnold\Maximilian-Arnold;de GER;MF;Wolfsburg;27-093;1994;2.0;142;159;89.3;3073;698;34;37;91.9;80;85;94.1;24;32;75.0;0;0.1;-0.1;2;20;2;1;15;Matches
15;Takuma Asano\Takuma-Asano;jp JPN;FW;Bochum;26-291;1994;0.6;7;9;77.8;60;13;6;7;85.7;0;1;0.0;0;0;;0;0.0;0.0;0;0;0;0;0;Matches
16;Santiago Ascacíbar\Santiago-Ascacibar;ar ARG;MF;Hertha BSC;24-184;1997;2.0;66;76;86.8;982;242;37;40;92.5;25;28;89.3;3;4;75.0;0;0.0;0.0;1;2;0;0;4;Matches
17;Taiwo Awoniyi\Taiwo-Awoniyi;ng NGA;FW;Union Berlin;24-016;1997;1.4;13;20;65.0;139;39;7;9;77.8;3;7;42.9;0;0;;0;0.2;-0.2;2;0;0;0;0;Matches
18;Mitchel Bakker\Mitchel-Bakker;nl NED;DF;Leverkusen;21-069;2000;2.0;120;140;85.7;2119;759;63;67;94.0;42;49;85.7;15;19;78.9;1;0.1;+0.9;2;9;2;1;9;Matches
19;Ridle Baku\Ridle-Baku;de GER;MFFW;Wolfsburg;23-142;1998;2.0;37;50;74.0;584;143;20;25;80.0;16;19;84.2;1;5;20.0;0;0.0;0.0;1;5;1;1;6;Matches
20;Aymen Barkok\Aymen-Barkok;ma MAR;FW;Eint Frankfurt;23-099;1998;0.5;8;11;72.7;130;36;5;6;83.3;2;3;66.7;1;1;100.0;0;0.0;0.0;0;1;0;0;1;Matches
21;Leandro Barreiro Martins\Leandro-Barreiro-Martins;lu LUX;MF;Mainz 05;21-237;2000;2.0;24;34;70.6;336;129;14;20;70.0;10;13;76.9;0;1;0.0;0;0.0;0.0;1;4;0;0;3;Matches
22;Jacob Barrett Laursen\Jacob-Barrett-Laursen;dk DEN;DF;Arminia;26-284;1994;1.8;46;72;63.9;933;397;18;20;90.0;19;29;65.5;9;20;45.0;0;0.0;0.0;0;4;1;0;6;Matches
23;Maximilian Bauer\Maximilian-Bauer;de GER;DF;Greuther Fürth;21-200;2000;2.0;102;125;81.6;2551;665;19;24;79.2;57;62;91.9;26;39;66.7;0;0.0;0.0;0;2;0;0;3;Matches
24;Oliver Baumann\Oliver-Baumann;de GER;GK;Hoffenheim;31-087;1990;3.0;98;127;77.2;2282;1316;34;34;100.0;36;37;97.3;23;51;45.1;0;0.0;0.0;0;2;0;0;0;Matches
25;Timo Baumgartl\Timo-Baumgartl;de GER;DF;Union Berlin;25-177;1996;1.0;35;43;81.4;760;253;9;9;100.0;20;22;90.9;6;12;50.0;0;0.0;0.0;0;2;0;0;2;Matches
26;Julian Baumgartlinger\Julian-Baumgartlinger;at AUT;MF;Leverkusen;33-238;1988;0.1;7;8;87.5;170;18;1;2;50.0;5;5;100.0;1;1;100.0;0;0.0;0.0;0;1;0;0;0;Matches
27;Christoph Baumgartner\Christoph-Baumgartner;at AUT;FWMF;Hoffenheim;22-027;1999;2.4;46;66;69.7;801;224;20;21;95.2;18;28;64.3;6;12;50.0;0;0.2;-0.2;1;3;2;1;5;Matches
28;Noah Joel Sarenren Bazee\Noah-Joel-Sarenren-Bazee;ng NGA;FW;Augsburg;25-007;1996;0.1;0;1;0.0;0;0;0;0;;0;1;0.0;0;0;;0;0.0;0.0;0;0;0;0;0;Matches
29;Kevin Behrens\Kevin-Behrens;de GER;MF;Union Berlin;30-206;1991;0.1;4;5;80.0;51;19;3;4;75.0;1;1;100.0;0;0;;0;0.0;0.0;1;0;1;0;1;Matches
30;Stefan Bell\Stefan-Bell;de GER;DF;Mainz 05;30-004;1991;1.7;41;57;71.9;1071;456;6;6;100.0;26;35;74.3;9;16;56.3;0;0.0;0.0;0;4;0;0;1;Matches
31;Armel Bella Kotchap\Armel-Bella-Kotchap;de GER;DF;Bochum;19-260;2001;1.0;34;37;91.9;876;166;4;4;100.0;19;20;95.0;10;12;83.3;0;0.0;0.0;0;2;0;0;0;Matches
32;Jude Bellingham\Jude-Bellingham;eng ENG;MF;Dortmund;18-060;2003;2.6;102;118;86.4;1865;362;41;46;89.1;45;49;91.8;12;16;75.0;1;0.2;+0.8;3;6;2;0;7;Matches
33;László Bénes\Laszlo-Benes;sk SVK;MF;M'Gladbach;23-353;1997;0.0;1;1;100.0;9;6;1;1;100.0;0;0;;0;0;;0;0.0;0.0;0;1;0;0;0;Matches
34;Keanen Bennetts\Keanen-Bennetts;eng ENG;FW;M'Gladbach;22-172;1999;0.2;6;8;75.0;122;10;4;4;100.0;1;2;50.0;1;2;50.0;0;0.0;0.0;0;1;0;0;0;Matches
35;Ramy Bensebaini\Ramy-Bensebaini;dz ALG;DF;M'Gladbach;26-134;1995;0.5;35;37;94.6;653;241;16;16;100.0;15;15;100.0;4;6;66.7;0;0.1;-0.1;1;3;1;1;3;Matches
36;Kevin-Prince Boateng\Kevin-Prince-Boateng;gh GHA;MF;Hertha BSC;34-175;1987;1.1;30;37;81.1;742;175;9;12;75.0;10;11;90.9;10;13;76.9;0;0.0;0.0;1;1;1;0;1;Matches
37;Herbert Bockhorn\Herbert-Bockhorn;de GER;DF;Bochum;26-209;1995;0.5;12;19;63.2;301;86;3;4;75.0;4;9;44.4;5;6;83.3;0;0.0;0.0;0;1;0;0;2;Matches
38;Jean-Paul Boëtius\Jean-Paul-Boetius;nl NED;MF;Mainz 05;27-159;1994;0.5;20;27;74.1;344;57;10;10;100.0;7;11;63.6;3;6;50.0;0;0.0;0.0;1;1;0;0;0;Matches
39;Rafael Borré\Rafael-Borre;co COL;FW;Eint Frankfurt;25-347;1995;2.0;42;53;79.2;620;67;25;31;80.6;11;14;78.6;3;4;75.0;0;0.1;-0.1;1;2;3;0;3;Matches
40;Dedryck Boyata\Dedryck-Boyata;be BEL;DF;Hertha BSC;30-273;1990;0.9;36;36;100.0;968;229;3;3;100.0;23;23;100.0;10;10;100.0;0;0.0;0.0;1;2;0;0;0;Matches
41;Julian Brandt\Julian-Brandt;de GER;MF;Dortmund;25-118;1996;0.5;29;39;74.4;621;206;12;15;80.0;8;9;88.9;8;13;61.5;0;0.5;-0.5;3;4;1;1;4;Matches
42;Josip Brekalo\Josip-Brekalo;hr CRO;MF;Wolfsburg;23-066;1998;0.2;13;18;72.2;236;32;8;10;80.0;3;5;60.0;2;3;66.7;1;0.4;+0.6;1;0;0;0;1;Matches
43;Brian Brobbey\Brian-Brobbey;nl NED;FW;RB Leipzig;19-208;2002;0.1;1;1;100.0;36;0;0;0;;0;0;;1;1;100.0;0;0.0;0.0;0;0;0;0;0;Matches
44;John Brooks\John-Brooks;us USA;DF;Wolfsburg;28-212;1993;2.0;146;157;93.0;3179;1042;35;36;97.2;91;94;96.8;19;26;73.1;1;0.1;+0.9;1;16;0;0;11;Matches
45;Cédric Brunner\Cedric-Brunner;ch SUI;DF;Arminia;27-192;1994;1.7;43;68;63.2;977;367;9;13;69.2;24;27;88.9;9;26;34.6;1;0.3;+0.7;2;3;2;1;5;Matches
46;Jacob Bruun Larsen\Jacob-Bruun-Larsen;dk DEN;FWMF;Hoffenheim;22-343;1998;2.1;46;64;71.9;680;106;24;31;77.4;18;25;72.0;2;4;50.0;0;0.6;-0.6;3;0;3;1;2;Matches
47;Sascha Burchert\Sascha-Burchert;de GER;GK;Greuther Fürth;31-302;1989;2.0;55;74;74.3;1720;1041;7;7;100.0;27;27;100.0;21;40;52.5;0;0.0;0.0;0;0;0;0;0;Matches
48;Jonathan Burkardt\Jonathan-Burkardt;de GER;FW;Mainz 05;21-048;2000;2.0;19;27;70.4;233;52;14;18;77.8;5;5;100.0;0;0;;0;0.1;-0.1;1;0;1;1;1;Matches
49;Daniel Caligiuri\Daniel-Caligiuri;it ITA;FWMF;Augsburg;33-225;1988;0.5;14;16;87.5;244;91;6;6;100.0;7;7;100.0;1;3;33.3;0;0.0;0.0;0;2;1;0;4;Matches
50;Emre Can\Emre-Can;de GER;DF;Dortmund;27-228;1994;0.1;10;12;83.3;220;46;2;2;100.0;7;7;100.0;1;3;33.3;0;0.0;0.0;0;0;1;0;2;Matches
51;Koen Casteels\Koen-Casteels;be BEL;GK;Wolfsburg;29-064;1992;2.0;49;60;81.7;1318;702;4;4;100.0;33;33;100.0;12;23;52.2;0;0.0;0.0;0;0;0;0;0;Matches
52;Max Christiansen\Max-Christiansen;de GER;MF;Greuther Fürth;24-337;1996;0.2;18;18;100.0;413;122;3;3;100.0;12;12;100.0;3;3;100.0;0;0.0;0.0;0;5;1;0;3;Matches
53;Kingsley Coman\Kingsley-Coman;fr FRA;FW;Bayern Munich;25-076;1996;0.2;9;14;64.3;147;14;4;4;100.0;5;6;83.3;0;3;0.0;0;0.2;-0.2;1;0;0;0;0;Matches
54;Danny da Costa\Danny-da-Costa;de GER;DF;Eint Frankfurt;28-046;1993;1.0;18;29;62.1;365;181;4;5;80.0;11;16;68.8;3;7;42.9;0;0.0;0.0;0;2;0;0;4;Matches
55;Matheus Cunha\Matheus-Cunha;br BRA;FW;Hertha BSC;22-093;1999;0.7;12;13;92.3;166;38;6;6;100.0;3;4;75.0;1;1;100.0;1;0.0;+1.0;0;0;0;0;2;Matches
56;Rafael Czichos\Rafael-Czichos;de GER;DF;Köln;31-106;1990;2.0;100;118;84.7;2486;910;11;13;84.6;61;64;95.3;27;38;71.1;0;0.0;0.0;0;6;0;0;10;Matches
57;Moanes Dabour\Moanes-Dabour;il ISR;MFFW;Hoffenheim;29-106;1992;1.4;35;46;76.1;482;78;21;26;80.8;11;14;78.6;1;3;33.3;0;0.2;-0.2;1;1;0;0;1;Matches
58;Mahmoud Dahoud\Mahmoud-Dahoud;de GER;MF;Dortmund;25-239;1996;3.0;150;181;82.9;3055;1014;54;63;85.7;72;79;91.1;21;31;67.7;0;0.8;-0.8;4;25;3;0;18;Matches
59;Márton Dárdai\Marton-Dardai;de GER;DF;Hertha BSC;19-197;2002;1.0;20;30;66.7;504;245;2;4;50.0;13;15;86.7;5;9;55.6;0;0.0;0.0;0;2;0;0;2;Matches
60;Alphonso Davies\Alphonso-Davies;ca CAN;DF;Bayern Munich;20-299;2000;2.0;115;137;83.9;1965;652;54;64;84.4;52;61;85.2;9;10;90.0;0;0.6;-0.6;4;7;4;2;11;Matches
61;Thomas Delaney\Thomas-Delaney;dk DEN;MF;Dortmund;29-359;1991;0.2;11;15;73.3;129;31;7;8;87.5;3;5;60.0;0;1;0.0;0;0.0;0.0;0;1;0;0;2;Matches
62;Kerem Demirbay\Kerem-Demirbay;de GER;MF;Leverkusen;28-056;1993;1.9;70;92;76.1;1465;541;30;36;83.3;26;30;86.7;12;21;57.1;0;0.1;-0.1;2;8;2;0;10;Matches
63;Ermedin Demirović\Ermedin-Demirovic;ba BIH;FWMF;Freiburg;23-156;1998;0.3;3;4;75.0;27;0;2;2;100.0;0;0;;0;0;;0;0.0;0.0;0;0;0;0;0;Matches
64;Mike van der Hoorn\Mike-van-der-Hoorn;nl NED;DF;Arminia;28-317;1992;0.2;3;4;75.0;72;9;1;1;100.0;1;1;100.0;1;1;100.0;0;0.0;0.0;0;0;0;0;0;Matches
65;Moussa Diaby\Moussa-Diaby;fr FRA;FW;Leverkusen;22-052;1999;2.0;49;67;73.1;1003;196;21;26;80.8;20;27;74.1;8;9;88.9;1;0.4;+0.6;4;5;5;0;10;Matches
66;Daniel Didavi\Daniel-Didavi;de GER;FWMF;Stuttgart;31-188;1990;0.8;28;39;71.8;571;147;12;16;75.0;10;13;76.9;5;6;83.3;0;0.4;-0.4;2;3;3;0;6;Matches
67;Javairô Dilrosun\Javairo-Dilrosun;nl NED;FW;Hertha BSC;23-067;1998;0.7;11;13;84.6;184;23;7;9;77.8;2;2;100.0;2;2;100.0;0;0.0;0.0;0;0;0;0;0;Matches
68;Niklas Dorsch\Niklas-Dorsch;de GER;MF;Augsburg;23-225;1998;1.8;59;73;80.8;1241;419;18;20;90.0;33;37;89.2;8;14;57.1;0;0.0;0.0;0;4;1;0;6;Matches
69;Ondrej Duda\Ondrej-Duda;sk SVK;FWMF;Köln;26-266;1994;0.5;28;36;77.8;492;89;12;15;80.0;13;15;86.7;3;5;60.0;0;0.0;0.0;0;1;0;0;0;Matches
70;Jeremy Dudziak\Jeremy-Dudziak;tn TUN;MFFW;Greuther Fürth;26-000;1995;0.1;3;4;75.0;58;19;1;1;100.0;2;3;66.7;0;0;;0;0.0;0.0;1;0;1;1;0;Matches
71;Erik Durm\Erik-Durm;de GER;DF;Eint Frankfurt;29-108;1992;1.0;35;50;70.0;701;301;11;11;100.0;21;29;72.4;3;8;37.5;0;0.0;0.0;0;5;1;0;7;Matches
72;Maximilian Eggestein\Maximilian-Eggestein;de GER;MF;Freiburg;24-263;1996;0.1;0;0;;0;0;0;0;;0;0;;0;0;;0;0.0;0.0;0;0;0;0;0;Matches
73;Kingsley Ehizibue\Kingsley-Ehizibue;nl NED;DF;Köln;26-095;1995;1.1;38;56;67.9;915;445;10;16;62.5;19;21;90.5;9;17;52.9;1;0.3;+0.7;2;1;2;2;3;Matches
74;Nico Elvedi\Nico-Elvedi;ch SUI;DF;M'Gladbach;24-332;1996;2.0;89;97;91.8;1739;549;28;31;90.3;51;54;94.4;8;10;80.0;0;0.0;0.0;1;2;0;0;2;Matches
75;Wataru Endo\Wataru-Endo;jp JPN;MF;Stuttgart;28-200;1993;2.0;112;132;84.8;1976;469;57;63;90.5;40;51;78.4;14;15;93.3;0;0.1;-0.1;2;8;0;0;15;Matches
76;Adrian Fein\Adrian-Fein;de GER;MF;Greuther Fürth;22-163;1999;0.2;2;4;50.0;37;0;1;2;50.0;1;1;100.0;0;1;0.0;0;0.0;0.0;1;0;0;0;0;Matches
77;Ohis Felix Uduokhai\Ohis-Felix-Uduokhai;de GER;DF;Augsburg;23-353;1997;2.0;63;82;76.8;1394;514;20;21;95.2;29;33;87.9;13;25;52.0;0;0.0;0.0;0;4;1;0;4;Matches
78;Mark Flekken\Mark-Flekken;nl NED;GK;Freiburg;28-076;1993;2.0;37;62;59.7;1498;1076;3;3;100.0;10;10;100.0;24;49;49.0;0;0.0;0.0;0;0;0;0;0;Matches
79;Emil Forsberg\Emil-Forsberg;se SWE;MF;RB Leipzig;29-309;1991;2.0;61;74;82.4;900;216;34;39;87.2;23;24;95.8;3;8;37.5;0;0.5;-0.5;4;6;6;0;10;Matches
80;Philipp Förster\Philipp-Forster;de GER;FW;Stuttgart;26-205;1995;1.9;87;98;88.8;1473;364;44;49;89.8;36;37;97.3;7;9;77.8;1;0.6;+0.4;3;9;4;0;10;Matches
81;Raphael Framberger\Raphael-Framberger;de GER;MF;Augsburg;25-356;1995;0.8;8;15;53.3;162;104;4;5;80.0;3;5;60.0;1;3;33.3;0;0.0;0.0;0;1;1;0;2;Matches
82;Marvin Friedrich\Marvin-Friedrich;de GER;DF;Union Berlin;25-258;1995;2.0;63;82;76.8;1423;719;20;23;87.0;24;31;77.4;16;24;66.7;0;0.2;-0.2;1;6;1;0;4;Matches
83;Jeremie Frimpong\Jeremie-Frimpong;nl NED;DF;Leverkusen;20-261;2000;2.0;103;116;88.8;1665;571;45;48;93.8;50;55;90.9;4;6;66.7;1;0.5;+0.5;3;8;2;1;10;Matches
84;Stephan Fürstner\Stephan-Furstner;de GER;MF;Mainz 05;33-351;1987;0.1;1;5;20.0;12;11;1;1;100.0;0;1;0.0;0;3;0.0;0;0.0;0.0;0;0;0;0;1;Matches
85;Mijat Gaćinović\Mijat-Gacinovic;rs SRB;FWDF;Hoffenheim;26-201;1995;0.7;34;39;87.2;595;237;14;15;93.3;18;19;94.7;2;5;40.0;0;0.0;0.0;0;1;0;0;4;Matches
86;Cristian Gamboa\Cristian-Gamboa;cr CRC;DF;Bochum;31-308;1989;1.5;50;70;71.4;932;446;18;21;85.7;26;37;70.3;5;10;50.0;0;0.0;0.0;0;6;0;0;8;Matches
87;Silvère Ganvoula M'Boussy\Silvere-Ganvoula-MBoussy;cg CGO;DF;Bochum;25-067;1996;0.0;0;0;;0;0;0;0;;0;0;;0;0;;0;0.0;0.0;0;0;0;0;0;Matches
88;Dennis Geiger\Dennis-Geiger;de GER;MF;Hoffenheim;23-079;1998;0.9;34;41;82.9;735;224;13;15;86.7;15;17;88.2;6;8;75.0;1;0.2;+0.8;1;2;3;1;2;Matches
89;Yannick Gerhardt\Yannick-Gerhardt;de GER;DFMF;Wolfsburg;27-168;1994;0.1;4;8;50.0;50;47;3;5;60.0;1;3;33.3;0;0;;0;0.0;0.0;0;1;0;0;0;Matches
90;Hamadi Al Ghaddioui\Hamadi-Al-Ghaddioui;ma MAR;FW;Stuttgart;30-340;1990;1.2;16;25;64.0;181;5;14;22;63.6;2;2;100.0;0;0;;0;0.0;0.0;0;0;0;0;0;Matches
91;Niko Gießelmann\Niko-Giesselmann;de GER;DF;Union Berlin;29-336;1991;1.8;58;74;78.4;1127;606;18;24;75.0;34;39;87.2;6;9;66.7;0;0.1;-0.1;3;4;3;0;10;Matches
92;Rafał Gikiewicz\Rafal-Gikiewicz;pl POL;GK;Augsburg;33-306;1987;2.0;57;79;72.2;1914;1202;7;7;100.0;25;25;100.0;25;47;53.2;0;0.0;0.0;0;1;0;0;0;Matches
93;Matthias Ginter\Matthias-Ginter;de GER;DF;M'Gladbach;27-221;1994;1.7;49;63;77.8;1197;454;9;10;90.0;26;29;89.7;13;23;56.5;0;0.0;0.0;0;2;2;1;3;Matches
94;Serge Gnabry\Serge-Gnabry;de GER;FW;Bayern Munich;26-045;1995;1.7;58;73;79.5;938;254;33;36;91.7;19;25;76.0;5;7;71.4;0;0.4;-0.4;1;5;4;0;8;Matches
95;Leon Goretzka\Leon-Goretzka;de GER;MF;Bayern Munich;26-203;1995;1.7;65;76;85.5;1188;332;24;26;92.3;32;38;84.2;6;6;100.0;0;0.3;-0.3;2;5;1;0;11;Matches
96;Jeffrey Gouweleeuw\Jeffrey-Gouweleeuw;nl NED;DF;Augsburg;30-049;1991;1.0;33;48;68.8;783;310;11;11;100.0;15;19;78.9;7;17;41.2;0;0.0;0.0;0;2;1;0;0;Matches
97;Julian Green\Julian-Green;us USA;MF;Greuther Fürth;26-083;1995;1.8;50;62;80.6;1043;212;18;20;90.0;25;29;86.2;7;13;53.8;0;0.2;-0.2;2;5;1;0;5;Matches
98;Michael Gregoritsch\Michael-Gregoritsch;at AUT;MFFW;Augsburg;27-132;1994;0.5;6;10;60.0;62;0;6;7;85.7;0;3;0.0;0;0;;0;0.0;0.0;0;0;0;0;0;Matches
99;Vincenzo Grifo\Vincenzo-Grifo;it ITA;MF;Freiburg;28-143;1993;1.9;52;64;81.3;1075;517;26;27;96.3;15;16;93.8;11;19;57.9;0;0.8;-0.8;4;4;4;1;11;Matches
100;Carlos Gruezo\Carlos-Gruezo;ec ECU;MF;Augsburg;26-131;1995;0.5;7;8;87.5;136;58;3;3;100.0;3;3;100.0;1;2;50.0;0;0.0;0.0;0;0;1;0;1;Matches
101;Raphaël Guerreiro\Raphael-Guerreiro;pt POR;DF;Dortmund;27-249;1993;1.5;129;146;88.4;1966;935;67;75;89.3;48;49;98.0;9;12;75.0;0;0.5;-0.5;5;12;4;2;15;Matches
102;Josuha Guilavogui\Josuha-Guilavogui;fr FRA;MF;Wolfsburg;30-343;1990;0.1;6;8;75.0;86;18;4;4;100.0;2;3;66.7;0;1;0.0;0;0.0;0.0;0;0;0;0;1;Matches
103;Péter Gulácsi\Peter-Gulacsi;hu HUN;GK;RB Leipzig;31-114;1990;2.0;35;52;67.3;938;463;6;6;100.0;17;17;100.0;12;29;41.4;0;0.0;0.0;0;0;0;0;0;Matches
104;Manuel Gulde\Manuel-Gulde;de GER;DF;Freiburg;30-197;1991;0.7;24;27;88.9;491;139;7;8;87.5;14;16;87.5;3;3;100.0;0;0.0;0.0;0;0;0;0;2;Matches
105;Robert Gumny\Robert-Gumny;pl POL;DF;Augsburg;23-085;1998;2.0;56;87;64.4;938;607;28;33;84.8;26;35;74.3;2;14;14.3;0;0.0;0.0;0;2;2;1;4;Matches
106;Christian Günter\Christian-Gunter;de GER;DF;Freiburg;28-181;1993;2.0;52;75;69.3;1013;550;23;26;88.5;17;22;77.3;9;19;47.4;0;0.7;-0.7;4;4;3;3;5;Matches
107;Joško Gvardiol\Josko-Gvardiol;hr CRO;DF;RB Leipzig;19-217;2002;1.0;50;60;83.3;953;323;26;31;83.9;16;18;88.9;7;8;87.5;0;0.1;-0.1;2;3;0;0;1;Matches
108;Erling Haaland\Erling-Haaland;no NOR;FW;Dortmund;21-038;2000;3.0;55;71;77.5;668;173;29;35;82.9;13;18;72.2;2;4;50.0;3;0.9;+2.1;5;2;5;0;8;Matches
109;Janik Haberer\Janik-Haberer;de GER;MFFW;Freiburg;27-148;1994;0.3;4;5;80.0;108;21;1;2;50.0;0;0;;2;2;100.0;0;0.0;0.0;1;1;0;0;1;Matches
110;Alexander Hack\Alexander-Hack;de GER;DF;Mainz 05;27-354;1993;1.5;38;51;74.5;781;327;12;13;92.3;17;20;85.0;8;13;61.5;0;0.0;0.0;1;4;0;0;3;Matches
111;Robin Hack\Robin-Hack;de GER;MF;Arminia;23-001;1998;0.3;6;8;75.0;76;28;2;2;100.0;1;3;33.3;1;1;100.0;0;0.1;-0.1;1;0;0;0;1;Matches
112;André Hahn\Andre-Hahn;de GER;FW;Augsburg;31-015;1990;1.5;11;25;44.0;151;9;7;9;77.8;4;8;50.0;0;3;0.0;0;0.0;0.0;0;1;0;0;0;Matches
113;Amadou Haidara\Amadou-Haidara;ml MLI;MFFW;RB Leipzig;23-209;1998;1.5;48;58;82.8;722;155;28;33;84.8;17;21;81.0;2;3;66.7;0;0.0;0.0;0;3;1;0;2;Matches
114;Genki Haraguchi\Genki-Haraguchi;jp JPN;MF;Union Berlin;30-111;1991;1.8;22;41;53.7;332;104;13;16;81.3;7;15;46.7;1;4;25.0;0;0.0;0.0;0;2;0;0;3;Matches
115;Makoto Hasebe\Makoto-Hasebe;jp JPN;MF;Eint Frankfurt;37-222;1984;0.9;26;33;78.8;520;68;12;14;85.7;8;9;88.9;5;8;62.5;0;0.0;0.0;0;2;0;0;3;Matches
116;Thorgan Hazard\Thorgan-Hazard;be BEL;FW;Dortmund;28-152;1993;0.8;26;40;65.0;403;127;14;16;87.5;10;14;71.4;2;8;25.0;0;0.6;-0.6;1;0;1;1;2;Matches
117;Jonas Hector\Jonas-Hector;de GER;DF;Köln;31-093;1990;2.0;95;118;80.5;1892;764;39;44;88.6;37;42;88.1;17;25;68.0;1;0.1;+0.9;1;4;1;1;11;Matches
118;Hwang Hee-chan\Hwang-Hee-chan;kr KOR;FW;RB Leipzig;25-214;1996;0.5;6;8;75.0;94;0;4;4;100.0;2;2;100.0;0;1;0.0;0;0.0;0.0;0;0;0;0;0;Matches
119;Dominique Heintz\Dominique-Heintz;de GER;DF;Freiburg;28-013;1993;0.3;19;21;90.5;530;141;2;4;50.0;11;11;100.0;6;6;100.0;0;0.0;0.0;0;1;0;0;0;Matches
120;Patrick Herrmann\Patrick-Herrmann;de GER;FWMF;M'Gladbach;30-197;1991;1.0;27;37;73.0;466;188;17;21;81.0;6;10;60.0;4;6;66.7;0;0.0;0.0;2;1;2;1;2;Matches
121;Martin Hinteregger\Martin-Hinteregger;at AUT;DF;Eint Frankfurt;28-355;1992;2.0;82;106;77.4;1745;564;23;26;88.5;43;50;86.0;16;27;59.3;0;0.0;0.0;0;6;0;0;6;Matches
122;Nicolas Höfler\Nicolas-Hofler;de GER;MF;Freiburg;31-172;1990;2.0;44;57;77.2;670;187;27;30;90.0;13;17;76.5;3;6;50.0;0;0.0;0.0;0;5;0;0;5;Matches
123;Jonas Hofmann\Jonas-Hofmann;de GER;FW;M'Gladbach;29-045;1992;1.3;47;54;87.0;832;264;24;27;88.9;15;15;100.0;7;9;77.8;0;0.9;-0.9;3;2;3;1;6;Matches
124;Lucas Höler\Lucas-Holer;de GER;FW;Freiburg;27-049;1994;1.7;32;45;71.1;499;60;18;22;81.8;10;16;62.5;2;2;100.0;1;0.2;+0.8;2;0;0;0;0;Matches
125;Gerrit Holtmann\Gerrit-Holtmann;ph PHI;FW;Bochum;26-156;1995;0.9;5;9;55.6;68;21;3;3;100.0;2;3;66.7;0;2;0.0;0;0.0;0.0;0;1;0;0;1;Matches
126;Justin Hoogma\Justin-Hoogma;nl NED;DF;Greuther Fürth;23-078;1998;2.0;104;119;87.4;2450;874;22;25;88.0;60;62;96.8;22;31;71.0;0;0.0;0.0;1;6;0;0;3;Matches
127;Timo Horn\Timo-Horn;de GER;GK;Köln;28-108;1993;2.0;61;71;85.9;1682;1063;19;19;100.0;21;21;100.0;21;31;67.7;0;0.0;0.0;0;0;0;0;0;Matches
128;Lukáš Hrádecký\Lukas-Hradecky;fi FIN;GK;Leverkusen;31-277;1989;2.0;60;82;73.2;1728;1001;13;13;100.0;25;25;100.0;21;43;48.8;0;0.0;0.0;0;0;0;0;0;Matches
129;Branimir Hrgota\Branimir-Hrgota;se SWE;FW;Greuther Fürth;28-228;1993;1.9;31;41;75.6;500;131;16;20;80.0;11;13;84.6;3;4;75.0;0;0.1;-0.1;1;0;3;0;5;Matches
130;Ajdin Hrustic\Ajdin-Hrustic;au AUS;MF;Eint Frankfurt;25-054;1996;1.1;62;80;77.5;1283;384;21;25;84.0;31;36;86.1;10;16;62.5;0;0.0;0.0;1;7;1;0;6;Matches
131;Timo Hübers\Timo-Hubers;de GER;DF;Köln;25-039;1996;1.0;49;59;83.1;1086;291;5;8;62.5;37;39;94.9;7;12;58.3;0;0.0;0.0;0;4;0;0;1;Matches
132;Mats Hummels\Mats-Hummels;de GER;DF;Dortmund;32-255;1988;0.1;8;12;66.7;236;41;0;0;;5;5;100.0;3;6;50.0;0;0.0;0.0;0;0;0;0;0;Matches
133;Iago\Iago;br BRA;DF;Augsburg;24-158;1997;1.9;64;93;68.8;1136;469;27;30;90.0;31;43;72.1;6;17;35.3;0;0.0;0.0;1;7;1;0;5;Matches
134;Stefan Ilsanker\Stefan-Ilsanker;at AUT;DF;Eint Frankfurt;32-102;1989;0.5;16;18;88.9;294;102;6;6;100.0;8;8;100.0;1;3;33.3;0;0.0;0.0;0;0;0;0;1;Matches
135;Marcus Ingvartsen\Marcus-Ingvartsen;dk DEN;MF;Union Berlin;25-236;1996;1.4;25;34;73.5;394;83;14;16;87.5;9;14;64.3;2;3;66.7;0;0.0;0.0;0;1;0;0;1;Matches
136;Gian-Luca Itter\Gian-Luca-Itter;de GER;DF;Greuther Fürth;22-235;1999;2.0;73;86;84.9;1530;363;24;28;85.7;36;39;92.3;13;17;76.5;0;0.1;-0.1;1;2;3;3;5;Matches
137;Lee Jae-sung\Lee-Jae-sung;kr KOR;FW;Mainz 05;29-018;1992;1.7;30;48;62.5;491;97;17;23;73.9;10;16;62.5;2;4;50.0;0;0.0;0.0;0;5;0;0;1;Matches
138;Paul Jaeckel\Paul-Jaeckel;de GER;DF;Union Berlin;23-037;1998;1.0;30;40;75.0;559;129;9;14;64.3;18;20;90.0;3;4;75.0;0;0.0;0.0;0;0;0;0;0;Matches
139;Fredrik Jensen\Fredrik-Jensen;fi FIN;FWMF;Augsburg;23-353;1997;1.5;24;40;60.0;439;122;13;18;72.2;6;12;50.0;4;7;57.1;0;0.3;-0.3;2;3;2;1;2;Matches
140;Marco John\Marco-John;de GER;DF;Hoffenheim;19-148;2002;0.4;9;10;90.0;145;67;5;5;100.0;3;4;75.0;1;1;100.0;0;0.0;0.0;0;1;0;0;1;Matches
141;Stevan Jovetić\Stevan-Jovetic;me MNE;FWMF;Hertha BSC;31-299;1989;1.2;26;33;78.8;456;187;16;21;76.2;6;7;85.7;3;3;100.0;0;0.3;-0.3;3;5;2;1;5;Matches
142;Gideon Jung\Gideon-Jung;de GER;DF;Greuther Fürth;26-350;1994;1.0;29;35;82.9;555;145;8;9;88.9;19;20;95.0;2;6;33.3;0;0.0;0.0;0;1;0;0;2;Matches
143;Florian Kainz\Florian-Kainz;at AUT;MF;Köln;28-308;1992;1.6;41;65;63.1;867;349;14;17;82.4;12;19;63.2;12;22;54.5;0;0.3;-0.3;3;4;3;0;8;Matches
144;Sasa Kalajdzic\Sasa-Kalajdzic;at AUT;FW;Stuttgart;24-052;1997;0.2;2;4;50.0;20;0;2;3;66.7;0;0;;0;1;0.0;0;0.0;0.0;0;0;0;0;0;Matches
145;Daichi Kamada\Daichi-Kamada;jp JPN;FW;Eint Frankfurt;25-023;1996;0.7;15;22;68.2;201;60;7;10;70.0;3;5;60.0;2;4;50.0;0;0.1;-0.1;2;1;1;0;1;Matches
146;Kevin Kampl\Kevin-Kampl;si SVN;MF;RB Leipzig;30-323;1990;1.0;69;74;93.2;1272;335;24;27;88.9;37;39;94.9;7;7;100.0;0;0.0;0.0;0;12;1;0;9;Matches
147;Atakan Karazor\Atakan-Karazor;de GER;MF;Stuttgart;24-319;1996;0.1;4;5;80.0;42;7;4;4;100.0;0;1;0.0;0;0;;0;0.0;0.0;0;1;0;0;0;Matches
148;Yannik Keitel\Yannik-Keitel;de GER;MF;Freiburg;21-194;2000;1.7;28;46;60.9;564;153;7;14;50.0;18;24;75.0;3;8;37.5;0;0.0;0.0;1;3;0;0;3;Matches
149;Marc-Oliver Kempf\Marc-Oliver-Kempf;de GER;DF;Stuttgart;26-212;1995;2.0;112;125;89.6;2175;698;44;46;95.7;52;56;92.9;16;22;72.7;0;0.2;-0.2;2;7;0;0;3;Matches
150;Rani Khedira\Rani-Khedira;de GER;MF;Union Berlin;27-213;1994;2.0;32;48;66.7;631;303;12;18;66.7;13;18;72.2;6;10;60.0;0;0.0;0.0;0;3;0;0;5;Matches
151;Luca Kilian\Luca-Kilian;de GER;FW;Mainz 05;21-361;1999;0.0;0;1;0.0;0;0;0;1;0.0;0;0;;0;0;;0;0.0;0.0;0;0;0;0;0;Matches
152;Joshua Kimmich\Joshua-Kimmich;de GER;MF;Bayern Munich;26-201;1995;2.0;139;166;83.7;3159;1078;42;47;89.4;64;72;88.9;30;42;71.4;2;0.4;+1.6;6;23;0;0;17;Matches
153;Philipp Klement\Philipp-Klement;de GER;MF;Stuttgart;28-353;1992;1.7;119;141;84.4;2444;764;47;53;88.7;49;52;94.2;23;30;76.7;0;0.8;-0.8;5;17;4;0;17;Matches
154;Mateo Klimowicz\Mateo-Klimowicz;de GER;FW;Stuttgart;21-053;2000;1.5;33;41;80.5;513;166;14;14;100.0;18;22;81.8;0;1;0.0;1;0.2;+0.8;2;4;3;0;6;Matches
155;Fabian Klos\Fabian-Klos;de GER;FW;Arminia;33-269;1987;1.8;27;55;49.1;493;173;17;23;73.9;6;19;31.6;4;7;57.1;0;0.0;0.0;1;4;2;0;6;Matches
156;Lukas Klostermann\Lukas-Klostermann;de GER;DF;RB Leipzig;25-087;1996;1.0;34;39;87.2;586;245;15;16;93.8;15;19;78.9;3;3;100.0;0;0.2;-0.2;2;1;1;1;1;Matches
157;Lukas Klünter\Lukas-Klunter;de GER;DF;Hertha BSC;25-094;1996;0.4;12;15;80.0;261;101;3;3;100.0;7;9;77.8;2;3;66.7;0;0.3;-0.3;1;0;2;1;3;Matches
158;Robin Knoche\Robin-Knoche;de GER;DF;Union Berlin;29-098;1992;2.0;64;83;77.1;1504;450;16;17;94.1;33;36;91.7;14;27;51.9;0;0.0;0.0;0;7;0;0;3;Matches
159;Gregor Kobel\Gregor-Kobel;ch SUI;GK;Dortmund;23-265;1997;3.0;106;123;86.2;2367;1193;33;33;100.0;53;53;100.0;20;37;54.1;0;0.0;0.0;0;0;0;0;0;Matches
160;Dominik Kohr\Dominik-Kohr;de GER;MF;Mainz 05;27-209;1994;0.5;33;45;73.3;518;71;14;17;82.4;17;21;81.0;1;4;25.0;0;0.0;0.0;0;1;0;0;3;Matches
161;Odilon Kossonou\Odilon-Kossonou;ci CIV;DF;Leverkusen;20-236;2001;2.0;127;147;86.4;3219;982;28;28;100.0;57;62;91.9;41;54;75.9;0;0.4;-0.4;1;3;0;0;2;Matches
162;Filip Kostić\Filip-Kostic;rs SRB;FWDF;Eint Frankfurt;28-300;1992;1.9;61;84;72.6;1197;516;28;33;84.8;20;27;74.1;10;17;58.8;0;1.1;-1.1;6;10;5;5;11;Matches
163;Nianzou Kouassi\Nianzou-Kouassi;fr FRA;DF;Bayern Munich;19-082;2002;0.5;27;31;87.1;579;250;7;10;70.0;17;17;100.0;3;4;75.0;0;0.0;0.0;0;5;0;0;5;Matches
164;Andrej Kramarić\Andrej-Kramaric;hr CRO;FWMF;Hoffenheim;30-070;1991;3.0;83;108;76.9;1376;467;48;59;81.4;24;28;85.7;8;13;61.5;4;1.8;+2.2;5;10;6;2;10;Matches
165;Christoph Kramer\Christoph-Kramer;de GER;MF;M'Gladbach;30-190;1991;2.0;67;88;76.1;1148;340;31;36;86.1;29;36;80.6;6;12;50.0;0;0.0;0.0;0;8;2;0;8;Matches
166;Florian Krüger\Florian-Kruger;de GER;FW;Arminia;22-196;1999;0.3;6;8;75.0;77;25;3;3;100.0;3;3;100.0;0;0;;0;0.0;0.0;0;1;0;0;1;Matches
167;Max Kruse\Max-Kruse;de GER;FW;Union Berlin;33-162;1988;1.8;50;69;72.5;1100;314;20;25;80.0;19;25;76.0;11;18;61.1;1;0.6;+0.4;5;6;4;1;7;Matches
168;Lukas Kübler\Lukas-Kubler;de GER;MF;Freiburg;28-363;1992;0.1;1;1;100.0;16;0;0;0;;1;1;100.0;0;0;;0;0.0;0.0;0;0;0;0;0;Matches
169;Fabian Kunze\Fabian-Kunze;de GER;MF;Arminia;23-075;1998;2.0;37;56;66.1;603;171;18;19;94.7;14;22;63.6;3;9;33.3;0;0.1;-0.1;1;6;1;1;6;Matches
170;Maxence Lacroix\Maxence-Lacroix;fr FRA;DF;Wolfsburg;21-144;2000;2.0;137;161;85.1;3274;843;23;26;88.5;83;88;94.3;31;44;70.5;0;0.0;0.0;0;12;0;0;16;Matches
171;Konrad Laimer\Konrad-Laimer;at AUT;MF;RB Leipzig;24-093;1997;0.2;17;19;89.5;323;112;8;10;80.0;6;6;100.0;3;3;100.0;0;0.0;0.0;1;4;0;0;2;Matches
172;Stefan Lainer\Stefan-Lainer;at AUT;DF;M'Gladbach;29-001;1992;1.5;45;62;72.6;873;555;17;21;81.0;19;25;76.0;8;14;57.1;0;0.6;-0.6;1;6;1;0;6;Matches
173;Vassilis Lambropoulos\Vassilis-Lambropoulos;gr GRE;DF;Bochum;31-150;1990;2.0;43;51;84.3;1222;134;5;6;83.3;19;20;95.0;19;24;79.2;0;0.0;0.0;0;0;0;0;0;Matches
174;Bryan Lasme\Bryan-Lasme;fr FRA;FW;Arminia;22-287;1998;1.7;14;22;63.6;218;56;9;14;64.3;3;4;75.0;2;3;66.7;0;0.0;0.0;1;0;2;0;3;Matches
175;Maxim Leitsch\Maxim-Leitsch;de GER;DF;Bochum;23-102;1998;1.0;34;47;72.3;729;213;12;15;80.0;15;17;88.2;7;14;50.0;0;0.0;0.0;0;2;0;0;1;Matches
176;Tim Lemperle\Tim-Lemperle;de GER;FW;Köln;19-204;2002;0.2;5;5;100.0;91;29;2;2;100.0;3;3;100.0;0;0;;0;0.0;0.0;0;2;0;0;2;Matches
177;Christopher Lenz\Christopher-Lenz;de GER;DF;Eint Frankfurt;26-340;1994;1.5;81;108;75.0;1464;589;34;41;82.9;36;46;78.3;10;17;58.8;0;0.0;0.0;0;6;0;0;14;Matches
178;Robert Lewandowski\Robert-Lewandowski;pl POL;FW;Bayern Munich;33-007;1988;2.0;40;56;71.4;694;123;22;32;68.8;11;15;73.3;5;6;83.3;0;0.6;-0.6;4;2;1;0;4;Matches
179;Jamie Leweling\Jamie-Leweling;gh GHA;FW;Greuther Fürth;20-183;2001;0.1;1;4;25.0;8;0;1;2;50.0;0;1;0.0;0;1;0.0;0;0.0;0.0;0;0;0;0;0;Matches
180;Philipp Lienhart\Philipp-Lienhart;at AUT;DF;Freiburg;25-048;1996;2.0;66;83;79.5;1720;598;14;16;87.5;32;37;86.5;19;28;67.9;0;0.0;0.0;0;5;0;0;2;Matches
181;Jesper Lindstrøm\Jesper-Lindstrom;dk DEN;MF;Eint Frankfurt;21-180;2000;1.4;29;42;69.0;443;138;16;20;80.0;9;15;60.0;3;4;75.0;0;0.9;-0.9;7;1;3;2;4;Matches
182;Dejan Ljubicic\Dejan-Ljubicic;at AUT;MF;Köln;23-324;1997;1.7;34;51;66.7;540;141;13;16;81.3;19;23;82.6;1;7;14.3;0;0.1;-0.1;2;2;2;0;6;Matches
183;Anthony Losilla\Anthony-Losilla;fr FRA;MF;Bochum;35-171;1986;2.0;53;62;85.5;1044;264;22;23;95.7;20;21;95.2;10;15;66.7;0;0.0;0.0;1;3;0;0;4;Matches
184;Dodi Lukebakio\Dodi-Lukebakio;be BEL;FW;Hertha BSC;23-338;1997;1.3;15;24;62.5;260;17;8;13;61.5;4;7;57.1;3;3;100.0;0;0.0;0.0;0;0;0;0;0;Matches
185;Andreas Luthe\Andreas-Luthe;de GER;GK;Union Berlin;34-171;1987;2.0;44;66;66.7;1536;1147;7;7;100.0;15;16;93.8;22;43;51.2;0;0.0;0.0;0;3;0;0;0;Matches
186;Arne Maier\Arne-Maier;de GER;MF;Augsburg;22-232;1999;0.4;9;13;69.2;209;58;2;5;40.0;5;5;100.0;2;3;66.7;0;0.0;0.0;0;0;0;0;1;Matches
187;Donyell Malen\Donyell-Malen;nl NED;FW;Dortmund;22-221;1999;2.0;52;67;77.6;708;196;30;37;81.1;14;19;73.7;3;5;60.0;0;0.3;-0.3;4;2;6;3;7;Matches
188;Omar Marmoush\Omar-Marmoush;eg EGY;FW;Wolfsburg;22-202;1999;0.2;5;7;71.4;74;42;3;3;100.0;2;3;66.7;0;0;;0;0.3;-0.3;1;1;0;0;2;Matches
189;Aarón Martín\Aaron-Martin;es ESP;DF;Mainz 05;24-128;1997;2.0;69;96;71.9;1322;621;27;32;84.4;35;38;92.1;7;26;26.9;0;0.4;-0.4;4;7;2;2;6;Matches
190;Erhan Mašović\Erhan-Masovic;rs SRB;MF;Bochum;22-279;1998;0.2;3;8;37.5;44;19;2;5;40.0;1;2;50.0;0;1;0.0;0;0.0;0.0;0;0;0;0;0;Matches
191;Roberto Massimo\Roberto-Massimo;de GER;DFFW;Stuttgart;20-320;2000;2.0;48;62;77.4;775;236;26;30;86.7;14;16;87.5;6;11;54.5;0;0.8;-0.8;5;1;2;1;4;Matches
192;Konstantinos Mavropanos\Konstantinos-Mavropanos;gr GRE;DF;Stuttgart;23-260;1997;1.9;115;132;87.1;2264;833;46;50;92.0;47;52;90.4;19;25;76.0;0;0.0;0.0;0;8;0;0;6;Matches
193;Eric Maxim Choupo-Moting\Eric-Maxim-Choupo-Moting;cm CMR;FWMF;Bayern Munich;32-158;1989;0.3;7;11;63.6;68;11;7;8;87.5;0;1;0.0;0;0;;0;0.0;0.0;0;0;0;0;0;Matches
194;Kevin Mbabu\Kevin-Mbabu;ch SUI;DF;Wolfsburg;26-131;1995;2.0;95;124;76.6;2011;773;25;29;86.2;57;64;89.1;13;26;50.0;0;0.8;-0.8;5;3;7;4;13;Matches
195;Nathan de Medina\Nathan-de-Medina;be BEL;DF;Arminia;23-324;1997;0.4;5;10;50.0;109;73;2;2;100.0;2;4;50.0;1;3;33.3;0;0.0;0.0;0;0;0;0;0;Matches
196;Admir Mehmedi\Admir-Mehmedi;ch SUI;MF;Wolfsburg;30-165;1991;0.0;4;6;66.7;62;20;2;3;66.7;2;2;100.0;0;0;;0;0.0;0.0;0;1;0;0;1;Matches
197;Jorge Meré\Jorge-Mere;es ESP;DF;Köln;24-133;1997;1.0;28;36;77.8;651;243;5;7;71.4;17;20;85.0;6;9;66.7;0;0.0;0.0;0;1;0;0;3;Matches
198;Thomas Meunier\Thomas-Meunier;be BEL;DF;Dortmund;29-350;1991;1.0;61;70;87.1;1054;543;30;33;90.9;26;28;92.9;5;8;62.5;0;0.7;-0.7;2;3;3;2;10;Matches
199;Marco Meyerhöfer\Marco-Meyerhofer;de GER;DF;Greuther Fürth;25-283;1995;2.0;92;109;84.4;1630;585;45;48;93.8;32;37;86.5;13;18;72.2;0;0.1;-0.1;3;5;1;0;9;Matches
200;Enzo Millot\Enzo-Millot;fr FRA;MF;Stuttgart;19-042;2002;0.2;7;10;70.0;85;28;5;6;83.3;2;3;66.7;0;0;;0;0.0;0.0;0;1;1;0;2;Matches
201;Anthony Modeste\Anthony-Modeste;fr FRA;FW;Köln;33-136;1988;1.7;19;33;57.6;462;38;5;8;62.5;8;14;57.1;6;6;100.0;1;0.0;+1.0;0;1;0;0;1;Matches
202;Jan Morávek\Jan-Moravek;cz CZE;MF;Augsburg;31-300;1989;1.2;23;31;74.2;484;115;12;13;92.3;2;5;40.0;7;10;70.0;0;0.0;0.0;0;1;0;0;2;Matches
203;Youssoufa Moukoko\Youssoufa-Moukoko;de GER;FW;Dortmund;16-281;2004;0.3;5;6;83.3;80;9;3;3;100.0;2;3;66.7;0;0;;0;0.0;0.0;0;1;0;0;0;Matches
204;Nordi Mukiele\Nordi-Mukiele;fr FRA;DF;RB Leipzig;23-300;1997;1.1;56;75;74.7;1122;306;23;29;79.3;21;28;75.0;11;15;73.3;0;0.2;-0.2;1;1;3;2;4;Matches
205;Florian Müller\Florian-Muller;de GER;GK;Stuttgart;23-288;1997;2.0;50;57;87.7;1245;618;13;13;100.0;22;23;95.7;14;20;70.0;0;0.0;0.0;0;0;0;0;0;Matches
206;Thomas Müller\Thomas-Muller;de GER;MF;Bayern Munich;31-349;1989;1.9;74;94;78.7;1342;405;33;36;91.7;31;41;75.6;8;12;66.7;0;0.1;-0.1;2;5;5;2;12;Matches
207;Jamal Musiala\Jamal-Musiala;de GER;FW;Bayern Munich;18-183;2003;0.7;25;29;86.2;355;151;17;20;85.0;6;6;100.0;2;3;66.7;1;0.6;+0.4;3;4;2;0;7;Matches
208;Obite N'Dicka\Obite-NDicka;fr FRA;DF;Eint Frankfurt;22-008;1999;2.0;88;103;85.4;1701;568;35;37;94.6;43;50;86.0;10;14;71.4;0;0.0;0.0;0;5;0;0;8;Matches
209;Paul Nebel\Paul-Nebel;de GER;MF;Mainz 05;18-322;2002;1.5;26;43;60.5;371;127;16;22;72.7;4;8;50.0;2;6;33.3;0;0.1;-0.1;2;0;0;0;0;Matches
210;Luca Netz\Luca-Netz;de GER;DF;M'Gladbach;18-105;2003;0.3;14;14;100.0;203;66;8;8;100.0;5;5;100.0;0;0;;0;0.0;0.0;1;0;1;0;2;Matches
211;Manuel Neuer\Manuel-Neuer;de GER;GK;Bayern Munich;35-154;1986;2.0;97;110;88.2;2668;1780;24;24;100.0;41;42;97.6;32;43;74.4;0;0.0;0.0;0;2;0;0;0;Matches
212;Florian Neuhaus\Florian-Neuhaus;de GER;MF;M'Gladbach;24-165;1997;2.0;74;83;89.2;1606;563;24;26;92.3;35;37;94.6;14;17;82.4;0;0.0;0.0;0;6;1;1;10;Matches
213;Moussa Niakhate\Moussa-Niakhate;fr FRA;DF;Mainz 05;25-173;1996;2.0;72;94;76.6;1562;662;21;22;95.5;35;41;85.4;15;29;51.7;0;0.0;0.0;1;7;2;0;6;Matches
214;Florian Niederlechner\Florian-Niederlechner;de GER;FW;Augsburg;30-308;1990;1.2;16;22;72.7;293;38;7;10;70.0;3;4;75.0;4;5;80.0;0;0.2;-0.2;3;1;1;1;1;Matches
215;Håvard Nielsen\Havard-Nielsen;no NOR;MFFW;Greuther Fürth;28-044;1993;1.5;22;31;71.0;363;78;9;11;81.8;11;15;73.3;2;2;100.0;0;0.1;-0.1;2;1;1;0;4;Matches
216;Joakim Nilsson\Joakim-Nilsson;se SWE;DF;Arminia;27-203;1994;1.8;48;65;73.8;1031;194;11;14;78.6;28;32;87.5;8;17;47.1;0;0.0;0.0;0;3;0;0;1;Matches
217;Christopher Nkunku\Christopher-Nkunku;fr FRA;FW;RB Leipzig;23-287;1997;1.6;50;67;74.6;922;248;30;30;100.0;12;16;75.0;7;14;50.0;0;0.5;-0.5;7;0;4;1;7;Matches
218;Lukas Nmecha\Lukas-Nmecha;de GER;MF;Wolfsburg;22-257;1998;0.2;6;10;60.0;154;4;3;6;50.0;1;1;100.0;2;3;66.7;0;0.0;0.0;0;1;0;0;0;Matches
219;Hans Nunoo Sarpei\Hans-Nunoo-Sarpei;gh GHA;MF;Greuther Fürth;23-006;1998;1.1;26;32;81.3;618;84;9;11;81.8;11;12;91.7;6;9;66.7;0;0.0;0.0;0;3;0;0;4;Matches
220;Masaya Okugawa\Masaya-Okugawa;jp JPN;MF;Arminia;25-136;1996;1.7;12;21;57.1;218;36;4;7;57.1;4;8;50.0;2;2;100.0;0;0.0;0.0;0;0;0;0;0;Matches
221;Willi Orban\Willi-Orban;hu HUN;DF;RB Leipzig;28-298;1992;1.8;128;140;91.4;2733;778;26;30;86.7;88;92;95.7;13;17;76.5;0;0.2;-0.2;1;18;0;0;14;Matches
222;Stefan Ortega\Stefan-Ortega;de GER;GK;Arminia;28-295;1992;2.0;81;130;62.3;3638;2499;2;2;100.0;30;30;100.0;49;98;50.0;0;0.2;-0.2;1;9;0;0;0;Matches
223;Reece Oxford\Reece-Oxford;eng ENG;DF;Augsburg;22-255;1998;1.0;13;21;61.9;372;90;3;4;75.0;5;6;83.3;5;10;50.0;0;0.0;0.0;0;0;0;0;0;Matches
224;Salih Özcan\Salih-Ozcan;de GER;MF;Köln;23-229;1998;0.2;7;9;77.8;142;0;3;3;100.0;2;3;66.7;2;2;100.0;0;0.0;0.0;0;0;0;0;0;Matches
225;Levin Öztunalı\Levin-Oztunali;de GER;FWMF;Union Berlin;25-166;1996;0.6;10;15;66.7;163;37;5;6;83.3;3;3;100.0;1;4;25.0;0;0.0;0.0;0;0;0;0;2;Matches
226;Exequiel Palacios\Exequiel-Palacios;ar ARG;MF;Leverkusen;22-327;1998;1.7;95;103;92.2;1614;424;53;53;100.0;27;31;87.1;14;17;82.4;0;0.0;0.0;0;6;0;0;6;Matches
227;Miloš Pantović\Milos-Pantovic;rs SRB;MF;Bochum;25-052;1996;1.3;20;37;54.1;353;113;10;15;66.7;8;14;57.1;2;6;33.3;0;0.0;0.0;1;1;0;0;3;Matches
228;Antonios Papadopoulos\Antonios-Papadopoulos;de GER;DF;Dortmund;21-352;1999;0.1;8;9;88.9;189;52;2;2;100.0;5;5;100.0;1;2;50.0;0;0.0;0.0;0;0;0;0;0;Matches
229;Felix Passlack\Felix-Passlack;de GER;DF;Dortmund;23-091;1998;2.0;141;165;85.5;2342;756;79;83;95.2;44;52;84.6;15;25;60.0;0;0.2;-0.2;1;9;4;0;15;Matches
230;Paulinho\Paulinho;br BRA;FW;Leverkusen;21-044;2000;0.9;19;26;73.1;307;43;8;12;66.7;8;10;80.0;2;2;100.0;0;0.0;0.0;1;0;0;0;0;Matches
231;Mads Pedersen\Mads-Pedersen;dk DEN;MFDF;Augsburg;24-361;1996;0.3;9;12;75.0;166;125;4;5;80.0;2;3;66.7;2;2;100.0;0;0.0;0.0;0;1;1;0;2;Matches
232;Peter Pekarík\Peter-Pekarik;sk SVK;DF;Hertha BSC;34-302;1986;1.6;56;79;70.9;1141;492;22;28;78.6;23;27;85.2;11;21;52.4;0;0.0;0.0;1;0;1;0;4;Matches
233;Jens Petter Hauge\Jens-Petter-Hauge;no NOR;FW;Eint Frankfurt;21-320;1999;1.3;28;47;59.6;419;51;15;22;68.2;10;13;76.9;1;5;20.0;0;0.0;0.0;0;2;0;0;1;Matches
234;Maximilian Philipp\Maximilian-Philipp;de GER;MF;Wolfsburg;27-180;1994;1.7;40;49;81.6;649;165;21;22;95.5;13;16;81.3;5;9;55.6;0;0.2;-0.2;5;4;2;0;2;Matches
235;Amos Pieper\Amos-Pieper;de GER;DF;Arminia;23-223;1998;2.0;68;78;87.2;1601;356;12;13;92.3;40;44;90.9;14;19;73.7;0;0.0;0.0;0;1;0;0;0;Matches
236;Marvin Plattenhardt\Marvin-Plattenhardt;de GER;DF;Hertha BSC;29-214;1992;2.0;69;107;64.5;1336;756;31;34;91.2;27;37;73.0;11;33;33.3;0;0.5;-0.5;6;1;0;0;7;Matches
237;Alassane Pléa\Alassane-Plea;fr FRA;FW;M'Gladbach;28-171;1993;1.4;31;42;73.8;498;146;15;19;78.9;8;10;80.0;5;6;83.3;0;0.2;-0.2;3;5;1;1;4;Matches
238;Joel Pohjanpalo\Joel-Pohjanpalo;fi FIN;FW;Leverkusen;26-349;1994;0.1;1;3;33.3;8;0;1;2;50.0;0;1;0.0;0;0;;0;0.0;0.0;0;0;0;0;0;Matches
239;Sebastian Polter\Sebastian-Polter;de GER;FW;Bochum;30-149;1991;1.0;4;14;28.6;50;9;2;8;25.0;2;3;66.7;0;1;0.0;0;0.0;0.0;0;0;0;0;0;Matches
240;Stefan Posch\Stefan-Posch;at AUT;DF;Hoffenheim;24-106;1997;3.0;137;164;83.5;2926;812;38;42;90.5;75;81;92.6;23;39;59.0;0;0.0;0.0;0;3;0;0;7;Matches
241;Yussuf Poulsen\Yussuf-Poulsen;dk DEN;FW;RB Leipzig;27-074;1994;0.1;3;3;100.0;20;0;2;2;100.0;0;0;;0;0;;0;0.0;0.0;0;0;0;0;0;Matches
242;Manuel Prietl\Manuel-Prietl;at AUT;MF;Arminia;30-025;1991;2.0;29;38;76.3;792;229;2;3;66.7;18;23;78.3;9;11;81.8;0;0.0;0.0;0;5;1;0;4;Matches
243;David Raum\David-Raum;de GER;DF;Hoffenheim;23-128;1998;2.6;133;174;76.4;2102;773;71;80;88.8;52;60;86.7;9;29;31.0;0;0.1;-0.1;1;8;1;1;12;Matches
244;Marco Reus\Marco-Reus;de GER;MFFW;Dortmund;32-089;1989;3.0;111;130;85.4;1757;570;65;70;92.9;35;40;87.5;10;13;76.9;2;0.7;+1.3;6;9;4;1;13;Matches
245;Elvis Rexhbeçaj\Elvis-Rexhbecaj;de GER;MF;Bochum;23-300;1997;1.8;42;61;68.9;850;291;18;23;78.3;21;22;95.5;3;12;25.0;0;0.4;-0.4;3;1;1;0;3;Matches
246;Gio Reyna\Gio-Reyna;us USA;MF;Dortmund;18-288;2002;2.4;117;151;77.5;1750;440;66;78;84.6;35;41;85.4;9;17;52.9;0;1.2;-1.2;9;5;4;1;7;Matches
247;Chris Richards\Chris-Richards;us USA;DF;Bayern Munich;21-153;2000;0.0;2;2;100.0;40;13;0;0;;2;2;100.0;0;0;;0;0.0;0.0;0;0;0;0;0;Matches
248;Marco Richter\Marco-Richter;de GER;FW;Hertha BSC;23-277;1997;0.5;11;14;78.6;127;47;8;9;88.9;2;2;100.0;0;1;0.0;0;0.0;0.0;0;1;0;0;1;Matches
249;Manuel Riemann\Manuel-Riemann;de GER;GK;Bochum;32-353;1988;2.0;66;108;61.1;3037;2045;5;5;100.0;9;12;75.0;52;91;57.1;0;0.1;-0.1;1;6;1;0;0;Matches
250;Romario Rösch\Romario-Rosch;de GER;MF;Mainz 05;22-058;1999;0.0;0;0;;0;0;0;0;;0;0;;0;0;;0;0.0;0.0;0;0;0;0;0;Matches
251;Jérôme Roussillon\Jerome-Roussillon;fr FRA;DF;Wolfsburg;28-234;1993;1.9;82;102;80.4;1511;462;38;46;82.6;35;39;89.7;9;13;69.2;0;0.1;-0.1;1;9;1;1;9;Matches
252;Sebastian Rudy\Sebastian-Rudy;de GER;MF;Hoffenheim;31-181;1990;2.9;103;136;75.7;1842;495;47;54;87.0;41;49;83.7;12;25;48.0;0;0.2;-0.2;2;8;0;0;9;Matches
253;Georginio Rutter\Georginio-Rutter;fr FRA;FWMF;Hoffenheim;19-130;2002;1.0;14;24;58.3;144;24;8;12;66.7;4;7;57.1;0;1;0.0;1;0.9;+0.1;1;1;0;0;0;Matches
254;Julian Ryerson\Julian-Ryerson;no NOR;DF;Union Berlin;23-284;1997;1.1;25;37;67.6;450;157;11;12;91.7;12;17;70.6;2;6;33.3;0;0.1;-0.1;1;1;1;1;2;Matches
255;Marcel Sabitzer\Marcel-Sabitzer;at AUT;MFFW;RB Leipzig;27-164;1994;0.5;42;49;85.7;885;237;20;22;90.9;14;15;93.3;8;12;66.7;0;0.0;0.0;0;7;1;0;4;Matches
256;Roland Sallai\Roland-Sallai;hu HUN;MF;Freiburg;24-098;1997;1.0;16;23;69.6;312;119;5;7;71.4;8;9;88.9;3;5;60.0;0;0.1;-0.1;1;0;1;1;3;Matches
257;Diadie Samassékou\Diadie-Samassekou;ml MLI;MF;Hoffenheim;25-229;1996;0.3;14;18;77.8;241;74;7;7;100.0;6;7;85.7;1;1;100.0;0;0.0;0.0;0;0;0;0;1;Matches
258;Leroy Sané\Leroy-Sane;de GER;FW;Bayern Munich;25-229;1996;1.3;35;52;67.3;571;196;13;21;61.9;14;17;82.4;5;8;62.5;0;0.1;-0.1;2;0;3;1;7;Matches
259;Mohamed Sankoh\Mohamed-Sankoh;nl NED;FW;Stuttgart;17-316;2003;0.0;0;0;;0;0;0;0;;0;0;;0;0;;0;0.0;0.0;0;0;0;0;0;Matches
260;Baptiste Santamaria\Baptiste-Santamaria;fr FRA;MF;Freiburg;26-172;1995;0.2;2;4;50.0;29;0;1;1;100.0;1;2;50.0;0;0;;0;0.0;0.0;0;0;0;0;0;Matches
261;Bouna Sarr\Bouna-Sarr;gn GUI;DF;Bayern Munich;29-209;1992;0.1;5;7;71.4;71;6;4;5;80.0;1;1;100.0;0;1;0.0;0;0.0;0.0;0;0;0;0;0;Matches
262;Joseph Scally\Joseph-Scally;us USA;DF;M'Gladbach;18-240;2002;2.0;82;99;82.8;1433;514;42;45;93.3;33;38;86.8;7;16;43.8;0;0.1;-0.1;1;5;3;1;7;Matches
263;Kevin Schade\Kevin-Schade;de GER;FWMF;Freiburg;19-274;2001;0.2;3;5;60.0;26;20;1;2;50.0;1;1;100.0;0;1;0.0;0;0.0;0.0;0;0;1;0;1;Matches
264;Louis Schaub\Louis-Schaub;at AUT;MF;Köln;26-242;1994;0.3;15;21;71.4;204;46;10;14;71.4;5;7;71.4;0;0;;0;0.0;0.0;0;0;2;0;2;Matches
265;Patrik Schick\Patrik-Schick;cz CZE;FW;Leverkusen;25-216;1996;1.9;21;24;87.5;351;61;10;11;90.9;8;10;80.0;2;2;100.0;0;0.1;-0.1;1;3;2;0;2;Matches
266;Xaver Schlager\Xaver-Schlager;at AUT;MF;Wolfsburg;23-334;1997;1.9;85;100;85.0;1530;312;40;43;93.0;34;38;89.5;10;15;66.7;1;0.1;+0.9;1;10;3;1;8;Matches
267;Nico Schlotterbeck\Nico-Schlotterbeck;de GER;DF;Freiburg;21-270;1999;2.0;51;69;73.9;1061;404;16;22;72.7;28;30;93.3;6;15;40.0;0;0.1;-0.1;1;3;1;0;0;Matches
268;Jonathan Schmid\Jonathan-Schmid;fr FRA;DF;Freiburg;31-063;1990;2.0;46;62;74.2;986;574;16;20;80.0;16;21;76.2;11;17;64.7;0;0.0;0.0;1;3;0;0;4;Matches
269;Benno Schmitz\Benno-Schmitz;de GER;DF;Köln;26-284;1994;0.9;36;49;73.5;716;425;12;12;100.0;19;24;79.2;5;12;41.7;1;0.3;+0.7;3;4;2;2;6;Matches
270;Alessandro Schöpf\Alessandro-Schopf;at AUT;MF;Arminia;27-202;1994;1.7;32;47;68.1;526;132;15;19;78.9;13;17;76.5;2;9;22.2;0;0.1;-0.1;3;3;0;0;2;Matches
271;Nico Schulz\Nico-Schulz;de GER;DF;Dortmund;28-149;1993;1.4;77;95;81.1;1361;389;29;33;87.9;39;46;84.8;7;11;63.6;0;0.0;0.0;0;0;1;0;7;Matches
272;Alexander Schwolow\Alexander-Schwolow;de GER;GK;Hertha BSC;29-087;1992;2.0;38;59;64.4;1147;539;3;3;100.0;18;18;100.0;17;38;44.7;0;0.0;0.0;0;0;0;0;0;Matches
273;Paul Seguin\Paul-Seguin;de GER;MF;Greuther Fürth;26-152;1995;2.0;106;128;82.8;2032;524;39;41;95.1;52;60;86.7;12;22;54.5;0;0.2;-0.2;2;10;2;0;13;Matches
274;Davie Selke\Davie-Selke;de GER;FW;Hertha BSC;26-220;1995;0.9;7;11;63.6;97;29;5;8;62.5;1;1;100.0;1;2;50.0;0;0.0;0.0;0;1;0;0;1;Matches
275;Suat Serdar\Suat-Serdar;de GER;FWMF;Hertha BSC;24-139;1997;1.9;28;44;63.6;543;125;13;18;72.2;11;15;73.3;3;8;37.5;0;0.1;-0.1;1;1;0;0;1;Matches
276;Janni Serra\Janni-Serra;de GER;FW;Arminia;23-168;1998;0.2;6;7;85.7;67;1;6;6;100.0;0;1;0.0;0;0;;0;0.0;0.0;0;0;0;0;0;Matches
277;Nils Seufert\Nils-Seufert;de GER;MF;Greuther Fürth;24-206;1997;0.6;16;18;88.9;249;57;10;10;100.0;5;6;83.3;1;2;50.0;0;0.0;0.0;0;1;0;0;1;Matches
278;André Silva\Andre-Silva;pt POR;FW;RB Leipzig;25-295;1995;1.8;22;28;78.6;276;36;15;17;88.2;6;7;85.7;0;2;0.0;1;0.2;+0.8;1;0;1;0;1;Matches
279;Mohamed Simakan\Mohamed-Simakan;fr FRA;DF;RB Leipzig;21-117;2000;2.0;137;152;90.1;2824;779;37;44;84.1;78;81;96.3;21;25;84.0;0;0.0;0.0;0;18;0;0;8;Matches
280;Ellyes Skhiri\Ellyes-Skhiri;tn TUN;MF;Köln;26-110;1995;2.0;88;99;88.9;1743;337;33;38;86.8;39;40;97.5;15;16;93.8;0;0.0;0.0;0;6;1;0;5;Matches
281;Danilo Soares\Danilo-Soares;br BRA;DF;Bochum;29-303;1991;2.0;89;124;71.8;1640;593;40;47;85.1;37;50;74.0;12;24;50.0;0;0.1;-0.1;1;4;2;0;4;Matches
282;Yann Sommer\Yann-Sommer;ch SUI;GK;M'Gladbach;32-254;1988;2.0;42;64;65.6;1389;852;6;6;100.0;18;19;94.7;18;39;46.2;0;0.0;0.0;0;1;0;0;0;Matches
283;Borna Sosa\Borna-Sosa;hr CRO;DF;Stuttgart;23-219;1998;2.0;88;117;75.2;1464;507;49;57;86.0;28;35;80.0;11;19;57.9;3;0.9;+2.1;8;3;10;7;8;Matches
284;Djibril Sow\Djibril-Sow;ch SUI;MF;Eint Frankfurt;24-203;1997;2.0;85;97;87.6;1805;471;31;36;86.1;37;40;92.5;16;16;100.0;0;0.1;-0.1;2;11;2;0;13;Matches
285;Jerry St. Juste\Jerry-St-Juste;nl NED;DF;Mainz 05;24-313;1996;0.5;31;42;73.8;594;207;12;16;75.0;14;16;87.5;4;8;50.0;0;0.0;0.0;0;3;0;0;2;Matches
286;Kostas Stafylidis\Kostas-Stafylidis;gr GRE;MF;Bochum;27-269;1993;0.2;2;4;50.0;26;0;1;2;50.0;1;1;100.0;0;1;0.0;0;0.0;0.0;0;0;0;0;0;Matches
287;Josip Stanišić\Josip-Stanisic;de GER;DF;Bayern Munich;21-148;2000;1.4;88;110;80.0;1540;456;36;39;92.3;42;49;85.7;9;18;50.0;0;0.0;0.0;1;3;1;1;5;Matches
288;Niklas Stark\Niklas-Stark;de GER;DF;Hertha BSC;26-136;1995;2.0;61;71;85.9;1309;393;17;17;100.0;35;39;89.7;9;15;60.0;0;0.0;0.0;0;1;0;0;5;Matches
289;Renato Steffen\Renato-Steffen;ch SUI;FWMF;Wolfsburg;29-298;1991;1.5;58;70;82.9;1061;211;31;33;93.9;18;23;78.3;9;11;81.8;0;0.5;-0.5;3;2;1;0;7;Matches
290;Pascal Stenzel\Pascal-Stenzel;de GER;DF;Stuttgart;25-161;1996;0.1;3;5;60.0;100;67;1;1;100.0;1;3;33.3;1;1;100.0;0;0.0;0.0;0;0;0;0;0;Matches
291;Angelo Stiller\Angelo-Stiller;de GER;MF;Hoffenheim;20-146;2001;2.5;96;120;80.0;1790;478;36;42;85.7;48;55;87.3;12;21;57.1;1;0.2;+0.8;2;6;1;0;11;Matches
292;Lars Stindl\Lars-Stindl;de GER;MFFW;M'Gladbach;33-002;1988;2.0;68;84;81.0;947;177;41;47;87.2;18;23;78.3;4;8;50.0;1;0.4;+0.6;2;2;3;0;8;Matches
293;Kevin Stöger\Kevin-Stoger;at AUT;MF;Mainz 05;28-001;1993;0.3;13;20;65.0;220;99;7;10;70.0;5;7;71.4;1;3;33.3;0;0.0;0.0;1;2;1;0;3;Matches
294;Niklas Süle\Niklas-Sule;de GER;DF;Bayern Munich;25-359;1995;2.0;134;146;91.8;2820;847;39;42;92.9;76;79;96.2;18;22;81.8;0;0.2;-0.2;1;7;0;0;8;Matches
295;Ádám Szalai\Adam-Szalai;hu HUN;FW;Mainz 05;33-262;1987;0.3;1;5;20.0;21;0;0;1;0.0;1;3;33.3;0;0;;0;0.0;0.0;0;0;0;0;0;Matches
296;Dominik Szoboszlai\Dominik-Szoboszlai;hu HUN;FWDF;RB Leipzig;20-307;2000;1.1;54;69;78.3;1084;329;21;25;84.0;18;22;81.8;12;18;66.7;0;0.6;-0.6;5;2;6;3;5;Matches
297;Jonathan Tah\Jonathan-Tah;de GER;DF;Leverkusen;25-198;1996;2.0;124;137;90.5;2748;668;26;28;92.9;70;75;93.3;27;32;84.4;0;0.0;0.0;1;4;0;0;3;Matches
298;Niklas Tauer\Niklas-Tauer;de GER;MF;Mainz 05;20-192;2001;1.4;26;39;66.7;527;118;8;11;72.7;13;16;81.3;5;10;50.0;0;0.0;0.0;0;1;0;0;4;Matches
299;Robert Tesche\Robert-Tesche;de GER;MF;Bochum;34-093;1987;0.0;1;1;100.0;11;0;1;1;100.0;0;0;;0;0;;0;0.0;0.0;0;0;0;0;0;Matches
300;Cedric Teuchert\Cedric-Teuchert;de GER;FWMF;Union Berlin;24-226;1997;0.3;3;3;100.0;45;15;1;1;100.0;2;2;100.0;0;0;;0;0.0;0.0;1;0;0;0;0;Matches
301;Jan Thielmann\Jan-Thielmann;de GER;MF;Köln;19-094;2002;2.0;53;79;67.1;1027;399;19;24;79.2;21;27;77.8;10;15;66.7;1;0.4;+0.6;4;3;4;3;10;Matches
302;Erik Thommy\Erik-Thommy;de GER;DFMF;Stuttgart;27-008;1994;0.4;22;23;95.7;355;46;11;12;91.7;9;9;100.0;1;1;100.0;0;0.1;-0.1;2;1;0;0;1;Matches
303;Marcus Thuram\Marcus-Thuram;fr FRA;FW;M'Gladbach;24-022;1997;0.5;7;8;87.5;112;25;3;3;100.0;4;4;100.0;0;0;;0;0.0;0.0;0;0;1;0;2;Matches
304;Steffen Tigges\Steffen-Tigges;de GER;MF;Dortmund;23-028;1998;0.0;0;2;0.0;0;0;0;1;0.0;0;1;0.0;0;0;;0;0.0;0.0;0;0;0;0;0;Matches
305;Corentin Tolisso\Corentin-Tolisso;fr FRA;MF;Bayern Munich;27-025;1994;0.3;9;9;100.0;127;21;3;3;100.0;5;5;100.0;0;0;;0;0.0;0.0;0;1;0;0;0;Matches
306;Jordan Torunarigha\Jordan-Torunarigha;de GER;DF;Hertha BSC;24-021;1997;0.1;1;2;50.0;19;2;0;0;;1;2;50.0;0;0;;0;0.0;0.0;0;0;0;0;0;Matches
307;Lucas Tousart\Lucas-Tousart;fr FRA;MFFW;Hertha BSC;24-121;1997;1.1;19;23;82.6;325;116;6;7;85.7;12;13;92.3;1;3;33.3;0;0.0;0.0;0;2;0;0;1;Matches
308;Kevin Trapp\Kevin-Trapp;de GER;GK;Eint Frankfurt;31-051;1990;2.0;62;83;74.7;1927;1338;14;14;100.0;21;22;95.5;27;47;57.4;0;0.0;0.0;0;0;0;0;0;Matches
309;Christopher Trimmel\Christopher-Trimmel;at AUT;DF;Union Berlin;34-185;1987;1.1;30;39;76.9;550;232;16;18;88.9;8;11;72.7;6;8;75.0;0;0.0;0.0;0;0;1;1;2;Matches
310;Dayot Upamecano\Dayot-Upamecano;fr FRA;DF;Bayern Munich;22-305;1998;2.0;124;141;87.9;2867;853;21;24;87.5;79;81;97.5;22;33;66.7;0;0.0;0.0;0;8;0;0;11;Matches
311;Mark Uth\Mark-Uth;de GER;FW;Köln;30-004;1991;1.5;18;31;58.1;447;162;5;10;50.0;6;10;60.0;7;10;70.0;0;0.5;-0.5;5;3;0;0;3;Matches
312;Ruben Vargas\Ruben-Vargas;ch SUI;FW;Augsburg;23-023;1998;1.9;37;54;68.5;865;146;15;19;78.9;12;19;63.2;9;13;69.2;0;0.1;-0.1;1;3;3;0;5;Matches
313;Andreas Voglsammer\Andreas-Voglsammer;de GER;FW;Union Berlin;29-231;1992;0.6;9;17;52.9;199;68;3;8;37.5;3;4;75.0;3;4;75.0;0;0.0;0.0;1;3;0;0;2;Matches
314;Kevin Vogt\Kevin-Vogt;de GER;DF;Hoffenheim;29-339;1991;3.0;192;213;90.1;4452;1331;39;40;97.5;116;120;96.7;35;50;70.0;0;0.0;0.0;0;7;0;0;11;Matches
315;Wout Weghorst\Wout-Weghorst;nl NED;FW;Wolfsburg;29-021;1992;2.0;26;41;63.4;400;85;17;21;81.0;6;12;50.0;2;3;66.7;0;0.4;-0.4;2;2;1;0;1;Matches
316;Silvan Widmer\Silvan-Widmer;ch SUI;DF;Mainz 05;28-176;1993;2.0;44;77;57.1;688;247;26;31;83.9;16;25;64.0;1;18;5.6;0;0.1;-0.1;1;2;1;0;4;Matches
317;Florian Wirtz\Florian-Wirtz;de GER;MF;Leverkusen;18-117;2003;0.1;1;3;33.3;14;0;1;1;100.0;0;1;0.0;0;1;0.0;1;0.1;+0.9;1;0;0;0;0;Matches
318;Axel Witsel\Axel-Witsel;be BEL;DF;Dortmund;32-228;1989;2.7;220;230;95.7;4795;1275;49;52;94.2;138;141;97.9;32;34;94.1;0;0.0;0.0;0;21;1;1;12;Matches
319;Hannes Wolf\Hannes-Wolf;at AUT;FWMF;M'Gladbach;22-134;1999;1.6;23;37;62.2;263;78;19;24;79.2;4;8;50.0;0;3;0.0;0;0.0;0.0;0;0;1;1;0;Matches
320;Marius Wolf\Marius-Wolf;de GER;MF;Dortmund;26-093;1995;0.2;6;10;60.0;83;41;4;6;66.7;2;2;100.0;0;1;0.0;0;0.1;-0.1;1;0;1;0;1;Matches
321;Jeong Woo-yeong\Jeong-Woo-yeong;kr KOR;FWMF;Freiburg;21-342;1999;1.5;28;40;70.0;373;91;18;19;94.7;7;12;58.3;1;5;20.0;0;0.0;0.0;0;2;0;0;1;Matches
322;Deyovaisio Zeefuik\Deyovaisio-Zeefuik;nl NED;MF;Hertha BSC;23-170;1998;0.4;9;10;90.0;144;94;5;5;100.0;3;3;100.0;1;2;50.0;0;0.0;0.0;0;1;1;0;3;Matches
323;Robin Zentner\Robin-Zentner;de GER;GK;Mainz 05;26-304;1994;2.0;36;57;63.2;962;570;5;6;83.3;20;20;100.0;10;30;33.3;0;0.0;0.0;0;2;0;0;0;Matches
324;Simon Zoller\Simon-Zoller;de GER;FW;Bochum;30-063;1991;2.0;41;51;80.4;722;80;16;17;94.1;20;26;76.9;4;6;66.7;2;0.4;+1.6;3;3;1;1;2;Matches